<?xml version="1.0" encoding="UTF-8"?>
<osm version="0.6" generator="openstreetmap-cgimap 2.1.0 (1334 spike-07.openstreetmap.org)" copyright="OpenStreetMap and contributors" attribution="http://www.openstreetmap.org/copyright" license="http://opendatacommons.org/licenses/odbl/1-0/">
 <bounds minlat="41.1065740" minlon="16.8840120" maxlat="41.1084150" maxlon="16.8875210"/>
 <node id="278627987" visible="true" version="19" changeset="34524511" timestamp="2015-10-09T08:17:47Z" user="mad_map" uid="693626" lat="41.1146873" lon="16.8802228"/>
 <node id="278896113" visible="true" version="36" changeset="163901923" timestamp="2025-03-21T11:44:24Z" user="cartop" uid="4467890" lat="41.1126873" lon="16.8818255"/>
 <node id="278896788" visible="true" version="20" changeset="163901923" timestamp="2025-03-21T11:44:24Z" user="cartop" uid="4467890" lat="41.1139929" lon="16.8807763"/>
 <node id="278896789" visible="true" version="27" changeset="163901923" timestamp="2025-03-21T11:44:24Z" user="cartop" uid="4467890" lat="41.1098085" lon="16.8840827"/>
 <node id="278896790" visible="true" version="26" changeset="163901923" timestamp="2025-03-21T11:44:24Z" user="cartop" uid="4467890" lat="41.1094818" lon="16.8843175"/>
 <node id="278896791" visible="true" version="26" changeset="163901923" timestamp="2025-03-21T11:44:24Z" user="cartop" uid="4467890" lat="41.1092766" lon="16.8844328"/>
 <node id="279246413" visible="true" version="12" changeset="21436820" timestamp="2014-04-01T10:43:14Z" user="mad_map" uid="693626" lat="41.1065767" lon="16.8830273"/>
 <node id="279249170" visible="true" version="27" changeset="163901923" timestamp="2025-03-21T11:44:24Z" user="cartop" uid="4467890" lat="41.1088937" lon="16.8846149"/>
 <node id="279255893" visible="true" version="4" changeset="137562625" timestamp="2023-06-20T12:38:55Z" user="Valantin" uid="622492" lat="41.1076342" lon="16.8841752"/>
 <node id="279255922" visible="true" version="2" changeset="137562625" timestamp="2023-06-20T12:38:55Z" user="Valantin" uid="622492" lat="41.1078048" lon="16.8843190"/>
 <node id="279255925" visible="true" version="4" changeset="137562625" timestamp="2023-06-20T12:38:55Z" user="Valantin" uid="622492" lat="41.1077671" lon="16.8841895"/>
 <node id="279255939" visible="true" version="3" changeset="137562625" timestamp="2023-06-20T12:38:55Z" user="Valantin" uid="622492" lat="41.1080235" lon="16.8842141"/>
 <node id="279378315" visible="true" version="10" changeset="145881917" timestamp="2024-01-04T13:44:32Z" user="Alexis04132" uid="20509407" lat="41.1059895" lon="16.8815423"/>
 <node id="279385129" visible="true" version="12" changeset="172521040" timestamp="2025-09-27T11:11:06Z" user="Alexis04132" uid="20509407" lat="41.1058635" lon="16.8817279">
  <tag k="highway" v="traffic_signals"/>
  <tag k="traffic_signals" v="signal"/>
  <tag k="traffic_signals:direction" v="forward"/>
 </node>
 <node id="279385136" visible="true" version="19" changeset="133392700" timestamp="2023-03-07T08:22:10Z" user="_mrp_" uid="218322" lat="41.1098986" lon="16.8901671">
  <tag k="crossing" v="uncontrolled"/>
  <tag k="crossing:markings" v="yes"/>
  <tag k="crossing_ref" v="zebra"/>
  <tag k="highway" v="crossing"/>
 </node>
 <node id="279389769" visible="true" version="5" changeset="163901923" timestamp="2025-03-21T11:44:24Z" user="cartop" uid="4467890" lat="41.1111288" lon="16.8830490"/>
 <node id="279391250" visible="true" version="28" changeset="35724364" timestamp="2015-12-03T11:22:26Z" user="corfede" uid="1960233" lat="41.1122059" lon="16.8821962"/>
 <node id="279392230" visible="true" version="8" changeset="172521040" timestamp="2025-09-27T11:11:06Z" user="Alexis04132" uid="20509407" lat="41.1057842" lon="16.8814988"/>
 <node id="279392234" visible="true" version="11" changeset="39303999" timestamp="2016-05-14T03:24:25Z" user="mcheckimport" uid="893327" lat="41.1093761" lon="16.8894626"/>
 <node id="279395505" visible="true" version="9" changeset="27360350" timestamp="2014-12-09T16:34:03Z" user="mad_map" uid="693626" lat="41.1064937" lon="16.8831732"/>
 <node id="279395531" visible="true" version="21" changeset="35724364" timestamp="2015-12-03T11:22:26Z" user="corfede" uid="1960233" lat="41.1057036" lon="16.8861522"/>
 <node id="279395567" visible="true" version="24" changeset="20008784" timestamp="2014-01-15T08:14:40Z" user="mcheckimport" uid="893327" lat="41.1038847" lon="16.8870203"/>
 <node id="279395652" visible="true" version="27" changeset="173182890" timestamp="2025-10-12T14:03:21Z" user="Alexis04132" uid="20509407" lat="41.1076304" lon="16.8853888">
  <tag k="highway" v="traffic_signals"/>
  <tag k="traffic_signals" v="signal"/>
  <tag k="traffic_signals:direction" v="forward"/>
 </node>
 <node id="279396216" visible="true" version="12" changeset="173182890" timestamp="2025-10-12T14:03:21Z" user="Alexis04132" uid="20509407" lat="41.1094240" lon="16.8893992"/>
 <node id="279396405" visible="true" version="14" changeset="133392700" timestamp="2023-03-07T08:22:10Z" user="_mrp_" uid="218322" lat="41.1099404" lon="16.8901090">
  <tag k="crossing" v="uncontrolled"/>
  <tag k="crossing:markings" v="yes"/>
  <tag k="crossing_ref" v="zebra"/>
  <tag k="highway" v="crossing"/>
 </node>
 <node id="310540239" visible="true" version="27" changeset="163901923" timestamp="2025-03-21T11:44:24Z" user="cartop" uid="4467890" lat="41.1115522" lon="16.8827163"/>
 <node id="330655162" visible="true" version="24" changeset="173182890" timestamp="2025-10-12T14:03:21Z" user="Alexis04132" uid="20509407" lat="41.1075600" lon="16.8854436">
  <tag k="highway" v="traffic_signals"/>
  <tag k="traffic_signals" v="signal"/>
  <tag k="traffic_signals:direction" v="forward"/>
 </node>
 <node id="338804349" visible="true" version="16" changeset="173182890" timestamp="2025-10-12T14:03:21Z" user="Alexis04132" uid="20509407" lat="41.1072511" lon="16.8854219">
  <tag k="highway" v="traffic_signals"/>
  <tag k="traffic_signals" v="signal"/>
  <tag k="traffic_signals:direction" v="backward"/>
 </node>
 <node id="339001142" visible="true" version="11" changeset="166323497" timestamp="2025-05-15T20:49:49Z" user="Alexis04132" uid="20509407" lat="41.1054255" lon="16.8862937"/>
 <node id="339001952" visible="true" version="10" changeset="21436820" timestamp="2014-04-01T10:43:14Z" user="mad_map" uid="693626" lat="41.1074622" lon="16.8851827"/>
 <node id="339001978" visible="true" version="6" changeset="173182890" timestamp="2025-10-12T14:03:21Z" user="Alexis04132" uid="20509407" lat="41.1073301" lon="16.8851742">
  <tag k="highway" v="traffic_signals"/>
  <tag k="traffic_signals" v="signal"/>
  <tag k="traffic_signals:direction" v="forward"/>
 </node>
 <node id="339003745" visible="true" version="5" changeset="172497150" timestamp="2025-09-26T17:43:30Z" user="Alexis04132" uid="20509407" lat="41.1087337" lon="16.8848256"/>
 <node id="339003746" visible="true" version="5" changeset="172497150" timestamp="2025-09-26T17:43:30Z" user="Alexis04132" uid="20509407" lat="41.1098114" lon="16.8873583"/>
 <node id="339003750" visible="true" version="6" changeset="172496640" timestamp="2025-09-26T17:28:04Z" user="Alexis04132" uid="20509407" lat="41.1089596" lon="16.8881701"/>
 <node id="339003751" visible="true" version="5" changeset="39303999" timestamp="2016-05-14T03:24:34Z" user="mcheckimport" uid="893327" lat="41.1076460" lon="16.8853151"/>
 <node id="339004052" visible="true" version="6" changeset="172495309" timestamp="2025-09-26T16:54:40Z" user="Alexis04132" uid="20509407" lat="41.1073128" lon="16.8855124"/>
 <node id="339004053" visible="true" version="6" changeset="172494678" timestamp="2025-09-26T16:40:33Z" user="Alexis04132" uid="20509407" lat="41.1071777" lon="16.8874132"/>
 <node id="353327360" visible="true" version="3" changeset="137562625" timestamp="2023-06-20T12:38:55Z" user="Valantin" uid="622492" lat="41.1078144" lon="16.8834488"/>
 <node id="353327377" visible="true" version="3" changeset="137562625" timestamp="2023-06-20T12:38:55Z" user="Valantin" uid="622492" lat="41.1075965" lon="16.8836074"/>
 <node id="353327389" visible="true" version="4" changeset="137562625" timestamp="2023-06-20T12:38:55Z" user="Valantin" uid="622492" lat="41.1075017" lon="16.8836914"/>
 <node id="616823670" visible="true" version="3" changeset="21436820" timestamp="2014-04-01T10:43:14Z" user="mad_map" uid="693626" lat="41.1062993" lon="16.8823554"/>
 <node id="847058293" visible="true" version="6" changeset="172495309" timestamp="2025-09-26T16:54:40Z" user="Alexis04132" uid="20509407" lat="41.1074704" lon="16.8858572">
  <tag k="addr:city" v="Bari"/>
  <tag k="addr:postcode" v="70125"/>
  <tag k="addr:street" v="Via Stoppelli"/>
  <tag k="brand" v="Ferrari"/>
  <tag k="brand:wikidata" v="Q27586"/>
  <tag k="name" v="Ferrari"/>
  <tag k="operator" v="Radicci"/>
  <tag k="shop" v="car"/>
 </node>
 <node id="847058295" visible="true" version="4" changeset="132854667" timestamp="2023-02-21T21:36:45Z" user="DnaX" uid="69259" lat="41.1075213" lon="16.8860803">
  <tag k="addr:postcode" v="70125"/>
  <tag k="brand" v="Maserati"/>
  <tag k="brand:wikidata" v="Q35962"/>
  <tag k="name" v="Maserati"/>
  <tag k="shop" v="car"/>
 </node>
 <node id="847058296" visible="true" version="4" changeset="132854667" timestamp="2023-02-21T21:36:45Z" user="DnaX" uid="69259" lat="41.1077826" lon="16.8854415">
  <tag k="addr:postcode" v="70125"/>
  <tag k="brand" v="Jaguar"/>
  <tag k="brand:wikidata" v="Q21170490"/>
  <tag k="name" v="Jaguar"/>
  <tag k="shop" v="car"/>
 </node>
 <node id="847058298" visible="true" version="4" changeset="132854667" timestamp="2023-02-21T21:36:45Z" user="DnaX" uid="69259" lat="41.1072309" lon="16.8857312">
  <tag k="addr:postcode" v="70125"/>
  <tag k="brand" v="Land Rover"/>
  <tag k="brand:wikidata" v="Q26777551"/>
  <tag k="name" v="Land Rover"/>
  <tag k="shop" v="car"/>
 </node>
 <node id="917028384" visible="true" version="4" changeset="20008784" timestamp="2014-01-15T08:14:54Z" user="mcheckimport" uid="893327" lat="41.1037769" lon="16.8870757"/>
 <node id="1168896093" visible="true" version="5" changeset="177805949" timestamp="2026-01-28T13:31:57Z" user="cartop" uid="4467890" lat="41.1103500" lon="16.8836611"/>
 <node id="1168913244" visible="true" version="3" changeset="35724364" timestamp="2015-12-03T11:22:26Z" user="corfede" uid="1960233" lat="41.1137988" lon="16.8809267"/>
 <node id="1364984750" visible="true" version="5" changeset="145129201" timestamp="2023-12-14T22:00:28Z" user="Alexis04132" uid="20509407" lat="41.1080903" lon="16.8863022">
  <tag k="addr:city" v="Bari"/>
  <tag k="addr:housenumber" v="18"/>
  <tag k="addr:postcode" v="70126"/>
  <tag k="addr:street" v="Strada Stoppelli"/>
  <tag k="amenity" v="theatre"/>
  <tag k="name" v="Teatro Bravò"/>
  <tag k="old_name" v="Salottino"/>
 </node>
 <node id="1472139199" visible="true" version="3" changeset="177805949" timestamp="2026-01-28T13:31:57Z" user="cartop" uid="4467890" lat="41.1107448" lon="16.8833432"/>
 <node id="1472193006" visible="true" version="1" changeset="9593275" timestamp="2011-10-18T17:50:11Z" user="_mrp_" uid="218322" lat="41.1087411" lon="16.8878154"/>
 <node id="1472193011" visible="true" version="2" changeset="39303999" timestamp="2016-05-14T03:23:54Z" user="mcheckimport" uid="893327" lat="41.1083211" lon="16.8869165"/>
 <node id="1472193061" visible="true" version="1" changeset="9593275" timestamp="2011-10-18T17:50:13Z" user="_mrp_" uid="218322" lat="41.1065373" lon="16.8850609"/>
 <node id="1472193092" visible="true" version="1" changeset="9593275" timestamp="2011-10-18T17:50:14Z" user="_mrp_" uid="218322" lat="41.1087926" lon="16.8865486"/>
 <node id="1472193130" visible="true" version="3" changeset="20008784" timestamp="2014-01-15T08:14:33Z" user="mcheckimport" uid="893327" lat="41.1066583" lon="16.8857003"/>
 <node id="1472193136" visible="true" version="1" changeset="9593275" timestamp="2011-10-18T17:50:15Z" user="_mrp_" uid="218322" lat="41.1087935" lon="16.8864918"/>
 <node id="1472193216" visible="true" version="2" changeset="11865440" timestamp="2012-06-11T15:29:00Z" user="_mrp_" uid="218322" lat="41.1048381" lon="16.8865521"/>
 <node id="1472193217" visible="true" version="2" changeset="20008784" timestamp="2014-01-15T08:14:33Z" user="mcheckimport" uid="893327" lat="41.1066223" lon="16.8855785"/>
 <node id="1472193234" visible="true" version="2" changeset="132854667" timestamp="2023-02-21T21:36:45Z" user="DnaX" uid="69259" lat="41.1079155" lon="16.8857332">
  <tag k="addr:postcode" v="70125"/>
  <tag k="brand" v="Subaru"/>
  <tag k="brand:wikidata" v="Q172741"/>
  <tag k="name" v="Subaru"/>
  <tag k="shop" v="car"/>
 </node>
 <node id="1472193239" visible="true" version="1" changeset="9593275" timestamp="2011-10-18T17:50:18Z" user="_mrp_" uid="218322" lat="41.1085604" lon="16.8879673"/>
 <node id="1472226104" visible="true" version="3" changeset="166322852" timestamp="2025-05-15T20:27:16Z" user="Alexis04132" uid="20509407" lat="41.1067745" lon="16.8838480"/>
 <node id="1472226106" visible="true" version="3" changeset="39303999" timestamp="2016-05-14T03:23:54Z" user="mcheckimport" uid="893327" lat="41.1068470" lon="16.8836637"/>
 <node id="1472226110" visible="true" version="3" changeset="39303999" timestamp="2016-05-14T03:23:55Z" user="mcheckimport" uid="893327" lat="41.1067412" lon="16.8837688"/>
 <node id="1492611998" visible="true" version="3" changeset="163901923" timestamp="2025-03-21T11:44:24Z" user="cartop" uid="4467890" lat="41.1096745" lon="16.8841799"/>
 <node id="1492612029" visible="true" version="4" changeset="172497150" timestamp="2025-09-26T17:43:30Z" user="Alexis04132" uid="20509407" lat="41.1086887" lon="16.8848360"/>
 <node id="1492612061" visible="true" version="2" changeset="163901923" timestamp="2025-03-21T11:44:24Z" user="cartop" uid="4467890" lat="41.1090973" lon="16.8845178"/>
 <node id="1492612082" visible="true" version="3" changeset="172497150" timestamp="2025-09-26T17:43:30Z" user="Alexis04132" uid="20509407" lat="41.1095765" lon="16.8866769"/>
 <node id="1492612146" visible="true" version="2" changeset="173182890" timestamp="2025-10-12T14:03:21Z" user="Alexis04132" uid="20509407" lat="41.1080888" lon="16.8850120"/>
 <node id="1492612150" visible="true" version="2" changeset="35724364" timestamp="2015-12-03T11:22:26Z" user="corfede" uid="1960233" lat="41.1135526" lon="16.8811456"/>
 <node id="1723693815" visible="true" version="3" changeset="177805949" timestamp="2026-01-28T13:31:57Z" user="cartop" uid="4467890" lat="41.1103093" lon="16.8836904"/>
 <node id="1783588821" visible="true" version="1" changeset="11865440" timestamp="2012-06-11T15:29:00Z" user="_mrp_" uid="218322" lat="41.1051414" lon="16.8864111"/>
 <node id="2382082621" visible="true" version="4" changeset="143616276" timestamp="2023-11-04T14:25:14Z" user="Alexis04132" uid="20509407" lat="41.1100291" lon="16.8797095"/>
 <node id="2618310725" visible="true" version="5" changeset="162126046" timestamp="2025-02-04T13:40:06Z" user="Alexis04132" uid="20509407" lat="41.1099342" lon="16.8796698"/>
 <node id="2618310741" visible="true" version="2" changeset="55751751" timestamp="2018-01-25T19:24:09Z" user="peppeBA" uid="408987" lat="41.1100801" lon="16.8798707"/>
 <node id="2618310745" visible="true" version="3" changeset="55751751" timestamp="2018-01-25T19:24:08Z" user="peppeBA" uid="408987" lat="41.1101050" lon="16.8798712"/>
 <node id="2618310747" visible="true" version="4" changeset="162139520" timestamp="2025-02-04T19:33:57Z" user="Alexis04132" uid="20509407" lat="41.1101209" lon="16.8799153"/>
 <node id="2618310769" visible="true" version="5" changeset="162139520" timestamp="2025-02-04T19:33:57Z" user="Alexis04132" uid="20509407" lat="41.1102881" lon="16.8800311"/>
 <node id="2618310784" visible="true" version="3" changeset="162139520" timestamp="2025-02-04T19:33:57Z" user="Alexis04132" uid="20509407" lat="41.1105099" lon="16.8800605"/>
 <node id="2623147250" visible="true" version="2" changeset="172495309" timestamp="2025-09-26T16:54:40Z" user="Alexis04132" uid="20509407" lat="41.1073319" lon="16.8855090"/>
 <node id="2623147251" visible="true" version="2" changeset="172495309" timestamp="2025-09-26T16:54:40Z" user="Alexis04132" uid="20509407" lat="41.1073711" lon="16.8855311"/>
 <node id="2669783223" visible="true" version="3" changeset="145112546" timestamp="2023-12-14T13:28:10Z" user="Alexis04132" uid="20509407" lat="41.1079545" lon="16.8804936"/>
 <node id="2669783299" visible="true" version="7" changeset="162139520" timestamp="2025-02-04T19:33:57Z" user="Alexis04132" uid="20509407" lat="41.1100350" lon="16.8796856">
  <tag k="barrier" v="bollard"/>
 </node>
 <node id="2682532848" visible="true" version="4" changeset="162126046" timestamp="2025-02-04T13:40:06Z" user="Alexis04132" uid="20509407" lat="41.1100439" lon="16.8796556"/>
 <node id="3226724707" visible="true" version="1" changeset="27360350" timestamp="2014-12-09T16:34:00Z" user="mad_map" uid="693626" lat="41.1072447" lon="16.8848013"/>
 <node id="3226724767" visible="true" version="2" changeset="181922647" timestamp="2026-04-28T06:23:33Z" user="cartop" uid="4467890" lat="41.1073035" lon="16.8849596"/>
 <node id="3226724769" visible="true" version="1" changeset="27360350" timestamp="2014-12-09T16:34:01Z" user="mad_map" uid="693626" lat="41.1073457" lon="16.8850582"/>
 <node id="3226736138" visible="true" version="1" changeset="27360350" timestamp="2014-12-09T16:42:42Z" user="mad_map" uid="693626" lat="41.1063872" lon="16.8857187"/>
 <node id="3226736139" visible="true" version="1" changeset="27360350" timestamp="2014-12-09T16:42:42Z" user="mad_map" uid="693626" lat="41.1065515" lon="16.8856564"/>
 <node id="3226736140" visible="true" version="1" changeset="27360350" timestamp="2014-12-09T16:42:42Z" user="mad_map" uid="693626" lat="41.1057188" lon="16.8860185"/>
 <node id="3226736143" visible="true" version="3" changeset="163455853" timestamp="2025-03-10T18:52:54Z" user="Alexis04132" uid="20509407" lat="41.1063122" lon="16.8836334"/>
 <node id="3226736146" visible="true" version="3" changeset="166322852" timestamp="2025-05-15T20:27:16Z" user="Alexis04132" uid="20509407" lat="41.1063765" lon="16.8841119"/>
 <node id="3226736150" visible="true" version="1" changeset="27360350" timestamp="2014-12-09T16:42:42Z" user="mad_map" uid="693626" lat="41.1064423" lon="16.8856059"/>
 <node id="3226736155" visible="true" version="2" changeset="166322852" timestamp="2025-05-15T20:27:16Z" user="Alexis04132" uid="20509407" lat="41.1065240" lon="16.8854797"/>
 <node id="3226736156" visible="true" version="1" changeset="27360350" timestamp="2014-12-09T16:42:43Z" user="mad_map" uid="693626" lat="41.1051752" lon="16.8839483"/>
 <node id="3226736157" visible="true" version="2" changeset="166322852" timestamp="2025-05-15T20:27:16Z" user="Alexis04132" uid="20509407" lat="41.1065759" lon="16.8854503"/>
 <node id="3417793419" visible="true" version="5" changeset="56132450" timestamp="2018-02-06T23:07:29Z" user="corfede" uid="1960233" lat="41.1112320" lon="16.8802877"/>
 <node id="3417793425" visible="true" version="6" changeset="162140239" timestamp="2025-02-04T19:56:58Z" user="Alexis04132" uid="20509407" lat="41.1111668" lon="16.8799583"/>
 <node id="3417793473" visible="true" version="5" changeset="162139520" timestamp="2025-02-04T19:33:57Z" user="Alexis04132" uid="20509407" lat="41.1105274" lon="16.8801746"/>
 <node id="3417855798" visible="true" version="3" changeset="162139520" timestamp="2025-02-04T19:33:57Z" user="Alexis04132" uid="20509407" lat="41.1107770" lon="16.8800926"/>
 <node id="3417855812" visible="true" version="2" changeset="162139520" timestamp="2025-02-04T19:33:57Z" user="Alexis04132" uid="20509407" lat="41.1106668" lon="16.8801288">
  <tag k="barrier" v="gate"/>
 </node>
 <node id="3528202564" visible="true" version="1" changeset="31280973" timestamp="2015-05-19T11:38:54Z" user="Marco Petruzzelli" uid="2783463" lat="41.1068516" lon="16.8838472"/>
 <node id="3528202572" visible="true" version="2" changeset="61803298" timestamp="2018-08-19T20:19:29Z" user="corfede" uid="1960233" lat="41.1059675" lon="16.8819354">
  <tag k="crossing_ref" v="zebra"/>
  <tag k="highway" v="crossing"/>
 </node>
 <node id="3528202584" visible="true" version="2" changeset="61803298" timestamp="2018-08-19T20:19:29Z" user="corfede" uid="1960233" lat="41.1060961" lon="16.8818341">
  <tag k="crossing_ref" v="zebra"/>
  <tag k="highway" v="crossing"/>
 </node>
 <node id="3528224450" visible="true" version="1" changeset="31280973" timestamp="2015-05-19T11:45:43Z" user="Marco Petruzzelli" uid="2783463" lat="41.1083515" lon="16.8831603"/>
 <node id="3528224455" visible="true" version="1" changeset="31280973" timestamp="2015-05-19T11:45:44Z" user="Marco Petruzzelli" uid="2783463" lat="41.1082727" lon="16.8839354"/>
 <node id="3528224456" visible="true" version="1" changeset="31280973" timestamp="2015-05-19T11:45:44Z" user="Marco Petruzzelli" uid="2783463" lat="41.1078281" lon="16.8843887"/>
 <node id="3528224458" visible="true" version="1" changeset="31280973" timestamp="2015-05-19T11:45:44Z" user="Marco Petruzzelli" uid="2783463" lat="41.1076280" lon="16.8841929"/>
 <node id="3528224459" visible="true" version="1" changeset="31280973" timestamp="2015-05-19T11:45:44Z" user="Marco Petruzzelli" uid="2783463" lat="41.1077311" lon="16.8842278"/>
 <node id="3528224462" visible="true" version="2" changeset="137562625" timestamp="2023-06-20T12:38:55Z" user="Valantin" uid="622492" lat="41.1077692" lon="16.8843548"/>
 <node id="3528224470" visible="true" version="1" changeset="31280973" timestamp="2015-05-19T11:45:44Z" user="Marco Petruzzelli" uid="2783463" lat="41.1083313" lon="16.8841151"/>
 <node id="3528224472" visible="true" version="2" changeset="137562625" timestamp="2023-06-20T12:38:55Z" user="Valantin" uid="622492" lat="41.1074830" lon="16.8836606"/>
 <node id="3528224479" visible="true" version="1" changeset="31280973" timestamp="2015-05-19T11:45:44Z" user="Marco Petruzzelli" uid="2783463" lat="41.1076967" lon="16.8834526"/>
 <node id="3528224481" visible="true" version="1" changeset="31280973" timestamp="2015-05-19T11:45:44Z" user="Marco Petruzzelli" uid="2783463" lat="41.1079675" lon="16.8834687"/>
 <node id="3528224482" visible="true" version="1" changeset="31280973" timestamp="2015-05-19T11:45:44Z" user="Marco Petruzzelli" uid="2783463" lat="41.1081312" lon="16.8839944"/>
 <node id="3528224485" visible="true" version="1" changeset="31280973" timestamp="2015-05-19T11:45:44Z" user="Marco Petruzzelli" uid="2783463" lat="41.1081110" lon="16.8839623"/>
 <node id="3528224489" visible="true" version="1" changeset="31280973" timestamp="2015-05-19T11:45:44Z" user="Marco Petruzzelli" uid="2783463" lat="41.1083697" lon="16.8832461"/>
 <node id="3528224708" visible="true" version="1" changeset="31280973" timestamp="2015-05-19T11:45:44Z" user="Marco Petruzzelli" uid="2783463" lat="41.1083010" lon="16.8831817"/>
 <node id="3528237434" visible="true" version="3" changeset="163901923" timestamp="2025-03-21T11:44:24Z" user="cartop" uid="4467890" lat="41.1118044" lon="16.8825209"/>
 <node id="3874469771" visible="true" version="1" changeset="35724364" timestamp="2015-12-03T11:22:19Z" user="corfede" uid="1960233" lat="41.1135299" lon="16.8811634"/>
 <node id="4184608222" visible="true" version="1" changeset="39303439" timestamp="2016-05-14T02:08:35Z" user="mcheckimport" uid="893327" lat="41.1064652" lon="16.8842077"/>
 <node id="4184608324" visible="true" version="1" changeset="39303439" timestamp="2016-05-14T02:08:46Z" user="mcheckimport" uid="893327" lat="41.1065124" lon="16.8863704"/>
 <node id="4184608351" visible="true" version="1" changeset="39303439" timestamp="2016-05-14T02:08:50Z" user="mcheckimport" uid="893327" lat="41.1065271" lon="16.8843472"/>
 <node id="4184608379" visible="true" version="1" changeset="39303439" timestamp="2016-05-14T02:08:53Z" user="mcheckimport" uid="893327" lat="41.1065405" lon="16.8863581"/>
 <node id="4184608384" visible="true" version="1" changeset="39303439" timestamp="2016-05-14T02:08:54Z" user="mcheckimport" uid="893327" lat="41.1065438" lon="16.8855770"/>
 <node id="4184608506" visible="true" version="1" changeset="39303439" timestamp="2016-05-14T02:08:56Z" user="mcheckimport" uid="893327" lat="41.1065538" lon="16.8856156"/>
 <node id="4184608511" visible="true" version="1" changeset="39303439" timestamp="2016-05-14T02:08:57Z" user="mcheckimport" uid="893327" lat="41.1065577" lon="16.8867127"/>
 <node id="4184608512" visible="true" version="1" changeset="39303439" timestamp="2016-05-14T02:08:57Z" user="mcheckimport" uid="893327" lat="41.1065581" lon="16.8865532"/>
 <node id="4184608519" visible="true" version="1" changeset="39303439" timestamp="2016-05-14T02:08:58Z" user="mcheckimport" uid="893327" lat="41.1065657" lon="16.8863471"/>
 <node id="4184608534" visible="true" version="1" changeset="39303439" timestamp="2016-05-14T02:08:59Z" user="mcheckimport" uid="893327" lat="41.1065728" lon="16.8867642"/>
 <node id="4184608547" visible="true" version="1" changeset="39303439" timestamp="2016-05-14T02:09:01Z" user="mcheckimport" uid="893327" lat="41.1065812" lon="16.8867951"/>
 <node id="4184608552" visible="true" version="1" changeset="39303439" timestamp="2016-05-14T02:09:02Z" user="mcheckimport" uid="893327" lat="41.1065835" lon="16.8866563"/>
 <node id="4184608558" visible="true" version="1" changeset="39303439" timestamp="2016-05-14T02:09:02Z" user="mcheckimport" uid="893327" lat="41.1065862" lon="16.8865410"/>
 <node id="4184608561" visible="true" version="1" changeset="39303439" timestamp="2016-05-14T02:09:03Z" user="mcheckimport" uid="893327" lat="41.1065883" lon="16.8855608"/>
 <node id="4184608563" visible="true" version="1" changeset="39303439" timestamp="2016-05-14T02:09:03Z" user="mcheckimport" uid="893327" lat="41.1065885" lon="16.8851361"/>
 <node id="4184608572" visible="true" version="1" changeset="39303439" timestamp="2016-05-14T02:09:04Z" user="mcheckimport" uid="893327" lat="41.1065933" lon="16.8866924"/>
 <node id="4184608573" visible="true" version="1" changeset="39303439" timestamp="2016-05-14T02:09:04Z" user="mcheckimport" uid="893327" lat="41.1065933" lon="16.8868438"/>
 <node id="4184608577" visible="true" version="1" changeset="39303439" timestamp="2016-05-14T02:09:05Z" user="mcheckimport" uid="893327" lat="41.1065948" lon="16.8855892"/>
 <node id="4184608580" visible="true" version="1" changeset="39303439" timestamp="2016-05-14T02:09:05Z" user="mcheckimport" uid="893327" lat="41.1065954" lon="16.8849243"/>
 <node id="4184608581" visible="true" version="1" changeset="39303439" timestamp="2016-05-14T02:09:05Z" user="mcheckimport" uid="893327" lat="41.1065961" lon="16.8841133"/>
 <node id="4184608583" visible="true" version="1" changeset="39303439" timestamp="2016-05-14T02:09:05Z" user="mcheckimport" uid="893327" lat="41.1065965" lon="16.8855966"/>
 <node id="4184608599" visible="true" version="1" changeset="39303439" timestamp="2016-05-14T02:09:07Z" user="mcheckimport" uid="893327" lat="41.1066024" lon="16.8851099"/>
 <node id="4184608603" visible="true" version="1" changeset="39303439" timestamp="2016-05-14T02:09:08Z" user="mcheckimport" uid="893327" lat="41.1066033" lon="16.8850095"/>
 <node id="4184608607" visible="true" version="1" changeset="39303439" timestamp="2016-05-14T02:09:08Z" user="mcheckimport" uid="893327" lat="41.1066057" lon="16.8851083"/>
 <node id="4184608617" visible="true" version="1" changeset="39303439" timestamp="2016-05-14T02:09:10Z" user="mcheckimport" uid="893327" lat="41.1066067" lon="16.8851257"/>
 <node id="4184608620" visible="true" version="1" changeset="39303439" timestamp="2016-05-14T02:09:10Z" user="mcheckimport" uid="893327" lat="41.1066074" lon="16.8867469"/>
 <node id="4184608632" visible="true" version="1" changeset="39303439" timestamp="2016-05-14T02:09:12Z" user="mcheckimport" uid="893327" lat="41.1066108" lon="16.8867817"/>
 <node id="4184608635" visible="true" version="1" changeset="39303439" timestamp="2016-05-14T02:09:12Z" user="mcheckimport" uid="893327" lat="41.1066110" lon="16.8850366"/>
 <node id="4184608636" visible="true" version="1" changeset="39303439" timestamp="2016-05-14T02:09:12Z" user="mcheckimport" uid="893327" lat="41.1066113" lon="16.8865300"/>
 <node id="4184608637" visible="true" version="1" changeset="39303439" timestamp="2016-05-14T02:09:12Z" user="mcheckimport" uid="893327" lat="41.1066121" lon="16.8866439"/>
 <node id="4184608640" visible="true" version="1" changeset="39303439" timestamp="2016-05-14T02:09:13Z" user="mcheckimport" uid="893327" lat="41.1066139" lon="16.8841526"/>
 <node id="4184608646" visible="true" version="1" changeset="39303439" timestamp="2016-05-14T02:09:13Z" user="mcheckimport" uid="893327" lat="41.1066155" lon="16.8840971"/>
 <node id="4184608652" visible="true" version="1" changeset="39303439" timestamp="2016-05-14T02:09:14Z" user="mcheckimport" uid="893327" lat="41.1066173" lon="16.8850027"/>
 <node id="4184608655" visible="true" version="1" changeset="39303439" timestamp="2016-05-14T02:09:14Z" user="mcheckimport" uid="893327" lat="41.1066185" lon="16.8843647"/>
 <node id="4184608662" visible="true" version="1" changeset="39303439" timestamp="2016-05-14T02:09:15Z" user="mcheckimport" uid="893327" lat="41.1066208" lon="16.8843278"/>
 <node id="4184608665" visible="true" version="1" changeset="39303439" timestamp="2016-05-14T02:09:16Z" user="mcheckimport" uid="893327" lat="41.1066221" lon="16.8852684"/>
 <node id="4184608670" visible="true" version="1" changeset="39303439" timestamp="2016-05-14T02:09:16Z" user="mcheckimport" uid="893327" lat="41.1066247" lon="16.8868283"/>
 <node id="4184608672" visible="true" version="1" changeset="39303439" timestamp="2016-05-14T02:09:16Z" user="mcheckimport" uid="893327" lat="41.1066250" lon="16.8841868"/>
 <node id="4184608679" visible="true" version="1" changeset="39303439" timestamp="2016-05-14T02:09:17Z" user="mcheckimport" uid="893327" lat="41.1066272" lon="16.8843930"/>
 <node id="4184608681" visible="true" version="1" changeset="39303439" timestamp="2016-05-14T02:09:17Z" user="mcheckimport" uid="893327" lat="41.1066281" lon="16.8850970"/>
 <node id="4184608685" visible="true" version="1" changeset="39303439" timestamp="2016-05-14T02:09:18Z" user="mcheckimport" uid="893327" lat="41.1066303" lon="16.8843535"/>
 <node id="4184608690" visible="true" version="1" changeset="39303439" timestamp="2016-05-14T02:09:18Z" user="mcheckimport" uid="893327" lat="41.1066322" lon="16.8868379"/>
 <node id="4184608695" visible="true" version="1" changeset="39303439" timestamp="2016-05-14T02:09:19Z" user="mcheckimport" uid="893327" lat="41.1066339" lon="16.8841379"/>
 <node id="4184608700" visible="true" version="1" changeset="39303439" timestamp="2016-05-14T02:09:20Z" user="mcheckimport" uid="893327" lat="41.1066352" lon="16.8847919"/>
 <node id="4184608705" visible="true" version="1" changeset="39303439" timestamp="2016-05-14T02:09:20Z" user="mcheckimport" uid="893327" lat="41.1066376" lon="16.8866328"/>
 <node id="4184608716" visible="true" version="1" changeset="39303439" timestamp="2016-05-14T02:09:21Z" user="mcheckimport" uid="893327" lat="41.1066410" lon="16.8843908"/>
 <node id="4184608717" visible="true" version="1" changeset="39303439" timestamp="2016-05-14T02:09:22Z" user="mcheckimport" uid="893327" lat="41.1066411" lon="16.8866464"/>
 <node id="4184608719" visible="true" version="1" changeset="39303439" timestamp="2016-05-14T02:09:22Z" user="mcheckimport" uid="893327" lat="41.1066416" lon="16.8852540"/>
 <node id="4184608720" visible="true" version="1" changeset="39303439" timestamp="2016-05-14T02:09:22Z" user="mcheckimport" uid="893327" lat="41.1066422" lon="16.8848395"/>
 <node id="4184608723" visible="true" version="1" changeset="39303439" timestamp="2016-05-14T02:09:22Z" user="mcheckimport" uid="893327" lat="41.1066432" lon="16.8848458"/>
 <node id="4184608736" visible="true" version="1" changeset="39303439" timestamp="2016-05-14T02:09:24Z" user="mcheckimport" uid="893327" lat="41.1066465" lon="16.8844199"/>
 <node id="4184608744" visible="true" version="1" changeset="39303439" timestamp="2016-05-14T02:09:25Z" user="mcheckimport" uid="893327" lat="41.1066534" lon="16.8842558"/>
 <node id="4184608746" visible="true" version="1" changeset="39303439" timestamp="2016-05-14T02:09:25Z" user="mcheckimport" uid="893327" lat="41.1066537" lon="16.8841648"/>
 <node id="4184608752" visible="true" version="1" changeset="39303439" timestamp="2016-05-14T02:09:26Z" user="mcheckimport" uid="893327" lat="41.1066571" lon="16.8847807"/>
 <node id="4184608759" visible="true" version="1" changeset="39303439" timestamp="2016-05-14T02:09:27Z" user="mcheckimport" uid="893327" lat="41.1066592" lon="16.8868254"/>
 <node id="4184608761" visible="true" version="1" changeset="39303439" timestamp="2016-05-14T02:09:27Z" user="mcheckimport" uid="893327" lat="41.1066596" lon="16.8841783"/>
 <node id="4184608763" visible="true" version="1" changeset="39303439" timestamp="2016-05-14T02:09:27Z" user="mcheckimport" uid="893327" lat="41.1066606" lon="16.8871003"/>
 <node id="4184608765" visible="true" version="1" changeset="39303439" timestamp="2016-05-14T02:09:28Z" user="mcheckimport" uid="893327" lat="41.1066608" lon="16.8843000"/>
 <node id="4184608777" visible="true" version="1" changeset="39303439" timestamp="2016-05-14T02:09:31Z" user="mcheckimport" uid="893327" lat="41.1066667" lon="16.8852402"/>
 <node id="4184608783" visible="true" version="1" changeset="39303439" timestamp="2016-05-14T02:09:32Z" user="mcheckimport" uid="893327" lat="41.1066685" lon="16.8852469"/>
 <node id="4184609089" visible="true" version="1" changeset="39303439" timestamp="2016-05-14T02:09:33Z" user="mcheckimport" uid="893327" lat="41.1066715" lon="16.8843276"/>
 <node id="4184609094" visible="true" version="1" changeset="39303439" timestamp="2016-05-14T02:09:33Z" user="mcheckimport" uid="893327" lat="41.1066736" lon="16.8842103"/>
 <node id="4184609095" visible="true" version="1" changeset="39303439" timestamp="2016-05-14T02:09:33Z" user="mcheckimport" uid="893327" lat="41.1066736" lon="16.8843355"/>
 <node id="4184609108" visible="true" version="1" changeset="39303439" timestamp="2016-05-14T02:09:35Z" user="mcheckimport" uid="893327" lat="41.1066821" lon="16.8847680"/>
 <node id="4184609112" visible="true" version="1" changeset="39303439" timestamp="2016-05-14T02:09:35Z" user="mcheckimport" uid="893327" lat="41.1066832" lon="16.8843638"/>
 <node id="4184609120" visible="true" version="1" changeset="39303439" timestamp="2016-05-14T02:09:36Z" user="mcheckimport" uid="893327" lat="41.1066846" lon="16.8868136"/>
 <node id="4184609124" visible="true" version="1" changeset="39303439" timestamp="2016-05-14T02:09:37Z" user="mcheckimport" uid="893327" lat="41.1066856" lon="16.8843761"/>
 <node id="4184609139" visible="true" version="1" changeset="39303439" timestamp="2016-05-14T02:09:38Z" user="mcheckimport" uid="893327" lat="41.1066896" lon="16.8870867"/>
 <node id="4184609145" visible="true" version="1" changeset="39303439" timestamp="2016-05-14T02:09:39Z" user="mcheckimport" uid="893327" lat="41.1066911" lon="16.8844052"/>
 <node id="4184609146" visible="true" version="1" changeset="39303439" timestamp="2016-05-14T02:09:39Z" user="mcheckimport" uid="893327" lat="41.1066913" lon="16.8848786"/>
 <node id="4184609147" visible="true" version="1" changeset="39303439" timestamp="2016-05-14T02:09:39Z" user="mcheckimport" uid="893327" lat="41.1066916" lon="16.8859430"/>
 <node id="4184609156" visible="true" version="1" changeset="39303439" timestamp="2016-05-14T02:09:40Z" user="mcheckimport" uid="893327" lat="41.1066957" lon="16.8853483"/>
 <node id="4184609157" visible="true" version="1" changeset="39303439" timestamp="2016-05-14T02:09:41Z" user="mcheckimport" uid="893327" lat="41.1066967" lon="16.8848213"/>
 <node id="4184609163" visible="true" version="1" changeset="39303439" timestamp="2016-05-14T02:09:41Z" user="mcheckimport" uid="893327" lat="41.1066985" lon="16.8872399"/>
 <node id="4184609167" visible="true" version="1" changeset="39303439" timestamp="2016-05-14T02:09:42Z" user="mcheckimport" uid="893327" lat="41.1066995" lon="16.8849040"/>
 <node id="4184609168" visible="true" version="1" changeset="39303439" timestamp="2016-05-14T02:09:42Z" user="mcheckimport" uid="893327" lat="41.1066995" lon="16.8859728"/>
 <node id="4184609170" visible="true" version="1" changeset="39303439" timestamp="2016-05-14T02:09:42Z" user="mcheckimport" uid="893327" lat="41.1067004" lon="16.8851139"/>
 <node id="4184609174" visible="true" version="1" changeset="39303439" timestamp="2016-05-14T02:09:43Z" user="mcheckimport" uid="893327" lat="41.1067028" lon="16.8850664"/>
 <node id="4184609177" visible="true" version="1" changeset="39303439" timestamp="2016-05-14T02:09:43Z" user="mcheckimport" uid="893327" lat="41.1067035" lon="16.8840355"/>
 <node id="4184609389" visible="true" version="1" changeset="39303439" timestamp="2016-05-14T02:09:45Z" user="mcheckimport" uid="893327" lat="41.1067069" lon="16.8871543"/>
 <node id="4184609402" visible="true" version="1" changeset="39303439" timestamp="2016-05-14T02:09:47Z" user="mcheckimport" uid="893327" lat="41.1067131" lon="16.8843004"/>
 <node id="4184609405" visible="true" version="1" changeset="39303439" timestamp="2016-05-14T02:09:47Z" user="mcheckimport" uid="893327" lat="41.1067146" lon="16.8851047"/>
 <node id="4184609407" visible="true" version="1" changeset="39303439" timestamp="2016-05-14T02:09:47Z" user="mcheckimport" uid="893327" lat="41.1067158" lon="16.8851700"/>
 <node id="4184609411" visible="true" version="1" changeset="39303439" timestamp="2016-05-14T02:09:48Z" user="mcheckimport" uid="893327" lat="41.1067197" lon="16.8845381"/>
 <node id="4184609414" visible="true" version="1" changeset="39303439" timestamp="2016-05-14T02:09:48Z" user="mcheckimport" uid="893327" lat="41.1067218" lon="16.8851918"/>
 <node id="4184609416" visible="true" version="1" changeset="39303439" timestamp="2016-05-14T02:09:48Z" user="mcheckimport" uid="893327" lat="41.1067223" lon="16.8845943"/>
 <node id="4184609418" visible="true" version="1" changeset="39303439" timestamp="2016-05-14T02:09:49Z" user="mcheckimport" uid="893327" lat="41.1067224" lon="16.8850212"/>
 <node id="4184609420" visible="true" version="1" changeset="39303439" timestamp="2016-05-14T02:09:49Z" user="mcheckimport" uid="893327" lat="41.1067245" lon="16.8848912"/>
 <node id="4184609425" visible="true" version="1" changeset="39303439" timestamp="2016-05-14T02:09:49Z" user="mcheckimport" uid="893327" lat="41.1067261" lon="16.8849535"/>
 <node id="4184609436" visible="true" version="1" changeset="39303439" timestamp="2016-05-14T02:09:51Z" user="mcheckimport" uid="893327" lat="41.1067286" lon="16.8849073"/>
 <node id="4184609446" visible="true" version="1" changeset="39303439" timestamp="2016-05-14T02:09:52Z" user="mcheckimport" uid="893327" lat="41.1067319" lon="16.8850552"/>
 <node id="4184609454" visible="true" version="1" changeset="39303439" timestamp="2016-05-14T02:09:53Z" user="mcheckimport" uid="893327" lat="41.1067346" lon="16.8845872"/>
 <node id="4184609464" visible="true" version="1" changeset="39303439" timestamp="2016-05-14T02:09:54Z" user="mcheckimport" uid="893327" lat="41.1067378" lon="16.8846473"/>
 <node id="4184609468" visible="true" version="1" changeset="39303439" timestamp="2016-05-14T02:09:54Z" user="mcheckimport" uid="893327" lat="41.1067393" lon="16.8849493"/>
 <node id="4184609471" visible="true" version="1" changeset="39303439" timestamp="2016-05-14T02:09:55Z" user="mcheckimport" uid="893327" lat="41.1067410" lon="16.8850039"/>
 <node id="4184609472" visible="true" version="1" changeset="39303439" timestamp="2016-05-14T02:09:55Z" user="mcheckimport" uid="893327" lat="41.1067411" lon="16.8871387"/>
 <node id="4184609476" visible="true" version="1" changeset="39303439" timestamp="2016-05-14T02:09:55Z" user="mcheckimport" uid="893327" lat="41.1067430" lon="16.8850108"/>
 <node id="4184609484" visible="true" version="1" changeset="39303439" timestamp="2016-05-14T02:09:57Z" user="mcheckimport" uid="893327" lat="41.1067446" lon="16.8858289"/>
 <node id="4184609692" visible="true" version="1" changeset="39303439" timestamp="2016-05-14T02:09:58Z" user="mcheckimport" uid="893327" lat="41.1067468" lon="16.8858278"/>
 <node id="4184609696" visible="true" version="1" changeset="39303439" timestamp="2016-05-14T02:09:58Z" user="mcheckimport" uid="893327" lat="41.1067476" lon="16.8861549"/>
 <node id="4184609723" visible="true" version="1" changeset="39303439" timestamp="2016-05-14T02:10:02Z" user="mcheckimport" uid="893327" lat="41.1067603" lon="16.8872122"/>
 <node id="4184609729" visible="true" version="1" changeset="39303439" timestamp="2016-05-14T02:10:02Z" user="mcheckimport" uid="893327" lat="41.1067646" lon="16.8858196"/>
 <node id="4184609731" visible="true" version="1" changeset="39303439" timestamp="2016-05-14T02:10:03Z" user="mcheckimport" uid="893327" lat="41.1067657" lon="16.8859088"/>
 <node id="4184609733" visible="true" version="1" changeset="39303439" timestamp="2016-05-14T02:10:03Z" user="mcheckimport" uid="893327" lat="41.1067659" lon="16.8851498"/>
 <node id="4184609741" visible="true" version="1" changeset="39303439" timestamp="2016-05-14T02:10:04Z" user="mcheckimport" uid="893327" lat="41.1067707" lon="16.8851698"/>
 <node id="4184609748" visible="true" version="1" changeset="39303439" timestamp="2016-05-14T02:10:05Z" user="mcheckimport" uid="893327" lat="41.1067733" lon="16.8862552"/>
 <node id="4184609750" visible="true" version="1" changeset="39303439" timestamp="2016-05-14T02:10:05Z" user="mcheckimport" uid="893327" lat="41.1067737" lon="16.8869863"/>
 <node id="4184609755" visible="true" version="1" changeset="39303439" timestamp="2016-05-14T02:10:05Z" user="mcheckimport" uid="893327" lat="41.1067756" lon="16.8861420"/>
 <node id="4184609757" visible="true" version="1" changeset="39303439" timestamp="2016-05-14T02:10:06Z" user="mcheckimport" uid="893327" lat="41.1067758" lon="16.8858620"/>
 <node id="4184609762" visible="true" version="1" changeset="39303439" timestamp="2016-05-14T02:10:06Z" user="mcheckimport" uid="893327" lat="41.1067771" lon="16.8862238"/>
 <node id="4184609764" visible="true" version="1" changeset="39303439" timestamp="2016-05-14T02:10:06Z" user="mcheckimport" uid="893327" lat="41.1067782" lon="16.8846239"/>
 <node id="4184609767" visible="true" version="1" changeset="39303439" timestamp="2016-05-14T02:10:07Z" user="mcheckimport" uid="893327" lat="41.1067806" lon="16.8846336"/>
 <node id="4184609772" visible="true" version="1" changeset="39303439" timestamp="2016-05-14T02:10:07Z" user="mcheckimport" uid="893327" lat="41.1067830" lon="16.8851098"/>
 <node id="4184609773" visible="true" version="1" changeset="39303439" timestamp="2016-05-14T02:10:08Z" user="mcheckimport" uid="893327" lat="41.1067833" lon="16.8858585"/>
 <node id="4184609777" visible="true" version="1" changeset="39303439" timestamp="2016-05-14T02:10:08Z" user="mcheckimport" uid="893327" lat="41.1067841" lon="16.8862507"/>
 <node id="4184609788" visible="true" version="1" changeset="39303439" timestamp="2016-05-14T02:10:09Z" user="mcheckimport" uid="893327" lat="41.1067882" lon="16.8860754"/>
 <node id="4184609789" visible="true" version="1" changeset="39303439" timestamp="2016-05-14T02:10:10Z" user="mcheckimport" uid="893327" lat="41.1067886" lon="16.8842464"/>
 <node id="4184609795" visible="true" version="1" changeset="39303439" timestamp="2016-05-14T02:10:10Z" user="mcheckimport" uid="893327" lat="41.1067909" lon="16.8851370"/>
 <node id="4184609800" visible="true" version="1" changeset="39303439" timestamp="2016-05-14T02:10:11Z" user="mcheckimport" uid="893327" lat="41.1067941" lon="16.8865639"/>
 <node id="4184609807" visible="true" version="1" changeset="39303439" timestamp="2016-05-14T02:10:12Z" user="mcheckimport" uid="893327" lat="41.1067983" lon="16.8846544"/>
 <node id="4184609811" visible="true" version="1" changeset="39303439" timestamp="2016-05-14T02:10:12Z" user="mcheckimport" uid="893327" lat="41.1068008" lon="16.8862437"/>
 <node id="4184609813" visible="true" version="1" changeset="39303439" timestamp="2016-05-14T02:10:12Z" user="mcheckimport" uid="893327" lat="41.1068018" lon="16.8852942"/>
 <node id="4184609814" visible="true" version="1" changeset="39303439" timestamp="2016-05-14T02:10:13Z" user="mcheckimport" uid="893327" lat="41.1068021" lon="16.8860689"/>
 <node id="4184609816" visible="true" version="1" changeset="39303439" timestamp="2016-05-14T02:10:13Z" user="mcheckimport" uid="893327" lat="41.1068025" lon="16.8861296"/>
 <node id="4184609817" visible="true" version="1" changeset="39303439" timestamp="2016-05-14T02:10:13Z" user="mcheckimport" uid="893327" lat="41.1068026" lon="16.8852936"/>
 <node id="4184609830" visible="true" version="1" changeset="39303439" timestamp="2016-05-14T02:10:14Z" user="mcheckimport" uid="893327" lat="41.1068125" lon="16.8871280"/>
 <node id="4184609831" visible="true" version="1" changeset="39303439" timestamp="2016-05-14T02:10:15Z" user="mcheckimport" uid="893327" lat="41.1068129" lon="16.8862075"/>
 <node id="4184609834" visible="true" version="1" changeset="39303439" timestamp="2016-05-14T02:10:15Z" user="mcheckimport" uid="893327" lat="41.1068156" lon="16.8847132"/>
 <node id="4184609837" visible="true" version="1" changeset="39303439" timestamp="2016-05-14T02:10:16Z" user="mcheckimport" uid="893327" lat="41.1068189" lon="16.8862362"/>
 <node id="4184609838" visible="true" version="1" changeset="39303439" timestamp="2016-05-14T02:10:16Z" user="mcheckimport" uid="893327" lat="41.1068190" lon="16.8864378"/>
 <node id="4184609839" visible="true" version="1" changeset="39303439" timestamp="2016-05-14T02:10:16Z" user="mcheckimport" uid="893327" lat="41.1068190" lon="16.8866705"/>
 <node id="4184609840" visible="true" version="1" changeset="39303439" timestamp="2016-05-14T02:10:16Z" user="mcheckimport" uid="893327" lat="41.1068193" lon="16.8846151"/>
 <node id="4184609849" visible="true" version="1" changeset="39303439" timestamp="2016-05-14T02:10:17Z" user="mcheckimport" uid="893327" lat="41.1068249" lon="16.8844825"/>
 <node id="4184609851" visible="true" version="1" changeset="39303439" timestamp="2016-05-14T02:10:18Z" user="mcheckimport" uid="893327" lat="41.1068265" lon="16.8846409"/>
 <node id="4184609853" visible="true" version="1" changeset="39303439" timestamp="2016-05-14T02:10:18Z" user="mcheckimport" uid="893327" lat="41.1068267" lon="16.8844883"/>
 <node id="4184609854" visible="true" version="1" changeset="39303439" timestamp="2016-05-14T02:10:18Z" user="mcheckimport" uid="893327" lat="41.1068267" lon="16.8850868"/>
 <node id="4184609857" visible="true" version="1" changeset="39303439" timestamp="2016-05-14T02:10:18Z" user="mcheckimport" uid="893327" lat="41.1068271" lon="16.8862327"/>
 <node id="4184609858" visible="true" version="1" changeset="39303439" timestamp="2016-05-14T02:10:19Z" user="mcheckimport" uid="893327" lat="41.1068277" lon="16.8861656"/>
 <node id="4184609872" visible="true" version="1" changeset="39303439" timestamp="2016-05-14T02:10:20Z" user="mcheckimport" uid="893327" lat="41.1068354" lon="16.8851144"/>
 <node id="4184609873" visible="true" version="1" changeset="39303439" timestamp="2016-05-14T02:10:21Z" user="mcheckimport" uid="893327" lat="41.1068359" lon="16.8847364"/>
 <node id="4184609882" visible="true" version="1" changeset="39303439" timestamp="2016-05-14T02:10:22Z" user="mcheckimport" uid="893327" lat="41.1068473" lon="16.8844729"/>
 <node id="4184609883" visible="true" version="1" changeset="39303439" timestamp="2016-05-14T02:10:22Z" user="mcheckimport" uid="893327" lat="41.1068479" lon="16.8864250"/>
 <node id="4184609888" visible="true" version="1" changeset="39303439" timestamp="2016-05-14T02:10:22Z" user="mcheckimport" uid="893327" lat="41.1068503" lon="16.8850757"/>
 <node id="4184610193" visible="true" version="1" changeset="39303439" timestamp="2016-05-14T02:10:23Z" user="mcheckimport" uid="893327" lat="41.1068526" lon="16.8847943"/>
 <node id="4184610197" visible="true" version="1" changeset="39303439" timestamp="2016-05-14T02:10:23Z" user="mcheckimport" uid="893327" lat="41.1068534" lon="16.8846952"/>
 <node id="4184610202" visible="true" version="1" changeset="39303439" timestamp="2016-05-14T02:10:24Z" user="mcheckimport" uid="893327" lat="41.1068552" lon="16.8868250"/>
 <node id="4184610210" visible="true" version="1" changeset="39303439" timestamp="2016-05-14T02:10:24Z" user="mcheckimport" uid="893327" lat="41.1068581" lon="16.8851034"/>
 <node id="4184610213" visible="true" version="1" changeset="39303439" timestamp="2016-05-14T02:10:25Z" user="mcheckimport" uid="893327" lat="41.1068597" lon="16.8845152"/>
 <node id="4184610214" visible="true" version="1" changeset="39303439" timestamp="2016-05-14T02:10:25Z" user="mcheckimport" uid="893327" lat="41.1068604" lon="16.8861504"/>
 <node id="4184610215" visible="true" version="1" changeset="39303439" timestamp="2016-05-14T02:10:25Z" user="mcheckimport" uid="893327" lat="41.1068605" lon="16.8850709"/>
 <node id="4184610217" visible="true" version="1" changeset="39303439" timestamp="2016-05-14T02:10:25Z" user="mcheckimport" uid="893327" lat="41.1068616" lon="16.8861553"/>
 <node id="4184610218" visible="true" version="1" changeset="39303439" timestamp="2016-05-14T02:10:25Z" user="mcheckimport" uid="893327" lat="41.1068617" lon="16.8847240"/>
 <node id="4184610220" visible="true" version="1" changeset="39303439" timestamp="2016-05-14T02:10:25Z" user="mcheckimport" uid="893327" lat="41.1068633" lon="16.8845274"/>
 <node id="4184610224" visible="true" version="2" changeset="172494678" timestamp="2025-09-26T16:40:33Z" user="Alexis04132" uid="20509407" lat="41.1068034" lon="16.8878342"/>
 <node id="4184610225" visible="true" version="1" changeset="39303439" timestamp="2016-05-14T02:10:26Z" user="mcheckimport" uid="893327" lat="41.1068673" lon="16.8861783"/>
 <node id="4184610232" visible="true" version="1" changeset="39303439" timestamp="2016-05-14T02:10:27Z" user="mcheckimport" uid="893327" lat="41.1068691" lon="16.8861523"/>
 <node id="4184610238" visible="true" version="1" changeset="39303439" timestamp="2016-05-14T02:10:27Z" user="mcheckimport" uid="893327" lat="41.1068719" lon="16.8852608"/>
 <node id="4184610239" visible="true" version="1" changeset="39303439" timestamp="2016-05-14T02:10:27Z" user="mcheckimport" uid="893327" lat="41.1068721" lon="16.8864144"/>
 <node id="4184610241" visible="true" version="1" changeset="39303439" timestamp="2016-05-14T02:10:28Z" user="mcheckimport" uid="893327" lat="41.1068741" lon="16.8845219"/>
 <node id="4184610242" visible="true" version="1" changeset="39303439" timestamp="2016-05-14T02:10:28Z" user="mcheckimport" uid="893327" lat="41.1068742" lon="16.8848208"/>
 <node id="4184610245" visible="true" version="1" changeset="39303439" timestamp="2016-05-14T02:10:28Z" user="mcheckimport" uid="893327" lat="41.1068766" lon="16.8862158"/>
 <node id="4184610247" visible="true" version="1" changeset="39303439" timestamp="2016-05-14T02:10:28Z" user="mcheckimport" uid="893327" lat="41.1068781" lon="16.8848348"/>
 <node id="4184610249" visible="true" version="1" changeset="39303439" timestamp="2016-05-14T02:10:29Z" user="mcheckimport" uid="893327" lat="41.1068786" lon="16.8870963"/>
 <node id="4184610250" visible="true" version="1" changeset="39303439" timestamp="2016-05-14T02:10:29Z" user="mcheckimport" uid="893327" lat="41.1068814" lon="16.8865300"/>
 <node id="4184610254" visible="true" version="1" changeset="39303439" timestamp="2016-05-14T02:10:29Z" user="mcheckimport" uid="893327" lat="41.1068863" lon="16.8845673"/>
 <node id="4184610260" visible="true" version="1" changeset="39303439" timestamp="2016-05-14T02:10:30Z" user="mcheckimport" uid="893327" lat="41.1068900" lon="16.8847768"/>
 <node id="4184610261" visible="true" version="1" changeset="39303439" timestamp="2016-05-14T02:10:30Z" user="mcheckimport" uid="893327" lat="41.1068900" lon="16.8848767"/>
 <node id="4184610263" visible="true" version="1" changeset="39303439" timestamp="2016-05-14T02:10:30Z" user="mcheckimport" uid="893327" lat="41.1068910" lon="16.8850565"/>
 <node id="4184610267" visible="true" version="1" changeset="39303439" timestamp="2016-05-14T02:10:31Z" user="mcheckimport" uid="893327" lat="41.1068947" lon="16.8871549"/>
 <node id="4184610270" visible="true" version="1" changeset="39303439" timestamp="2016-05-14T02:10:31Z" user="mcheckimport" uid="893327" lat="41.1068979" lon="16.8845638"/>
 <node id="4184610271" visible="true" version="1" changeset="39303439" timestamp="2016-05-14T02:10:34Z" user="mcheckimport" uid="893327" lat="41.1068981" lon="16.8848065"/>
 <node id="4184610277" visible="true" version="1" changeset="39303439" timestamp="2016-05-14T02:10:35Z" user="mcheckimport" uid="893327" lat="41.1068997" lon="16.8845631"/>
 <node id="4184610280" visible="true" version="1" changeset="39303439" timestamp="2016-05-14T02:10:35Z" user="mcheckimport" uid="893327" lat="41.1069016" lon="16.8869251"/>
 <node id="4184610285" visible="true" version="2" changeset="172494678" timestamp="2025-09-26T16:40:33Z" user="Alexis04132" uid="20509407" lat="41.1069720" lon="16.8884754"/>
 <node id="4184610391" visible="true" version="1" changeset="39303439" timestamp="2016-05-14T02:10:36Z" user="mcheckimport" uid="893327" lat="41.1069082" lon="16.8863438"/>
 <node id="4184610397" visible="true" version="1" changeset="39303439" timestamp="2016-05-14T02:10:37Z" user="mcheckimport" uid="893327" lat="41.1069113" lon="16.8849022"/>
 <node id="4184610398" visible="true" version="1" changeset="39303439" timestamp="2016-05-14T02:10:37Z" user="mcheckimport" uid="893327" lat="41.1069114" lon="16.8846080"/>
 <node id="4184610400" visible="true" version="1" changeset="39303439" timestamp="2016-05-14T02:10:37Z" user="mcheckimport" uid="893327" lat="41.1069119" lon="16.8861352"/>
 <node id="4184610403" visible="true" version="1" changeset="39303439" timestamp="2016-05-14T02:10:37Z" user="mcheckimport" uid="893327" lat="41.1069139" lon="16.8861562"/>
 <node id="4184610406" visible="true" version="1" changeset="39303439" timestamp="2016-05-14T02:10:38Z" user="mcheckimport" uid="893327" lat="41.1069150" lon="16.8861603"/>
 <node id="4184610408" visible="true" version="1" changeset="39303439" timestamp="2016-05-14T02:10:38Z" user="mcheckimport" uid="893327" lat="41.1069159" lon="16.8849177"/>
 <node id="4184610411" visible="true" version="1" changeset="39303439" timestamp="2016-05-14T02:10:38Z" user="mcheckimport" uid="893327" lat="41.1069175" lon="16.8861547"/>
 <node id="4184610421" visible="true" version="1" changeset="39303439" timestamp="2016-05-14T02:10:40Z" user="mcheckimport" uid="893327" lat="41.1069231" lon="16.8861523"/>
 <node id="4184610428" visible="true" version="1" changeset="39303439" timestamp="2016-05-14T02:10:41Z" user="mcheckimport" uid="893327" lat="41.1069267" lon="16.8849536"/>
 <node id="4184610430" visible="true" version="1" changeset="39303439" timestamp="2016-05-14T02:10:41Z" user="mcheckimport" uid="893327" lat="41.1069278" lon="16.8849576"/>
 <node id="4184610431" visible="true" version="1" changeset="39303439" timestamp="2016-05-14T02:10:41Z" user="mcheckimport" uid="893327" lat="41.1069280" lon="16.8848572"/>
 <node id="4184610436" visible="true" version="1" changeset="39303439" timestamp="2016-05-14T02:10:42Z" user="mcheckimport" uid="893327" lat="41.1069295" lon="16.8867989"/>
 <node id="4184610440" visible="true" version="1" changeset="39303439" timestamp="2016-05-14T02:10:42Z" user="mcheckimport" uid="893327" lat="41.1069304" lon="16.8845997"/>
 <node id="4184610445" visible="true" version="1" changeset="39303439" timestamp="2016-05-14T02:10:43Z" user="mcheckimport" uid="893327" lat="41.1069356" lon="16.8868206"/>
 <node id="4184610446" visible="true" version="1" changeset="39303439" timestamp="2016-05-14T02:10:43Z" user="mcheckimport" uid="893327" lat="41.1069359" lon="16.8850354"/>
 <node id="4184610447" visible="true" version="1" changeset="39303439" timestamp="2016-05-14T02:10:43Z" user="mcheckimport" uid="893327" lat="41.1069361" lon="16.8848899"/>
 <node id="4184610448" visible="true" version="1" changeset="39303439" timestamp="2016-05-14T02:10:43Z" user="mcheckimport" uid="893327" lat="41.1069363" lon="16.8852303"/>
 <node id="4184610449" visible="true" version="1" changeset="39303439" timestamp="2016-05-14T02:10:43Z" user="mcheckimport" uid="893327" lat="41.1069363" lon="16.8867547"/>
 <node id="4184610456" visible="true" version="1" changeset="39303439" timestamp="2016-05-14T02:10:44Z" user="mcheckimport" uid="893327" lat="41.1069405" lon="16.8870674"/>
 <node id="4184610461" visible="true" version="1" changeset="39303439" timestamp="2016-05-14T02:10:45Z" user="mcheckimport" uid="893327" lat="41.1069429" lon="16.8846450"/>
 <node id="4184610462" visible="true" version="1" changeset="39303439" timestamp="2016-05-14T02:10:45Z" user="mcheckimport" uid="893327" lat="41.1069438" lon="16.8868494"/>
 <node id="4184610464" visible="true" version="1" changeset="39303439" timestamp="2016-05-14T02:10:45Z" user="mcheckimport" uid="893327" lat="41.1069442" lon="16.8850645"/>
 <node id="4184610465" visible="true" version="1" changeset="39303439" timestamp="2016-05-14T02:10:45Z" user="mcheckimport" uid="893327" lat="41.1069446" lon="16.8846444"/>
 <node id="4184610473" visible="true" version="1" changeset="39303439" timestamp="2016-05-14T02:10:46Z" user="mcheckimport" uid="893327" lat="41.1069485" lon="16.8846587"/>
 <node id="4184610474" visible="true" version="1" changeset="39303439" timestamp="2016-05-14T02:10:46Z" user="mcheckimport" uid="893327" lat="41.1069495" lon="16.8846625"/>
 <node id="4184610475" visible="true" version="1" changeset="39303439" timestamp="2016-05-14T02:10:46Z" user="mcheckimport" uid="893327" lat="41.1069507" lon="16.8849484"/>
 <node id="4184610477" visible="true" version="1" changeset="39303439" timestamp="2016-05-14T02:10:46Z" user="mcheckimport" uid="893327" lat="41.1069534" lon="16.8865120"/>
 <node id="4184610479" visible="true" version="1" changeset="39303439" timestamp="2016-05-14T02:10:47Z" user="mcheckimport" uid="893327" lat="41.1069538" lon="16.8863249"/>
 <node id="4184610483" visible="true" version="1" changeset="39303439" timestamp="2016-05-14T02:10:47Z" user="mcheckimport" uid="893327" lat="41.1069562" lon="16.8871247"/>
 <node id="4184610484" visible="true" version="1" changeset="39303439" timestamp="2016-05-14T02:10:47Z" user="mcheckimport" uid="893327" lat="41.1069565" lon="16.8846882"/>
 <node id="4184610485" visible="true" version="1" changeset="39303439" timestamp="2016-05-14T02:10:47Z" user="mcheckimport" uid="893327" lat="41.1069567" lon="16.8867459"/>
 <node id="4184610487" visible="true" version="1" changeset="39303439" timestamp="2016-05-14T02:10:48Z" user="mcheckimport" uid="893327" lat="41.1069578" lon="16.8863559"/>
 <node id="4184610491" visible="true" version="1" changeset="39303439" timestamp="2016-05-14T02:10:48Z" user="mcheckimport" uid="893327" lat="41.1069640" lon="16.8863207"/>
 <node id="4184610492" visible="true" version="1" changeset="39303439" timestamp="2016-05-14T02:10:48Z" user="mcheckimport" uid="893327" lat="41.1069675" lon="16.8846832"/>
 <node id="4184610494" visible="true" version="1" changeset="39303439" timestamp="2016-05-14T02:10:48Z" user="mcheckimport" uid="893327" lat="41.1069709" lon="16.8850515"/>
 <node id="4184610499" visible="true" version="1" changeset="39303439" timestamp="2016-05-14T02:10:49Z" user="mcheckimport" uid="893327" lat="41.1069735" lon="16.8861310"/>
 <node id="4184610502" visible="true" version="1" changeset="39303439" timestamp="2016-05-14T02:10:49Z" user="mcheckimport" uid="893327" lat="41.1069749" lon="16.8865977"/>
 <node id="4184610505" visible="true" version="1" changeset="39303439" timestamp="2016-05-14T02:10:50Z" user="mcheckimport" uid="893327" lat="41.1069761" lon="16.8850706"/>
 <node id="4184610507" visible="true" version="1" changeset="39303439" timestamp="2016-05-14T02:10:50Z" user="mcheckimport" uid="893327" lat="41.1069771" lon="16.8847183"/>
 <node id="4184610518" visible="true" version="1" changeset="39303439" timestamp="2016-05-14T02:10:51Z" user="mcheckimport" uid="893327" lat="41.1069784" lon="16.8849373"/>
 <node id="4184610523" visible="true" version="1" changeset="39303439" timestamp="2016-05-14T02:10:52Z" user="mcheckimport" uid="893327" lat="41.1069803" lon="16.8847300"/>
 <node id="4184610529" visible="true" version="1" changeset="39303439" timestamp="2016-05-14T02:10:52Z" user="mcheckimport" uid="893327" lat="41.1069831" lon="16.8847292"/>
 <node id="4184610530" visible="true" version="1" changeset="39303439" timestamp="2016-05-14T02:10:53Z" user="mcheckimport" uid="893327" lat="41.1069833" lon="16.8849353"/>
 <node id="4184610547" visible="true" version="1" changeset="39303439" timestamp="2016-05-14T02:10:54Z" user="mcheckimport" uid="893327" lat="41.1069917" lon="16.8864967"/>
 <node id="4184610552" visible="true" version="1" changeset="39303439" timestamp="2016-05-14T02:10:55Z" user="mcheckimport" uid="893327" lat="41.1069950" lon="16.8847701"/>
 <node id="4184610555" visible="true" version="1" changeset="39303439" timestamp="2016-05-14T02:10:55Z" user="mcheckimport" uid="893327" lat="41.1069958" lon="16.8849828"/>
 <node id="4184610567" visible="true" version="1" changeset="39303439" timestamp="2016-05-14T02:10:57Z" user="mcheckimport" uid="893327" lat="41.1070044" lon="16.8849786"/>
 <node id="4184610570" visible="true" version="1" changeset="39303439" timestamp="2016-05-14T02:10:57Z" user="mcheckimport" uid="893327" lat="41.1070057" lon="16.8847661"/>
 <node id="4184610574" visible="true" version="1" changeset="39303439" timestamp="2016-05-14T02:10:58Z" user="mcheckimport" uid="893327" lat="41.1070067" lon="16.8867241"/>
 <node id="4184610584" visible="true" version="1" changeset="39303439" timestamp="2016-05-14T02:10:59Z" user="mcheckimport" uid="893327" lat="41.1070132" lon="16.8851939"/>
 <node id="4184610585" visible="true" version="1" changeset="39303439" timestamp="2016-05-14T02:10:59Z" user="mcheckimport" uid="893327" lat="41.1070133" lon="16.8867439"/>
 <node id="4184610588" visible="true" version="1" changeset="39303439" timestamp="2016-05-14T02:10:59Z" user="mcheckimport" uid="893327" lat="41.1070141" lon="16.8847968"/>
 <node id="4184610590" visible="true" version="1" changeset="39303439" timestamp="2016-05-14T02:10:59Z" user="mcheckimport" uid="893327" lat="41.1070144" lon="16.8862998"/>
 <node id="4184610596" visible="true" version="1" changeset="39303439" timestamp="2016-05-14T02:11:00Z" user="mcheckimport" uid="893327" lat="41.1070163" lon="16.8850221"/>
 <node id="4184610597" visible="true" version="1" changeset="39303439" timestamp="2016-05-14T02:11:00Z" user="mcheckimport" uid="893327" lat="41.1070163" lon="16.8867592"/>
 <node id="4184610599" visible="true" version="1" changeset="39303439" timestamp="2016-05-14T02:11:01Z" user="mcheckimport" uid="893327" lat="41.1070187" lon="16.8848135"/>
 <node id="4184610603" visible="true" version="1" changeset="39303439" timestamp="2016-05-14T02:11:01Z" user="mcheckimport" uid="893327" lat="41.1070206" lon="16.8848126"/>
 <node id="4184610605" visible="true" version="1" changeset="39303439" timestamp="2016-05-14T02:11:01Z" user="mcheckimport" uid="893327" lat="41.1070214" lon="16.8862969"/>
 <node id="4184610606" visible="true" version="1" changeset="39303439" timestamp="2016-05-14T02:11:02Z" user="mcheckimport" uid="893327" lat="41.1070216" lon="16.8848122"/>
 <node id="4184610607" visible="true" version="1" changeset="39303439" timestamp="2016-05-14T02:11:02Z" user="mcheckimport" uid="893327" lat="41.1070218" lon="16.8867864"/>
 <node id="4184610610" visible="true" version="1" changeset="39303439" timestamp="2016-05-14T02:11:02Z" user="mcheckimport" uid="893327" lat="41.1070230" lon="16.8850189"/>
 <node id="4184610615" visible="true" version="1" changeset="39303439" timestamp="2016-05-14T02:11:03Z" user="mcheckimport" uid="893327" lat="41.1070275" lon="16.8868152"/>
 <node id="4184610623" visible="true" version="1" changeset="39303439" timestamp="2016-05-14T02:11:04Z" user="mcheckimport" uid="893327" lat="41.1070293" lon="16.8850437"/>
 <node id="4184610627" visible="true" version="1" changeset="39303439" timestamp="2016-05-14T02:11:04Z" user="mcheckimport" uid="893327" lat="41.1070328" lon="16.8848526"/>
 <node id="4184610667" visible="true" version="1" changeset="39303439" timestamp="2016-05-14T02:11:09Z" user="mcheckimport" uid="893327" lat="41.1070518" lon="16.8848443"/>
 <node id="4184610677" visible="true" version="1" changeset="39303439" timestamp="2016-05-14T02:11:10Z" user="mcheckimport" uid="893327" lat="41.1070594" lon="16.8848753"/>
 <node id="4184610679" visible="true" version="1" changeset="39303439" timestamp="2016-05-14T02:11:10Z" user="mcheckimport" uid="893327" lat="41.1070607" lon="16.8863075"/>
 <node id="4184610681" visible="true" version="1" changeset="39303439" timestamp="2016-05-14T02:11:10Z" user="mcheckimport" uid="893327" lat="41.1070621" lon="16.8867261"/>
 <node id="4184610691" visible="true" version="1" changeset="39303439" timestamp="2016-05-14T02:11:12Z" user="mcheckimport" uid="893327" lat="41.1070685" lon="16.8849123"/>
 <node id="4184610694" visible="true" version="1" changeset="39303439" timestamp="2016-05-14T02:11:12Z" user="mcheckimport" uid="893327" lat="41.1070692" lon="16.8862771"/>
 <node id="4184610698" visible="true" version="1" changeset="39303439" timestamp="2016-05-14T02:11:12Z" user="mcheckimport" uid="893327" lat="41.1070721" lon="16.8862899"/>
 <node id="4184610701" visible="true" version="1" changeset="39303439" timestamp="2016-05-14T02:11:13Z" user="mcheckimport" uid="893327" lat="41.1070762" lon="16.8849091"/>
 <node id="4184610709" visible="true" version="1" changeset="39303439" timestamp="2016-05-14T02:11:14Z" user="mcheckimport" uid="893327" lat="41.1070819" lon="16.8863331"/>
 <node id="4184610720" visible="true" version="1" changeset="39303439" timestamp="2016-05-14T02:11:15Z" user="mcheckimport" uid="893327" lat="41.1070913" lon="16.8850375"/>
 <node id="4184610725" visible="true" version="1" changeset="39303439" timestamp="2016-05-14T02:11:16Z" user="mcheckimport" uid="893327" lat="41.1070934" lon="16.8868516"/>
 <node id="4184610727" visible="true" version="1" changeset="39303439" timestamp="2016-05-14T02:11:16Z" user="mcheckimport" uid="893327" lat="41.1070944" lon="16.8849748"/>
 <node id="4184610735" visible="true" version="1" changeset="39303439" timestamp="2016-05-14T02:11:17Z" user="mcheckimport" uid="893327" lat="41.1070974" lon="16.8850144"/>
 <node id="4184610740" visible="true" version="1" changeset="39303439" timestamp="2016-05-14T02:11:17Z" user="mcheckimport" uid="893327" lat="41.1070992" lon="16.8864540"/>
 <node id="4184610747" visible="true" version="1" changeset="39303439" timestamp="2016-05-14T02:11:18Z" user="mcheckimport" uid="893327" lat="41.1071030" lon="16.8850314"/>
 <node id="4184610749" visible="true" version="1" changeset="39303439" timestamp="2016-05-14T02:11:18Z" user="mcheckimport" uid="893327" lat="41.1071033" lon="16.8850066"/>
 <node id="4184610752" visible="true" version="1" changeset="39303439" timestamp="2016-05-14T02:11:18Z" user="mcheckimport" uid="893327" lat="41.1071041" lon="16.8850098"/>
 <node id="4184610761" visible="true" version="1" changeset="39303439" timestamp="2016-05-14T02:11:19Z" user="mcheckimport" uid="893327" lat="41.1071072" lon="16.8864435"/>
 <node id="4184610764" visible="true" version="1" changeset="39303439" timestamp="2016-05-14T02:11:20Z" user="mcheckimport" uid="893327" lat="41.1071087" lon="16.8864502"/>
 <node id="4184610767" visible="true" version="1" changeset="39303439" timestamp="2016-05-14T02:11:20Z" user="mcheckimport" uid="893327" lat="41.1071102" lon="16.8856966"/>
 <node id="4184610784" visible="true" version="1" changeset="39303439" timestamp="2016-05-14T02:11:22Z" user="mcheckimport" uid="893327" lat="41.1071207" lon="16.8851426"/>
 <node id="4184610793" visible="true" version="1" changeset="39303439" timestamp="2016-05-14T02:11:24Z" user="mcheckimport" uid="893327" lat="41.1071243" lon="16.8857568"/>
 <node id="4184610797" visible="true" version="1" changeset="39303439" timestamp="2016-05-14T02:11:24Z" user="mcheckimport" uid="893327" lat="41.1071263" lon="16.8872193"/>
 <node id="4184610872" visible="true" version="1" changeset="39303439" timestamp="2016-05-14T02:11:35Z" user="mcheckimport" uid="893327" lat="41.1071782" lon="16.8871917"/>
 <node id="4184610873" visible="true" version="1" changeset="39303439" timestamp="2016-05-14T02:11:35Z" user="mcheckimport" uid="893327" lat="41.1071789" lon="16.8871941"/>
 <node id="4184610993" visible="true" version="1" changeset="39303439" timestamp="2016-05-14T02:11:37Z" user="mcheckimport" uid="893327" lat="41.1071904" lon="16.8860394"/>
 <node id="4184611073" visible="true" version="1" changeset="39303439" timestamp="2016-05-14T02:11:47Z" user="mcheckimport" uid="893327" lat="41.1072238" lon="16.8838392"/>
 <node id="4184611234" visible="true" version="1" changeset="39303439" timestamp="2016-05-14T02:11:54Z" user="mcheckimport" uid="893327" lat="41.1072530" lon="16.8856285"/>
 <node id="4184611285" visible="true" version="1" changeset="39303439" timestamp="2016-05-14T02:12:00Z" user="mcheckimport" uid="893327" lat="41.1072733" lon="16.8840812"/>
 <node id="4184611341" visible="true" version="1" changeset="39303439" timestamp="2016-05-14T02:12:07Z" user="mcheckimport" uid="893327" lat="41.1072952" lon="16.8840699"/>
 <node id="4184611422" visible="true" version="1" changeset="39303439" timestamp="2016-05-14T02:12:17Z" user="mcheckimport" uid="893327" lat="41.1073346" lon="16.8844708"/>
 <node id="4184611476" visible="true" version="1" changeset="39303439" timestamp="2016-05-14T02:12:23Z" user="mcheckimport" uid="893327" lat="41.1073540" lon="16.8843435"/>
 <node id="4184611481" visible="true" version="1" changeset="39303439" timestamp="2016-05-14T02:12:24Z" user="mcheckimport" uid="893327" lat="41.1073567" lon="16.8846290"/>
 <node id="4184611564" visible="true" version="1" changeset="39303439" timestamp="2016-05-14T02:12:33Z" user="mcheckimport" uid="893327" lat="41.1073888" lon="16.8855638"/>
 <node id="4184611581" visible="true" version="1" changeset="39303439" timestamp="2016-05-14T02:12:37Z" user="mcheckimport" uid="893327" lat="41.1073979" lon="16.8855594"/>
 <node id="4184611636" visible="true" version="1" changeset="39303439" timestamp="2016-05-14T02:12:44Z" user="mcheckimport" uid="893327" lat="41.1074142" lon="16.8857126"/>
 <node id="4184611655" visible="true" version="1" changeset="39303439" timestamp="2016-05-14T02:12:46Z" user="mcheckimport" uid="893327" lat="41.1074207" lon="16.8844460"/>
 <node id="4184611660" visible="true" version="1" changeset="39303439" timestamp="2016-05-14T02:12:47Z" user="mcheckimport" uid="893327" lat="41.1074231" lon="16.8857554"/>
 <node id="4184611682" visible="true" version="1" changeset="39303439" timestamp="2016-05-14T02:12:50Z" user="mcheckimport" uid="893327" lat="41.1074317" lon="16.8870450"/>
 <node id="4184611807" visible="true" version="1" changeset="39303439" timestamp="2016-05-14T02:12:53Z" user="mcheckimport" uid="893327" lat="41.1074439" lon="16.8865471"/>
 <node id="4184611809" visible="true" version="1" changeset="39303439" timestamp="2016-05-14T02:12:53Z" user="mcheckimport" uid="893327" lat="41.1074446" lon="16.8846019"/>
 <node id="4184611811" visible="true" version="1" changeset="39303439" timestamp="2016-05-14T02:12:54Z" user="mcheckimport" uid="893327" lat="41.1074449" lon="16.8871045"/>
 <node id="4184611816" visible="true" version="1" changeset="39303439" timestamp="2016-05-14T02:12:54Z" user="mcheckimport" uid="893327" lat="41.1074491" lon="16.8865677"/>
 <node id="4184611838" visible="true" version="1" changeset="39303439" timestamp="2016-05-14T02:12:57Z" user="mcheckimport" uid="893327" lat="41.1074606" lon="16.8857417"/>
 <node id="4184611839" visible="true" version="1" changeset="39303439" timestamp="2016-05-14T02:12:57Z" user="mcheckimport" uid="893327" lat="41.1074607" lon="16.8856957"/>
 <node id="4184611843" visible="true" version="1" changeset="39303439" timestamp="2016-05-14T02:12:58Z" user="mcheckimport" uid="893327" lat="41.1074620" lon="16.8837180"/>
 <node id="4184611846" visible="true" version="1" changeset="39303439" timestamp="2016-05-14T02:12:58Z" user="mcheckimport" uid="893327" lat="41.1074643" lon="16.8865620"/>
 <node id="4184611852" visible="true" version="1" changeset="39303439" timestamp="2016-05-14T02:12:59Z" user="mcheckimport" uid="893327" lat="41.1074675" lon="16.8865752"/>
 <node id="4184611871" visible="true" version="1" changeset="39303439" timestamp="2016-05-14T02:13:01Z" user="mcheckimport" uid="893327" lat="41.1074789" lon="16.8857350"/>
 <node id="4184611893" visible="true" version="1" changeset="39303439" timestamp="2016-05-14T02:13:04Z" user="mcheckimport" uid="893327" lat="41.1074846" lon="16.8866469"/>
 <node id="4184611896" visible="true" version="1" changeset="39303439" timestamp="2016-05-14T02:13:05Z" user="mcheckimport" uid="893327" lat="41.1074867" lon="16.8857520"/>
 <node id="4184611945" visible="true" version="1" changeset="39303439" timestamp="2016-05-14T02:13:11Z" user="mcheckimport" uid="893327" lat="41.1075049" lon="16.8857914"/>
 <node id="4184611988" visible="true" version="1" changeset="39303439" timestamp="2016-05-14T02:13:16Z" user="mcheckimport" uid="893327" lat="41.1075163" lon="16.8842913"/>
 <node id="4184612053" visible="true" version="1" changeset="39303439" timestamp="2016-05-14T02:13:23Z" user="mcheckimport" uid="893327" lat="41.1075315" lon="16.8843381"/>
 <node id="4184612069" visible="true" version="1" changeset="39303439" timestamp="2016-05-14T02:13:25Z" user="mcheckimport" uid="893327" lat="41.1075346" lon="16.8866266"/>
 <node id="4184612073" visible="true" version="1" changeset="39303439" timestamp="2016-05-14T02:13:26Z" user="mcheckimport" uid="893327" lat="41.1075354" lon="16.8868602"/>
 <node id="4184612111" visible="true" version="1" changeset="39303439" timestamp="2016-05-14T02:13:30Z" user="mcheckimport" uid="893327" lat="41.1075467" lon="16.8842739"/>
 <node id="4184612115" visible="true" version="1" changeset="39303439" timestamp="2016-05-14T02:13:31Z" user="mcheckimport" uid="893327" lat="41.1075493" lon="16.8862542"/>
 <node id="4184612120" visible="true" version="1" changeset="39303439" timestamp="2016-05-14T02:13:31Z" user="mcheckimport" uid="893327" lat="41.1075518" lon="16.8870572"/>
 <node id="4184612141" visible="true" version="1" changeset="39303439" timestamp="2016-05-14T02:13:34Z" user="mcheckimport" uid="893327" lat="41.1075585" lon="16.8862949"/>
 <node id="4184612153" visible="true" version="1" changeset="39303439" timestamp="2016-05-14T02:13:35Z" user="mcheckimport" uid="893327" lat="41.1075619" lon="16.8843208"/>
 <node id="4184612154" visible="true" version="1" changeset="39303439" timestamp="2016-05-14T02:13:35Z" user="mcheckimport" uid="893327" lat="41.1075623" lon="16.8842656"/>
 <node id="4184612164" visible="true" version="1" changeset="39303439" timestamp="2016-05-14T02:13:36Z" user="mcheckimport" uid="893327" lat="41.1075652" lon="16.8871106"/>
 <node id="4184612170" visible="true" version="1" changeset="39303439" timestamp="2016-05-14T02:13:38Z" user="mcheckimport" uid="893327" lat="41.1075680" lon="16.8867686"/>
 <node id="4184612393" visible="true" version="1" changeset="39303439" timestamp="2016-05-14T02:13:42Z" user="mcheckimport" uid="893327" lat="41.1075763" lon="16.8862434"/>
 <node id="4184612396" visible="true" version="1" changeset="39303439" timestamp="2016-05-14T02:13:42Z" user="mcheckimport" uid="893327" lat="41.1075770" lon="16.8871582"/>
 <node id="4184612400" visible="true" version="1" changeset="39303439" timestamp="2016-05-14T02:13:43Z" user="mcheckimport" uid="893327" lat="41.1075779" lon="16.8843129"/>
 <node id="4184612403" visible="true" version="1" changeset="39303439" timestamp="2016-05-14T02:13:43Z" user="mcheckimport" uid="893327" lat="41.1075783" lon="16.8862529"/>
 <node id="4184612431" visible="true" version="1" changeset="39303439" timestamp="2016-05-14T02:13:47Z" user="mcheckimport" uid="893327" lat="41.1075888" lon="16.8872058"/>
 <node id="4184612445" visible="true" version="1" changeset="39303439" timestamp="2016-05-14T02:13:48Z" user="mcheckimport" uid="893327" lat="41.1075942" lon="16.8842473"/>
 <node id="4184612458" visible="true" version="1" changeset="39303439" timestamp="2016-05-14T02:13:50Z" user="mcheckimport" uid="893327" lat="41.1075974" lon="16.8867564"/>
 <node id="4184612469" visible="true" version="1" changeset="39303439" timestamp="2016-05-14T02:13:52Z" user="mcheckimport" uid="893327" lat="41.1076010" lon="16.8864831"/>
 <node id="4184612493" visible="true" version="1" changeset="39303439" timestamp="2016-05-14T02:13:55Z" user="mcheckimport" uid="893327" lat="41.1076097" lon="16.8842946"/>
 <node id="4184612495" visible="true" version="1" changeset="39303439" timestamp="2016-05-14T02:13:55Z" user="mcheckimport" uid="893327" lat="41.1076105" lon="16.8842071"/>
 <node id="4184612496" visible="true" version="1" changeset="39303439" timestamp="2016-05-14T02:13:55Z" user="mcheckimport" uid="893327" lat="41.1076106" lon="16.8845433"/>
 <node id="4184612498" visible="true" version="1" changeset="39303439" timestamp="2016-05-14T02:13:55Z" user="mcheckimport" uid="893327" lat="41.1076107" lon="16.8865152"/>
 <node id="4184612507" visible="true" version="1" changeset="39303439" timestamp="2016-05-14T02:13:56Z" user="mcheckimport" uid="893327" lat="41.1076127" lon="16.8868244"/>
 <node id="4184613429" visible="true" version="1" changeset="39303439" timestamp="2016-05-14T02:14:11Z" user="mcheckimport" uid="893327" lat="41.1076472" lon="16.8846543"/>
 <node id="4184613451" visible="true" version="1" changeset="39303439" timestamp="2016-05-14T02:14:14Z" user="mcheckimport" uid="893327" lat="41.1076525" lon="16.8862170"/>
 <node id="4184613615" visible="true" version="1" changeset="39303439" timestamp="2016-05-14T02:14:23Z" user="mcheckimport" uid="893327" lat="41.1076737" lon="16.8853076"/>
 <node id="4184613630" visible="true" version="1" changeset="39303439" timestamp="2016-05-14T02:14:25Z" user="mcheckimport" uid="893327" lat="41.1076765" lon="16.8862053"/>
 <node id="4184613631" visible="true" version="1" changeset="39303439" timestamp="2016-05-14T02:14:25Z" user="mcheckimport" uid="893327" lat="41.1076771" lon="16.8871636"/>
 <node id="4184613655" visible="true" version="2" changeset="172494678" timestamp="2025-09-26T16:40:33Z" user="Alexis04132" uid="20509407" lat="41.1075945" lon="16.8874624"/>
 <node id="4184613680" visible="true" version="1" changeset="39303439" timestamp="2016-05-14T02:14:31Z" user="mcheckimport" uid="893327" lat="41.1076897" lon="16.8861920"/>
 <node id="4184613689" visible="true" version="1" changeset="39303439" timestamp="2016-05-14T02:14:32Z" user="mcheckimport" uid="893327" lat="41.1076923" lon="16.8861977"/>
 <node id="4184613715" visible="true" version="1" changeset="39303439" timestamp="2016-05-14T02:14:35Z" user="mcheckimport" uid="893327" lat="41.1076989" lon="16.8853618"/>
 <node id="4184613931" visible="true" version="2" changeset="172494678" timestamp="2025-09-26T16:40:33Z" user="Alexis04132" uid="20509407" lat="41.1077658" lon="16.8873830"/>
 <node id="4184614255" visible="true" version="1" changeset="39303439" timestamp="2016-05-14T02:15:24Z" user="mcheckimport" uid="893327" lat="41.1077982" lon="16.8844255"/>
 <node id="4184614271" visible="true" version="1" changeset="39303439" timestamp="2016-05-14T02:15:26Z" user="mcheckimport" uid="893327" lat="41.1078032" lon="16.8844412"/>
 <node id="4184614422" visible="true" version="1" changeset="39303439" timestamp="2016-05-14T02:15:32Z" user="mcheckimport" uid="893327" lat="41.1078173" lon="16.8867297"/>
 <node id="4184614440" visible="true" version="1" changeset="39303439" timestamp="2016-05-14T02:15:34Z" user="mcheckimport" uid="893327" lat="41.1078237" lon="16.8869865"/>
 <node id="4184614460" visible="true" version="2" changeset="172494678" timestamp="2025-09-26T16:40:33Z" user="Alexis04132" uid="20509407" lat="41.1079357" lon="16.8880290"/>
 <node id="4184614475" visible="true" version="1" changeset="39303439" timestamp="2016-05-14T02:15:38Z" user="mcheckimport" uid="893327" lat="41.1078350" lon="16.8845556"/>
 <node id="4184614565" visible="true" version="1" changeset="39303439" timestamp="2016-05-14T02:15:58Z" user="mcheckimport" uid="893327" lat="41.1078763" lon="16.8857869"/>
 <node id="4184614569" visible="true" version="1" changeset="39303439" timestamp="2016-05-14T02:15:58Z" user="mcheckimport" uid="893327" lat="41.1078771" lon="16.8845504"/>
 <node id="4184614689" visible="true" version="1" changeset="39303439" timestamp="2016-05-14T02:15:40Z" user="mcheckimport" uid="893327" lat="41.1078394" lon="16.8845688"/>
 <node id="4184614722" visible="true" version="1" changeset="39303439" timestamp="2016-05-14T02:15:44Z" user="mcheckimport" uid="893327" lat="41.1078475" lon="16.8870821"/>
 <node id="4184614724" visible="true" version="1" changeset="39303439" timestamp="2016-05-14T02:15:44Z" user="mcheckimport" uid="893327" lat="41.1078488" lon="16.8868529"/>
 <node id="4184614732" visible="true" version="1" changeset="39303439" timestamp="2016-05-14T02:15:45Z" user="mcheckimport" uid="893327" lat="41.1078510" lon="16.8846046"/>
 <node id="4184614799" visible="true" version="1" changeset="39303439" timestamp="2016-05-14T02:16:03Z" user="mcheckimport" uid="893327" lat="41.1078869" lon="16.8845858"/>
 <node id="4184614821" visible="true" version="1" changeset="39303439" timestamp="2016-05-14T02:16:06Z" user="mcheckimport" uid="893327" lat="41.1078920" lon="16.8857761"/>
 <node id="4184614833" visible="true" version="1" changeset="39303439" timestamp="2016-05-14T02:16:08Z" user="mcheckimport" uid="893327" lat="41.1078959" lon="16.8843715"/>
 <node id="4184614852" visible="true" version="1" changeset="39303439" timestamp="2016-05-14T02:16:10Z" user="mcheckimport" uid="893327" lat="41.1079008" lon="16.8843850"/>
 <node id="4184614854" visible="true" version="1" changeset="39303439" timestamp="2016-05-14T02:16:11Z" user="mcheckimport" uid="893327" lat="41.1079010" lon="16.8845359"/>
 <node id="4184614888" visible="true" version="1" changeset="39303439" timestamp="2016-05-14T02:16:15Z" user="mcheckimport" uid="893327" lat="41.1079125" lon="16.8845721"/>
 <node id="4184614945" visible="true" version="1" changeset="39303439" timestamp="2016-05-14T02:16:22Z" user="mcheckimport" uid="893327" lat="41.1079293" lon="16.8848562"/>
 <node id="4184614966" visible="true" version="1" changeset="39303439" timestamp="2016-05-14T02:16:24Z" user="mcheckimport" uid="893327" lat="41.1079358" lon="16.8845033"/>
 <node id="4184614969" visible="true" version="1" changeset="39303439" timestamp="2016-05-14T02:16:25Z" user="mcheckimport" uid="893327" lat="41.1079364" lon="16.8854035"/>
 <node id="4184614982" visible="true" version="1" changeset="39303439" timestamp="2016-05-14T02:16:26Z" user="mcheckimport" uid="893327" lat="41.1079393" lon="16.8845154"/>
 <node id="4184615022" visible="true" version="1" changeset="39303439" timestamp="2016-05-14T02:16:31Z" user="mcheckimport" uid="893327" lat="41.1079488" lon="16.8851766"/>
 <node id="4184615027" visible="true" version="1" changeset="39303439" timestamp="2016-05-14T02:16:31Z" user="mcheckimport" uid="893327" lat="41.1079503" lon="16.8845533"/>
 <node id="4184615029" visible="true" version="1" changeset="39303439" timestamp="2016-05-14T02:16:31Z" user="mcheckimport" uid="893327" lat="41.1079504" lon="16.8851758"/>
 <node id="4184615096" visible="true" version="1" changeset="39303439" timestamp="2016-05-14T02:16:39Z" user="mcheckimport" uid="893327" lat="41.1079695" lon="16.8852176"/>
 <node id="4184615162" visible="true" version="1" changeset="39303439" timestamp="2016-05-14T02:16:47Z" user="mcheckimport" uid="893327" lat="41.1079932" lon="16.8860384"/>
 <node id="4184615194" visible="true" version="1" changeset="39303439" timestamp="2016-05-14T02:16:53Z" user="mcheckimport" uid="893327" lat="41.1080060" lon="16.8835552"/>
 <node id="4184615227" visible="true" version="1" changeset="39303439" timestamp="2016-05-14T02:16:58Z" user="mcheckimport" uid="893327" lat="41.1080160" lon="16.8860873"/>
 <node id="4184615238" visible="true" version="1" changeset="39303439" timestamp="2016-05-14T02:16:59Z" user="mcheckimport" uid="893327" lat="41.1080199" lon="16.8861651"/>
 <node id="4184615252" visible="true" version="1" changeset="39303439" timestamp="2016-05-14T02:17:01Z" user="mcheckimport" uid="893327" lat="41.1080236" lon="16.8853360"/>
 <node id="4184615262" visible="true" version="1" changeset="39303439" timestamp="2016-05-14T02:17:02Z" user="mcheckimport" uid="893327" lat="41.1080263" lon="16.8848050"/>
 <node id="4184615268" visible="true" version="1" changeset="39303439" timestamp="2016-05-14T02:17:03Z" user="mcheckimport" uid="893327" lat="41.1080274" lon="16.8875595"/>
 <node id="4184615294" visible="true" version="1" changeset="39303439" timestamp="2016-05-14T02:17:07Z" user="mcheckimport" uid="893327" lat="41.1080346" lon="16.8856135"/>
 <node id="4184615302" visible="true" version="1" changeset="39303439" timestamp="2016-05-14T02:17:08Z" user="mcheckimport" uid="893327" lat="41.1080364" lon="16.8860704"/>
 <node id="4184615326" visible="true" version="1" changeset="39303439" timestamp="2016-05-14T02:17:11Z" user="mcheckimport" uid="893327" lat="41.1080448" lon="16.8861440"/>
 <node id="4184615359" visible="true" version="1" changeset="39303439" timestamp="2016-05-14T02:17:15Z" user="mcheckimport" uid="893327" lat="41.1080504" lon="16.8861103"/>
 <node id="4184615388" visible="true" version="1" changeset="39303439" timestamp="2016-05-14T02:17:19Z" user="mcheckimport" uid="893327" lat="41.1080560" lon="16.8861043"/>
 <node id="4184615391" visible="true" version="1" changeset="39303439" timestamp="2016-05-14T02:17:19Z" user="mcheckimport" uid="893327" lat="41.1080569" lon="16.8862458"/>
 <node id="4184615402" visible="true" version="1" changeset="39303439" timestamp="2016-05-14T02:17:21Z" user="mcheckimport" uid="893327" lat="41.1080611" lon="16.8861303"/>
 <node id="4184615463" visible="true" version="1" changeset="39303439" timestamp="2016-05-14T02:17:28Z" user="mcheckimport" uid="893327" lat="41.1080748" lon="16.8862867"/>
 <node id="4184615701" visible="true" version="1" changeset="39303439" timestamp="2016-05-14T02:17:33Z" user="mcheckimport" uid="893327" lat="41.1080813" lon="16.8876751"/>
 <node id="4184615706" visible="true" version="1" changeset="39303439" timestamp="2016-05-14T02:17:33Z" user="mcheckimport" uid="893327" lat="41.1080825" lon="16.8851040"/>
 <node id="4184615717" visible="true" version="1" changeset="39303439" timestamp="2016-05-14T02:17:35Z" user="mcheckimport" uid="893327" lat="41.1080845" lon="16.8842732"/>
 <node id="4184615724" visible="true" version="1" changeset="39303439" timestamp="2016-05-14T02:17:35Z" user="mcheckimport" uid="893327" lat="41.1080863" lon="16.8835149"/>
 <node id="4184615732" visible="true" version="1" changeset="39303439" timestamp="2016-05-14T02:17:36Z" user="mcheckimport" uid="893327" lat="41.1080878" lon="16.8876690"/>
 <node id="4184615736" visible="true" version="1" changeset="39303439" timestamp="2016-05-14T02:17:37Z" user="mcheckimport" uid="893327" lat="41.1080883" lon="16.8842873"/>
 <node id="4184615748" visible="true" version="1" changeset="39303439" timestamp="2016-05-14T02:17:38Z" user="mcheckimport" uid="893327" lat="41.1080918" lon="16.8876969"/>
 <node id="4184615762" visible="true" version="1" changeset="39303439" timestamp="2016-05-14T02:17:40Z" user="mcheckimport" uid="893327" lat="41.1080952" lon="16.8863249"/>
 <node id="4184615777" visible="true" version="1" changeset="39303439" timestamp="2016-05-14T02:17:42Z" user="mcheckimport" uid="893327" lat="41.1080992" lon="16.8876908"/>
 <node id="4184615828" visible="true" version="1" changeset="39303439" timestamp="2016-05-14T02:17:49Z" user="mcheckimport" uid="893327" lat="41.1081083" lon="16.8877326"/>
 <node id="4184615838" visible="true" version="1" changeset="39303439" timestamp="2016-05-14T02:17:50Z" user="mcheckimport" uid="893327" lat="41.1081114" lon="16.8874919"/>
 <node id="4184615881" visible="true" version="1" changeset="39303439" timestamp="2016-05-14T02:17:55Z" user="mcheckimport" uid="893327" lat="41.1081223" lon="16.8839319"/>
 <node id="4184615886" visible="true" version="1" changeset="39303439" timestamp="2016-05-14T02:17:56Z" user="mcheckimport" uid="893327" lat="41.1081232" lon="16.8863823"/>
 <node id="4184615895" visible="true" version="1" changeset="39303439" timestamp="2016-05-14T02:17:59Z" user="mcheckimport" uid="893327" lat="41.1081244" lon="16.8844039"/>
 <node id="4184615900" visible="true" version="1" changeset="39303439" timestamp="2016-05-14T02:18:00Z" user="mcheckimport" uid="893327" lat="41.1081255" lon="16.8859716"/>
 <node id="4184615906" visible="true" version="1" changeset="39303439" timestamp="2016-05-14T02:18:01Z" user="mcheckimport" uid="893327" lat="41.1081268" lon="16.8877726"/>
 <node id="4184615916" visible="true" version="1" changeset="39303439" timestamp="2016-05-14T02:18:02Z" user="mcheckimport" uid="893327" lat="41.1081289" lon="16.8844159"/>
 <node id="4184615923" visible="true" version="1" changeset="39303439" timestamp="2016-05-14T02:18:03Z" user="mcheckimport" uid="893327" lat="41.1081309" lon="16.8855376"/>
 <node id="4184615934" visible="true" version="1" changeset="39303439" timestamp="2016-05-14T02:18:05Z" user="mcheckimport" uid="893327" lat="41.1081334" lon="16.8875371"/>
 <node id="4184615936" visible="true" version="1" changeset="39303439" timestamp="2016-05-14T02:18:05Z" user="mcheckimport" uid="893327" lat="41.1081337" lon="16.8859897"/>
 <node id="4184615943" visible="true" version="1" changeset="39303439" timestamp="2016-05-14T02:18:06Z" user="mcheckimport" uid="893327" lat="41.1081344" lon="16.8864077"/>
 <node id="4184615954" visible="true" version="1" changeset="39303439" timestamp="2016-05-14T02:18:08Z" user="mcheckimport" uid="893327" lat="41.1081363" lon="16.8864061"/>
 <node id="4184615969" visible="true" version="1" changeset="39303439" timestamp="2016-05-14T02:18:10Z" user="mcheckimport" uid="893327" lat="41.1081380" lon="16.8844509"/>
 <node id="4184615983" visible="true" version="1" changeset="39303439" timestamp="2016-05-14T02:18:12Z" user="mcheckimport" uid="893327" lat="41.1081426" lon="16.8863658"/>
 <node id="4184615992" visible="true" version="1" changeset="39303439" timestamp="2016-05-14T02:18:13Z" user="mcheckimport" uid="893327" lat="41.1081444" lon="16.8878106"/>
 <node id="4184616010" visible="true" version="1" changeset="39303439" timestamp="2016-05-14T02:18:16Z" user="mcheckimport" uid="893327" lat="41.1081490" lon="16.8860559"/>
 <node id="4184616022" visible="true" version="1" changeset="39303439" timestamp="2016-05-14T02:18:17Z" user="mcheckimport" uid="893327" lat="41.1081515" lon="16.8878055"/>
 <node id="4184616033" visible="true" version="1" changeset="39303439" timestamp="2016-05-14T02:18:19Z" user="mcheckimport" uid="893327" lat="41.1081550" lon="16.8878349"/>
 <node id="4184616035" visible="true" version="1" changeset="39303439" timestamp="2016-05-14T02:18:19Z" user="mcheckimport" uid="893327" lat="41.1081553" lon="16.8860316"/>
 <node id="4184616036" visible="true" version="1" changeset="39303439" timestamp="2016-05-14T02:18:19Z" user="mcheckimport" uid="893327" lat="41.1081555" lon="16.8863904"/>
 <node id="4184616037" visible="true" version="1" changeset="39303439" timestamp="2016-05-14T02:18:19Z" user="mcheckimport" uid="893327" lat="41.1081555" lon="16.8864541"/>
 <node id="4184616051" visible="true" version="1" changeset="39303439" timestamp="2016-05-14T02:18:21Z" user="mcheckimport" uid="893327" lat="41.1081605" lon="16.8876115"/>
 <node id="4184616054" visible="true" version="1" changeset="39303439" timestamp="2016-05-14T02:18:21Z" user="mcheckimport" uid="893327" lat="41.1081612" lon="16.8860842"/>
 <node id="4184616056" visible="true" version="1" changeset="39303439" timestamp="2016-05-14T02:18:21Z" user="mcheckimport" uid="893327" lat="41.1081616" lon="16.8878283"/>
 <node id="4184616065" visible="true" version="1" changeset="39303439" timestamp="2016-05-14T02:18:22Z" user="mcheckimport" uid="893327" lat="41.1081662" lon="16.8843955"/>
 <node id="4184616066" visible="true" version="1" changeset="39303439" timestamp="2016-05-14T02:18:23Z" user="mcheckimport" uid="893327" lat="41.1081663" lon="16.8876045"/>
 <node id="4184616077" visible="true" version="1" changeset="39303439" timestamp="2016-05-14T02:18:24Z" user="mcheckimport" uid="893327" lat="41.1081690" lon="16.8876335"/>
 <node id="4184616089" visible="true" version="1" changeset="39303439" timestamp="2016-05-14T02:18:25Z" user="mcheckimport" uid="893327" lat="41.1081716" lon="16.8864858"/>
 <node id="4184616090" visible="true" version="1" changeset="39303439" timestamp="2016-05-14T02:18:26Z" user="mcheckimport" uid="893327" lat="41.1081726" lon="16.8856268"/>
 <node id="4184616102" visible="true" version="1" changeset="39303439" timestamp="2016-05-14T02:18:27Z" user="mcheckimport" uid="893327" lat="41.1081754" lon="16.8844301"/>
 <node id="4184616110" visible="true" version="1" changeset="39303439" timestamp="2016-05-14T02:18:28Z" user="mcheckimport" uid="893327" lat="41.1081766" lon="16.8876268"/>
 <node id="4184616126" visible="true" version="1" changeset="39303439" timestamp="2016-05-14T02:18:30Z" user="mcheckimport" uid="893327" lat="41.1081801" lon="16.8859275"/>
 <node id="4184616139" visible="true" version="1" changeset="39303439" timestamp="2016-05-14T02:18:32Z" user="mcheckimport" uid="893327" lat="41.1081850" lon="16.8842197"/>
 <node id="4184616158" visible="true" version="1" changeset="39303439" timestamp="2016-05-14T02:18:34Z" user="mcheckimport" uid="893327" lat="41.1081889" lon="16.8861427"/>
 <node id="4184616162" visible="true" version="1" changeset="39303439" timestamp="2016-05-14T02:18:35Z" user="mcheckimport" uid="893327" lat="41.1081893" lon="16.8876537"/>
 <node id="4184616165" visible="true" version="1" changeset="39303439" timestamp="2016-05-14T02:18:35Z" user="mcheckimport" uid="893327" lat="41.1081898" lon="16.8842337"/>
 <node id="4184616168" visible="true" version="1" changeset="39303439" timestamp="2016-05-14T02:18:36Z" user="mcheckimport" uid="893327" lat="41.1081909" lon="16.8843812"/>
 <node id="4184616170" visible="true" version="1" changeset="39303439" timestamp="2016-05-14T02:18:36Z" user="mcheckimport" uid="893327" lat="41.1081930" lon="16.8876616"/>
 <node id="4184616181" visible="true" version="1" changeset="39303439" timestamp="2016-05-14T02:18:37Z" user="mcheckimport" uid="893327" lat="41.1081947" lon="16.8856740"/>
 <node id="4184616185" visible="true" version="1" changeset="39303439" timestamp="2016-05-14T02:18:38Z" user="mcheckimport" uid="893327" lat="41.1081954" lon="16.8865355"/>
 <node id="4184616208" visible="true" version="1" changeset="39303439" timestamp="2016-05-14T02:18:40Z" user="mcheckimport" uid="893327" lat="41.1082014" lon="16.8844176"/>
 <node id="4184616218" visible="true" version="1" changeset="39303439" timestamp="2016-05-14T02:18:42Z" user="mcheckimport" uid="893327" lat="41.1082055" lon="16.8861800"/>
 <node id="4184616220" visible="true" version="1" changeset="39303439" timestamp="2016-05-14T02:18:42Z" user="mcheckimport" uid="893327" lat="41.1082069" lon="16.8859894"/>
 <node id="4184616225" visible="true" version="1" changeset="39303439" timestamp="2016-05-14T02:18:43Z" user="mcheckimport" uid="893327" lat="41.1082082" lon="16.8879470"/>
 <node id="4184616228" visible="true" version="1" changeset="39303439" timestamp="2016-05-14T02:18:43Z" user="mcheckimport" uid="893327" lat="41.1082101" lon="16.8865730"/>
 <node id="4184616231" visible="true" version="1" changeset="39303439" timestamp="2016-05-14T02:18:43Z" user="mcheckimport" uid="893327" lat="41.1082105" lon="16.8879451"/>
 <node id="4184616239" visible="true" version="1" changeset="39303439" timestamp="2016-05-14T02:18:44Z" user="mcheckimport" uid="893327" lat="41.1082134" lon="16.8877046"/>
 <node id="4184616250" visible="true" version="1" changeset="39303439" timestamp="2016-05-14T02:18:46Z" user="mcheckimport" uid="893327" lat="41.1082174" lon="16.8860370"/>
 <node id="4184616252" visible="true" version="1" changeset="39303439" timestamp="2016-05-14T02:18:46Z" user="mcheckimport" uid="893327" lat="41.1082181" lon="16.8847038"/>
 <node id="4184616260" visible="true" version="1" changeset="39303439" timestamp="2016-05-14T02:18:47Z" user="mcheckimport" uid="893327" lat="41.1082211" lon="16.8877463"/>
 <node id="4184616267" visible="true" version="1" changeset="39303439" timestamp="2016-05-14T02:18:48Z" user="mcheckimport" uid="893327" lat="41.1082229" lon="16.8862165"/>
 <node id="4184616278" visible="true" version="1" changeset="39303439" timestamp="2016-05-14T02:18:49Z" user="mcheckimport" uid="893327" lat="41.1082266" lon="16.8843485"/>
 <node id="4184616280" visible="true" version="1" changeset="39303439" timestamp="2016-05-14T02:18:50Z" user="mcheckimport" uid="893327" lat="41.1082269" lon="16.8860290"/>
 <node id="4184616285" visible="true" version="1" changeset="39303439" timestamp="2016-05-14T02:18:50Z" user="mcheckimport" uid="893327" lat="41.1082282" lon="16.8866109"/>
 <node id="4184616292" visible="true" version="1" changeset="39303439" timestamp="2016-05-14T02:18:51Z" user="mcheckimport" uid="893327" lat="41.1082297" lon="16.8877390"/>
 <node id="4184616295" visible="true" version="1" changeset="39303439" timestamp="2016-05-14T02:18:51Z" user="mcheckimport" uid="893327" lat="41.1082305" lon="16.8843609"/>
 <node id="4184616305" visible="true" version="1" changeset="39303439" timestamp="2016-05-14T02:18:53Z" user="mcheckimport" uid="893327" lat="41.1082328" lon="16.8877700"/>
 <node id="4184616313" visible="true" version="1" changeset="39303439" timestamp="2016-05-14T02:18:54Z" user="mcheckimport" uid="893327" lat="41.1082356" lon="16.8859060"/>
 <node id="4184616324" visible="true" version="1" changeset="39303439" timestamp="2016-05-14T02:18:55Z" user="mcheckimport" uid="893327" lat="41.1082388" lon="16.8843976"/>
 <node id="4184616329" visible="true" version="1" changeset="39303439" timestamp="2016-05-14T02:18:56Z" user="mcheckimport" uid="893327" lat="41.1082401" lon="16.8865473"/>
 <node id="4184616332" visible="true" version="1" changeset="39303439" timestamp="2016-05-14T02:18:56Z" user="mcheckimport" uid="893327" lat="41.1082409" lon="16.8877642"/>
 <node id="4184616341" visible="true" version="1" changeset="39303439" timestamp="2016-05-14T02:18:57Z" user="mcheckimport" uid="893327" lat="41.1082452" lon="16.8877739"/>
 <node id="4184616382" visible="true" version="1" changeset="39303439" timestamp="2016-05-14T02:19:03Z" user="mcheckimport" uid="893327" lat="41.1082567" lon="16.8834297"/>
 <node id="4184616385" visible="true" version="1" changeset="39303439" timestamp="2016-05-14T02:19:03Z" user="mcheckimport" uid="893327" lat="41.1082581" lon="16.8865857"/>
 <node id="4184616494" visible="true" version="1" changeset="39303439" timestamp="2016-05-14T02:19:07Z" user="mcheckimport" uid="893327" lat="41.1082593" lon="16.8878057"/>
 <node id="4184616495" visible="true" version="1" changeset="39303439" timestamp="2016-05-14T02:19:07Z" user="mcheckimport" uid="893327" lat="41.1082599" lon="16.8866754"/>
 <node id="4184616508" visible="true" version="1" changeset="39303439" timestamp="2016-05-14T02:19:08Z" user="mcheckimport" uid="893327" lat="41.1082629" lon="16.8856183"/>
 <node id="4184616512" visible="true" version="1" changeset="39303439" timestamp="2016-05-14T02:19:09Z" user="mcheckimport" uid="893327" lat="41.1082646" lon="16.8863012"/>
 <node id="4184616542" visible="true" version="1" changeset="39303439" timestamp="2016-05-14T02:19:13Z" user="mcheckimport" uid="893327" lat="41.1082724" lon="16.8878351"/>
 <node id="4184616553" visible="true" version="1" changeset="39303439" timestamp="2016-05-14T02:19:14Z" user="mcheckimport" uid="893327" lat="41.1082749" lon="16.8866165"/>
 <node id="4184616575" visible="true" version="1" changeset="39303439" timestamp="2016-05-14T02:19:17Z" user="mcheckimport" uid="893327" lat="41.1082823" lon="16.8856562"/>
 <node id="4184616577" visible="true" version="1" changeset="39303439" timestamp="2016-05-14T02:19:17Z" user="mcheckimport" uid="893327" lat="41.1082827" lon="16.8865888"/>
 <node id="4184616588" visible="true" version="1" changeset="39303439" timestamp="2016-05-14T02:19:19Z" user="mcheckimport" uid="893327" lat="41.1082853" lon="16.8863434"/>
 <node id="4184617203" visible="true" version="1" changeset="39303439" timestamp="2016-05-14T02:20:14Z" user="mcheckimport" uid="893327" lat="41.1084142" lon="16.8865471"/>
 <node id="4184617206" visible="true" version="1" changeset="39303439" timestamp="2016-05-14T02:20:15Z" user="mcheckimport" uid="893327" lat="41.1084150" lon="16.8849591"/>
 <node id="4184617207" visible="true" version="1" changeset="39303439" timestamp="2016-05-14T02:20:15Z" user="mcheckimport" uid="893327" lat="41.1084157" lon="16.8866214"/>
 <node id="4184617212" visible="true" version="1" changeset="39303439" timestamp="2016-05-14T02:20:16Z" user="mcheckimport" uid="893327" lat="41.1084165" lon="16.8849919"/>
 <node id="4184617213" visible="true" version="1" changeset="39303439" timestamp="2016-05-14T02:20:16Z" user="mcheckimport" uid="893327" lat="41.1084172" lon="16.8860674"/>
 <node id="4184617215" visible="true" version="1" changeset="39303439" timestamp="2016-05-14T02:20:17Z" user="mcheckimport" uid="893327" lat="41.1084180" lon="16.8842605"/>
 <node id="4184617246" visible="true" version="1" changeset="39303439" timestamp="2016-05-14T02:20:21Z" user="mcheckimport" uid="893327" lat="41.1084247" lon="16.8864856"/>
 <node id="4184617247" visible="true" version="1" changeset="39303439" timestamp="2016-05-14T02:20:21Z" user="mcheckimport" uid="893327" lat="41.1084253" lon="16.8850105"/>
 <node id="4184617253" visible="true" version="1" changeset="39303439" timestamp="2016-05-14T02:20:22Z" user="mcheckimport" uid="893327" lat="41.1084265" lon="16.8863691"/>
 <node id="4184617260" visible="true" version="1" changeset="39303439" timestamp="2016-05-14T02:20:23Z" user="mcheckimport" uid="893327" lat="41.1084276" lon="16.8860892"/>
 <node id="4184617268" visible="true" version="1" changeset="39303439" timestamp="2016-05-14T02:20:24Z" user="mcheckimport" uid="893327" lat="41.1084297" lon="16.8842988"/>
 <node id="4184617596" visible="true" version="1" changeset="39303439" timestamp="2016-05-14T02:19:20Z" user="mcheckimport" uid="893327" lat="41.1082882" lon="16.8858628"/>
 <node id="4184617603" visible="true" version="1" changeset="39303439" timestamp="2016-05-14T02:19:21Z" user="mcheckimport" uid="893327" lat="41.1082898" lon="16.8866041"/>
 <node id="4184617607" visible="true" version="1" changeset="39303439" timestamp="2016-05-14T02:19:22Z" user="mcheckimport" uid="893327" lat="41.1082903" lon="16.8863391"/>
 <node id="4184617613" visible="true" version="1" changeset="39303439" timestamp="2016-05-14T02:19:23Z" user="mcheckimport" uid="893327" lat="41.1082917" lon="16.8838456"/>
 <node id="4184617618" visible="true" version="1" changeset="39303439" timestamp="2016-05-14T02:19:23Z" user="mcheckimport" uid="893327" lat="41.1082921" lon="16.8878795"/>
 <node id="4184617626" visible="true" version="1" changeset="39303439" timestamp="2016-05-14T02:19:24Z" user="mcheckimport" uid="893327" lat="41.1082937" lon="16.8855931"/>
 <node id="4184617628" visible="true" version="1" changeset="39303439" timestamp="2016-05-14T02:19:25Z" user="mcheckimport" uid="893327" lat="41.1082940" lon="16.8863620"/>
 <node id="4184617634" visible="true" version="1" changeset="39303439" timestamp="2016-05-14T02:19:25Z" user="mcheckimport" uid="893327" lat="41.1082952" lon="16.8839796"/>
 <node id="4184617637" visible="true" version="1" changeset="39303439" timestamp="2016-05-14T02:19:26Z" user="mcheckimport" uid="893327" lat="41.1082966" lon="16.8867500"/>
 <node id="4184617650" visible="true" version="1" changeset="39303439" timestamp="2016-05-14T02:19:28Z" user="mcheckimport" uid="893327" lat="41.1082998" lon="16.8863580"/>
 <node id="4184617651" visible="true" version="1" changeset="39303439" timestamp="2016-05-14T02:19:28Z" user="mcheckimport" uid="893327" lat="41.1082999" lon="16.8863741"/>
 <node id="4184617662" visible="true" version="1" changeset="39303439" timestamp="2016-05-14T02:19:29Z" user="mcheckimport" uid="893327" lat="41.1083042" lon="16.8838860"/>
 <node id="4184617663" visible="true" version="1" changeset="39303439" timestamp="2016-05-14T02:19:29Z" user="mcheckimport" uid="893327" lat="41.1083042" lon="16.8855845"/>
 <node id="4184617677" visible="true" version="1" changeset="39303439" timestamp="2016-05-14T02:19:31Z" user="mcheckimport" uid="893327" lat="41.1083087" lon="16.8864421"/>
 <node id="4184617687" visible="true" version="1" changeset="39303439" timestamp="2016-05-14T02:19:32Z" user="mcheckimport" uid="893327" lat="41.1083128" lon="16.8856314"/>
 <node id="4184617697" visible="true" version="1" changeset="39303439" timestamp="2016-05-14T02:19:33Z" user="mcheckimport" uid="893327" lat="41.1083168" lon="16.8867924"/>
 <node id="4184617698" visible="true" version="1" changeset="39303439" timestamp="2016-05-14T02:19:33Z" user="mcheckimport" uid="893327" lat="41.1083170" lon="16.8846524"/>
 <node id="4184617704" visible="true" version="1" changeset="39303439" timestamp="2016-05-14T02:19:34Z" user="mcheckimport" uid="893327" lat="41.1083210" lon="16.8867701"/>
 <node id="4184617707" visible="true" version="1" changeset="39303439" timestamp="2016-05-14T02:19:34Z" user="mcheckimport" uid="893327" lat="41.1083220" lon="16.8840670"/>
 <node id="4184617721" visible="true" version="1" changeset="39303439" timestamp="2016-05-14T02:19:36Z" user="mcheckimport" uid="893327" lat="41.1083267" lon="16.8839590"/>
 <node id="4184617724" visible="true" version="1" changeset="39303439" timestamp="2016-05-14T02:19:36Z" user="mcheckimport" uid="893327" lat="41.1083277" lon="16.8867839"/>
 <node id="4184617736" visible="true" version="1" changeset="39303439" timestamp="2016-05-14T02:19:38Z" user="mcheckimport" uid="893327" lat="41.1083318" lon="16.8850842"/>
 <node id="4184617740" visible="true" version="1" changeset="39303439" timestamp="2016-05-14T02:19:38Z" user="mcheckimport" uid="893327" lat="41.1083332" lon="16.8864454"/>
 <node id="4184617744" visible="true" version="1" changeset="39303439" timestamp="2016-05-14T02:19:39Z" user="mcheckimport" uid="893327" lat="41.1083338" lon="16.8864928"/>
 <node id="4184617755" visible="true" version="1" changeset="39303439" timestamp="2016-05-14T02:19:40Z" user="mcheckimport" uid="893327" lat="41.1083363" lon="16.8868379"/>
 <node id="4184617771" visible="true" version="1" changeset="39303439" timestamp="2016-05-14T02:19:42Z" user="mcheckimport" uid="893327" lat="41.1083416" lon="16.8849990"/>
 <node id="4184617788" visible="true" version="1" changeset="39303439" timestamp="2016-05-14T02:19:44Z" user="mcheckimport" uid="893327" lat="41.1083445" lon="16.8864828"/>
 <node id="4184617792" visible="true" version="1" changeset="39303439" timestamp="2016-05-14T02:19:45Z" user="mcheckimport" uid="893327" lat="41.1083452" lon="16.8850067"/>
 <node id="4184617802" visible="true" version="1" changeset="39303439" timestamp="2016-05-14T02:19:46Z" user="mcheckimport" uid="893327" lat="41.1083490" lon="16.8850476"/>
 <node id="4184617804" visible="true" version="1" changeset="39303439" timestamp="2016-05-14T02:19:46Z" user="mcheckimport" uid="893327" lat="41.1083493" lon="16.8864784"/>
 <node id="4184617809" visible="true" version="1" changeset="39303439" timestamp="2016-05-14T02:19:47Z" user="mcheckimport" uid="893327" lat="41.1083516" lon="16.8851234"/>
 <node id="4184617810" visible="true" version="1" changeset="39303439" timestamp="2016-05-14T02:19:47Z" user="mcheckimport" uid="893327" lat="41.1083518" lon="16.8865310"/>
 <node id="4184617811" visible="true" version="1" changeset="39303439" timestamp="2016-05-14T02:19:47Z" user="mcheckimport" uid="893327" lat="41.1083520" lon="16.8867015"/>
 <node id="4184617816" visible="true" version="1" changeset="39303439" timestamp="2016-05-14T02:19:48Z" user="mcheckimport" uid="893327" lat="41.1083540" lon="16.8840474"/>
 <node id="4184617825" visible="true" version="1" changeset="39303439" timestamp="2016-05-14T02:19:49Z" user="mcheckimport" uid="893327" lat="41.1083562" lon="16.8837537"/>
 <node id="4184617827" visible="true" version="1" changeset="39303439" timestamp="2016-05-14T02:19:49Z" user="mcheckimport" uid="893327" lat="41.1083567" lon="16.8850639"/>
 <node id="4184617834" visible="true" version="1" changeset="39303439" timestamp="2016-05-14T02:19:50Z" user="mcheckimport" uid="893327" lat="41.1083600" lon="16.8850386"/>
 <node id="4184617849" visible="true" version="1" changeset="39303439" timestamp="2016-05-14T02:19:52Z" user="mcheckimport" uid="893327" lat="41.1083632" lon="16.8865215"/>
 <node id="4184617856" visible="true" version="1" changeset="39303439" timestamp="2016-05-14T02:19:53Z" user="mcheckimport" uid="893327" lat="41.1083652" lon="16.8867340"/>
 <node id="4184617868" visible="true" version="1" changeset="39303439" timestamp="2016-05-14T02:19:54Z" user="mcheckimport" uid="893327" lat="41.1083703" lon="16.8837998"/>
 <node id="4184617879" visible="true" version="1" changeset="39303439" timestamp="2016-05-14T02:19:56Z" user="mcheckimport" uid="893327" lat="41.1083751" lon="16.8851012"/>
 <node id="4184617990" visible="true" version="1" changeset="39303439" timestamp="2016-05-14T02:19:58Z" user="mcheckimport" uid="893327" lat="41.1083798" lon="16.8841310"/>
 <node id="4184618001" visible="true" version="1" changeset="39303439" timestamp="2016-05-14T02:20:00Z" user="mcheckimport" uid="893327" lat="41.1083857" lon="16.8851216"/>
 <node id="4184618002" visible="true" version="1" changeset="39303439" timestamp="2016-05-14T02:20:00Z" user="mcheckimport" uid="893327" lat="41.1083863" lon="16.8849613"/>
 <node id="4184618008" visible="true" version="1" changeset="39303439" timestamp="2016-05-14T02:20:00Z" user="mcheckimport" uid="893327" lat="41.1083877" lon="16.8865682"/>
 <node id="4184618014" visible="true" version="1" changeset="39303439" timestamp="2016-05-14T02:20:01Z" user="mcheckimport" uid="893327" lat="41.1083885" lon="16.8864588"/>
 <node id="4184618019" visible="true" version="1" changeset="39303439" timestamp="2016-05-14T02:20:02Z" user="mcheckimport" uid="893327" lat="41.1083900" lon="16.8857579"/>
 <node id="4184618027" visible="true" version="1" changeset="39303439" timestamp="2016-05-14T02:20:04Z" user="mcheckimport" uid="893327" lat="41.1083923" lon="16.8865770"/>
 <node id="4184618040" visible="true" version="1" changeset="39303439" timestamp="2016-05-14T02:20:05Z" user="mcheckimport" uid="893327" lat="41.1083964" lon="16.8857739"/>
 <node id="4184618042" visible="true" version="1" changeset="39303439" timestamp="2016-05-14T02:20:06Z" user="mcheckimport" uid="893327" lat="41.1083966" lon="16.8865090"/>
 <node id="4184618068" visible="true" version="1" changeset="39303439" timestamp="2016-05-14T02:20:09Z" user="mcheckimport" uid="893327" lat="41.1084064" lon="16.8850008"/>
 <node id="4184618075" visible="true" version="1" changeset="39303439" timestamp="2016-05-14T02:20:11Z" user="mcheckimport" uid="893327" lat="41.1084082" lon="16.8864996"/>
 <node id="4184618084" visible="true" version="1" changeset="39303439" timestamp="2016-05-14T02:20:12Z" user="mcheckimport" uid="893327" lat="41.1084118" lon="16.8837769"/>
 <node id="4184618691" visible="true" version="1" changeset="39303439" timestamp="2016-05-14T02:20:13Z" user="mcheckimport" uid="893327" lat="41.1084142" lon="16.8842494"/>
 <node id="4184618867" visible="true" version="1" changeset="39303439" timestamp="2016-05-14T02:21:31Z" user="mcheckimport" uid="893327" lat="41.1085594" lon="16.8861360"/>
 <node id="4184618891" visible="true" version="1" changeset="39303439" timestamp="2016-05-14T02:20:27Z" user="mcheckimport" uid="893327" lat="41.1084366" lon="16.8858610"/>
 <node id="4184618893" visible="true" version="1" changeset="39303439" timestamp="2016-05-14T02:20:27Z" user="mcheckimport" uid="893327" lat="41.1084368" lon="16.8850006"/>
 <node id="4184618900" visible="true" version="1" changeset="39303439" timestamp="2016-05-14T02:20:28Z" user="mcheckimport" uid="893327" lat="41.1084392" lon="16.8839583"/>
 <node id="4184618917" visible="true" version="1" changeset="39303439" timestamp="2016-05-14T02:20:30Z" user="mcheckimport" uid="893327" lat="41.1084428" lon="16.8865244"/>
 <node id="4184618918" visible="true" version="1" changeset="39303439" timestamp="2016-05-14T02:20:30Z" user="mcheckimport" uid="893327" lat="41.1084430" lon="16.8850495"/>
 <node id="4184618924" visible="true" version="1" changeset="39303439" timestamp="2016-05-14T02:20:31Z" user="mcheckimport" uid="893327" lat="41.1084438" lon="16.8866746"/>
 <node id="4184618929" visible="true" version="1" changeset="39303439" timestamp="2016-05-14T02:20:32Z" user="mcheckimport" uid="893327" lat="41.1084451" lon="16.8850735"/>
 <node id="4184618937" visible="true" version="1" changeset="39303439" timestamp="2016-05-14T02:20:33Z" user="mcheckimport" uid="893327" lat="41.1084463" lon="16.8864100"/>
 <node id="4184618949" visible="true" version="1" changeset="39303439" timestamp="2016-05-14T02:20:34Z" user="mcheckimport" uid="893327" lat="41.1084490" lon="16.8849902"/>
 <node id="4184618963" visible="true" version="1" changeset="39303439" timestamp="2016-05-14T02:20:36Z" user="mcheckimport" uid="893327" lat="41.1084519" lon="16.8850680"/>
 <node id="4184618965" visible="true" version="1" changeset="39303439" timestamp="2016-05-14T02:20:36Z" user="mcheckimport" uid="893327" lat="41.1084524" lon="16.8840015"/>
 <node id="4184618975" visible="true" version="1" changeset="39303439" timestamp="2016-05-14T02:20:37Z" user="mcheckimport" uid="893327" lat="41.1084550" lon="16.8850392"/>
 <node id="4184618977" visible="true" version="1" changeset="39303439" timestamp="2016-05-14T02:20:37Z" user="mcheckimport" uid="893327" lat="41.1084558" lon="16.8863452"/>
 <node id="4184618981" visible="true" version="1" changeset="39303439" timestamp="2016-05-14T02:20:38Z" user="mcheckimport" uid="893327" lat="41.1084572" lon="16.8842400"/>
 <node id="4184618995" visible="true" version="1" changeset="39303439" timestamp="2016-05-14T02:20:40Z" user="mcheckimport" uid="893327" lat="41.1084605" lon="16.8839465"/>
 <node id="4184619016" visible="true" version="1" changeset="39303439" timestamp="2016-05-14T02:20:43Z" user="mcheckimport" uid="893327" lat="41.1084660" lon="16.8864509"/>
 <node id="4184619020" visible="true" version="1" changeset="39303439" timestamp="2016-05-14T02:20:43Z" user="mcheckimport" uid="893327" lat="41.1084672" lon="16.8850286"/>
 <node id="4184619021" visible="true" version="1" changeset="39303439" timestamp="2016-05-14T02:20:44Z" user="mcheckimport" uid="893327" lat="41.1084672" lon="16.8860278"/>
 <node id="4184619026" visible="true" version="1" changeset="39303439" timestamp="2016-05-14T02:20:44Z" user="mcheckimport" uid="893327" lat="41.1084681" lon="16.8842778"/>
 <node id="4184619029" visible="true" version="1" changeset="39303439" timestamp="2016-05-14T02:20:45Z" user="mcheckimport" uid="893327" lat="41.1084689" lon="16.8867304"/>
 <node id="4184619079" visible="true" version="1" changeset="39303439" timestamp="2016-05-14T02:20:51Z" user="mcheckimport" uid="893327" lat="41.1084808" lon="16.8862017"/>
 <node id="4184619232" visible="true" version="1" changeset="39303439" timestamp="2016-05-14T02:20:58Z" user="mcheckimport" uid="893327" lat="41.1084967" lon="16.8860044"/>
 <node id="4184619241" visible="true" version="1" changeset="39303439" timestamp="2016-05-14T02:20:59Z" user="mcheckimport" uid="893327" lat="41.1084987" lon="16.8863101"/>
 <node id="4184619248" visible="true" version="1" changeset="39303439" timestamp="2016-05-14T02:21:00Z" user="mcheckimport" uid="893327" lat="41.1085012" lon="16.8860008"/>
 <node id="4184619257" visible="true" version="1" changeset="39303439" timestamp="2016-05-14T02:21:01Z" user="mcheckimport" uid="893327" lat="41.1085045" lon="16.8845483"/>
 <node id="4184619348" visible="true" version="1" changeset="39303439" timestamp="2016-05-14T02:21:14Z" user="mcheckimport" uid="893327" lat="41.1085299" lon="16.8862846"/>
 <node id="4184619890" visible="true" version="1" changeset="39303439" timestamp="2016-05-14T02:21:34Z" user="mcheckimport" uid="893327" lat="41.1085633" lon="16.8861328"/>
 <node id="4184619951" visible="true" version="1" changeset="39303439" timestamp="2016-05-14T02:21:42Z" user="mcheckimport" uid="893327" lat="41.1085790" lon="16.8862444"/>
 <node id="4184620037" visible="true" version="1" changeset="39303439" timestamp="2016-05-14T02:21:53Z" user="mcheckimport" uid="893327" lat="41.1086048" lon="16.8844983"/>
 <node id="4184620047" visible="true" version="1" changeset="39303439" timestamp="2016-05-14T02:21:54Z" user="mcheckimport" uid="893327" lat="41.1086068" lon="16.8862217"/>
 <node id="4184620212" visible="true" version="1" changeset="39303439" timestamp="2016-05-14T02:22:16Z" user="mcheckimport" uid="893327" lat="41.1086477" lon="16.8863612"/>
 <node id="4184620270" visible="true" version="1" changeset="39303439" timestamp="2016-05-14T02:22:23Z" user="mcheckimport" uid="893327" lat="41.1086651" lon="16.8863474"/>
 <node id="4184620513" visible="true" version="1" changeset="39303439" timestamp="2016-05-14T02:22:46Z" user="mcheckimport" uid="893327" lat="41.1087169" lon="16.8864587"/>
 <node id="4184625513" visible="true" version="1" changeset="39303439" timestamp="2016-05-14T02:30:06Z" user="mcheckimport" uid="893327" lat="41.1096000" lon="16.8898139"/>
 <node id="4184625662" visible="true" version="1" changeset="39303439" timestamp="2016-05-14T02:30:29Z" user="mcheckimport" uid="893327" lat="41.1096455" lon="16.8897442"/>
 <node id="4184634267" visible="true" version="3" changeset="162139520" timestamp="2025-02-04T19:33:57Z" user="Alexis04132" uid="20509407" lat="41.1102026" lon="16.8799348"/>
 <node id="4184635696" visible="true" version="3" changeset="162139520" timestamp="2025-02-04T19:33:57Z" user="Alexis04132" uid="20509407" lat="41.1102357" lon="16.8799741"/>
 <node id="4184637306" visible="true" version="2" changeset="162139520" timestamp="2025-02-04T19:33:57Z" user="Alexis04132" uid="20509407" lat="41.1102854" lon="16.8800725"/>
 <node id="4184637308" visible="true" version="2" changeset="162139520" timestamp="2025-02-04T19:33:57Z" user="Alexis04132" uid="20509407" lat="41.1102890" lon="16.8800575"/>
 <node id="4184637311" visible="true" version="2" changeset="162139520" timestamp="2025-02-04T19:33:57Z" user="Alexis04132" uid="20509407" lat="41.1102890" lon="16.8800887"/>
 <node id="4184637323" visible="true" version="2" changeset="162139520" timestamp="2025-02-04T19:33:57Z" user="Alexis04132" uid="20509407" lat="41.1102501" lon="16.8799912"/>
 <node id="4184637326" visible="true" version="2" changeset="162139520" timestamp="2025-02-04T19:33:57Z" user="Alexis04132" uid="20509407" lat="41.1102979" lon="16.8800966"/>
 <node id="4184637333" visible="true" version="2" changeset="162139520" timestamp="2025-02-04T19:33:57Z" user="Alexis04132" uid="20509407" lat="41.1103077" lon="16.8800969"/>
 <node id="4184637342" visible="true" version="2" changeset="162139520" timestamp="2025-02-04T19:33:57Z" user="Alexis04132" uid="20509407" lat="41.1103156" lon="16.8800888"/>
 <node id="4184637636" visible="true" version="2" changeset="162139520" timestamp="2025-02-04T19:33:57Z" user="Alexis04132" uid="20509407" lat="41.1103416" lon="16.8800855"/>
 <node id="4184637639" visible="true" version="2" changeset="162139520" timestamp="2025-02-04T19:33:57Z" user="Alexis04132" uid="20509407" lat="41.1103428" lon="16.8801037"/>
 <node id="4184638008" visible="true" version="2" changeset="162139520" timestamp="2025-02-04T19:33:57Z" user="Alexis04132" uid="20509407" lat="41.1104117" lon="16.8800951"/>
 <node id="4184638247" visible="true" version="2" changeset="162139520" timestamp="2025-02-04T19:33:57Z" user="Alexis04132" uid="20509407" lat="41.1104104" lon="16.8800748"/>
 <node id="4184638286" visible="true" version="2" changeset="162139520" timestamp="2025-02-04T19:33:57Z" user="Alexis04132" uid="20509407" lat="41.1104329" lon="16.8800726"/>
 <node id="4184638303" visible="true" version="3" changeset="162139520" timestamp="2025-02-04T19:33:57Z" user="Alexis04132" uid="20509407" lat="41.1104405" lon="16.8800789"/>
 <node id="4184638317" visible="true" version="3" changeset="162139520" timestamp="2025-02-04T19:33:57Z" user="Alexis04132" uid="20509407" lat="41.1104505" lon="16.8800810"/>
 <node id="4184641452" visible="true" version="2" changeset="162140239" timestamp="2025-02-04T19:56:58Z" user="Alexis04132" uid="20509407" lat="41.1109844" lon="16.8800211"/>
 <node id="4184649100" visible="true" version="2" changeset="172561314" timestamp="2025-09-28T11:09:10Z" user="Alexis04132" uid="20509407" lat="41.1123561" lon="16.8813115"/>
 <node id="5245911431" visible="true" version="3" changeset="162139520" timestamp="2025-02-04T19:33:57Z" user="Alexis04132" uid="20509407" lat="41.1101640" lon="16.8798890"/>
 <node id="5363829369" visible="true" version="4" changeset="145112546" timestamp="2023-12-14T13:28:10Z" user="Alexis04132" uid="20509407" lat="41.1079604" lon="16.8805144"/>
 <node id="5363829383" visible="true" version="4" changeset="149969262" timestamp="2024-04-13T20:46:45Z" user="Alexis04132" uid="20509407" lat="41.1079276" lon="16.8804054"/>
 <node id="5370598218" visible="true" version="2" changeset="150006537" timestamp="2024-04-14T19:09:46Z" user="Alexis04132" uid="20509407" lat="41.1095736" lon="16.8834453"/>
 <node id="5370617388" visible="true" version="1" changeset="55864287" timestamp="2018-01-29T16:16:41Z" user="peppeBA" uid="408987" lat="41.1088073" lon="16.8845517"/>
 <node id="5440550324" visible="true" version="2" changeset="162139520" timestamp="2025-02-04T19:33:57Z" user="Alexis04132" uid="20509407" lat="41.1101754" lon="16.8799025"/>
 <node id="5842432444" visible="true" version="2" changeset="138880932" timestamp="2023-07-23T07:08:03Z" user="Valantin" uid="622492" lat="41.1065471" lon="16.8829557">
  <tag k="crossing" v="uncontrolled"/>
  <tag k="crossing_ref" v="zebra"/>
  <tag k="highway" v="crossing"/>
  <tag k="tactile_paving" v="no"/>
 </node>
 <node id="5842432445" visible="true" version="2" changeset="138880932" timestamp="2023-07-23T07:08:04Z" user="Valantin" uid="622492" lat="41.1064313" lon="16.8830263">
  <tag k="crossing" v="uncontrolled"/>
  <tag k="crossing_ref" v="zebra"/>
  <tag k="highway" v="crossing"/>
  <tag k="tactile_paving" v="no"/>
 </node>
 <node id="5842432453" visible="true" version="1" changeset="61803298" timestamp="2018-08-19T20:19:26Z" user="corfede" uid="1960233" lat="41.1060197" lon="16.8820581"/>
 <node id="6969812829" visible="true" version="2" changeset="153056910" timestamp="2024-06-23T08:12:53Z" user="gscholz" uid="109705" lat="41.1100307" lon="16.8902133"/>
 <node id="6969817590" visible="true" version="2" changeset="153056910" timestamp="2024-06-23T08:12:53Z" user="gscholz" uid="109705" lat="41.1099618" lon="16.8903033"/>
 <node id="7055006007" visible="true" version="2" changeset="172561314" timestamp="2025-09-28T11:09:10Z" user="Alexis04132" uid="20509407" lat="41.1117695" lon="16.8824426">
  <tag k="barrier" v="gate"/>
 </node>
 <node id="7883716099" visible="true" version="1" changeset="90527046" timestamp="2020-09-07T11:21:14Z" user="Myrid" uid="11774399" lat="41.1083247" lon="16.8848673"/>
 <node id="7883716100" visible="true" version="1" changeset="90527046" timestamp="2020-09-07T11:21:14Z" user="Myrid" uid="11774399" lat="41.1085752" lon="16.8853945"/>
 <node id="8273910041" visible="true" version="2" changeset="173182890" timestamp="2025-10-12T14:03:21Z" user="Alexis04132" uid="20509407" lat="41.1078770" lon="16.8851743">
  <tag k="bus" v="yes"/>
  <tag k="highway" v="bus_stop"/>
  <tag k="name" v="Amendola-Omodeo"/>
  <tag k="public_transport" v="platform"/>
 </node>
 <node id="9085697093" visible="true" version="2" changeset="173182890" timestamp="2025-10-12T14:03:21Z" user="Alexis04132" uid="20509407" lat="41.1070740" lon="16.8855047"/>
 <node id="9348405266" visible="true" version="5" changeset="163901923" timestamp="2025-03-21T11:44:24Z" user="cartop" uid="4467890" lat="41.1089589" lon="16.8845895">
  <tag k="crossing" v="uncontrolled"/>
  <tag k="crossing:island" v="no"/>
  <tag k="crossing:markings" v="yes"/>
  <tag k="highway" v="crossing"/>
  <tag k="tactile_paving" v="no"/>
 </node>
 <node id="9751400684" visible="true" version="1" changeset="121137360" timestamp="2022-05-18T09:45:38Z" user="cartop" uid="4467890" lat="41.1129283" lon="16.8816350"/>
 <node id="10178074791" visible="true" version="1" changeset="128811075" timestamp="2022-11-12T12:35:18Z" user="user_16544420" uid="16544420" lat="41.1149445" lon="16.8800327"/>
 <node id="10965968484" visible="true" version="1" changeset="137147590" timestamp="2023-06-09T17:46:57Z" user="francrr" uid="15635923" lat="41.1036565" lon="16.8871285"/>
 <node id="10982002265" visible="true" version="1" changeset="137437317" timestamp="2023-06-17T07:17:51Z" user="Ale_Zena_IT" uid="22290" lat="41.1079231" lon="16.8851723">
  <tag k="addr:housenumber" v="146"/>
  <tag k="addr:street" v="Via Giovanni Amendola"/>
 </node>
 <node id="10982026789" visible="true" version="1" changeset="137437317" timestamp="2023-06-17T07:18:09Z" user="Ale_Zena_IT" uid="22290" lat="41.1078182" lon="16.8852363">
  <tag k="addr:housenumber" v="148"/>
  <tag k="addr:street" v="Via Giovanni Amendola"/>
 </node>
 <node id="10991993576" visible="true" version="1" changeset="137562625" timestamp="2023-06-20T12:38:55Z" user="Valantin" uid="622492" lat="41.1076683" lon="16.8841949"/>
 <node id="10991993577" visible="true" version="1" changeset="137562625" timestamp="2023-06-20T12:38:55Z" user="Valantin" uid="622492" lat="41.1077194" lon="16.8842110"/>
 <node id="10991993578" visible="true" version="1" changeset="137562625" timestamp="2023-06-20T12:38:55Z" user="Valantin" uid="622492" lat="41.1079080" lon="16.8834084"/>
 <node id="10991993579" visible="true" version="1" changeset="137562625" timestamp="2023-06-20T12:38:55Z" user="Valantin" uid="622492" lat="41.1081201" lon="16.8841644"/>
 <node id="10991993580" visible="true" version="1" changeset="137562625" timestamp="2023-06-20T12:38:55Z" user="Valantin" uid="622492" lat="41.1078995" lon="16.8843263"/>
 <node id="10991993581" visible="true" version="1" changeset="137562625" timestamp="2023-06-20T12:38:55Z" user="Valantin" uid="622492" lat="41.1080340" lon="16.8842498"/>
 <node id="11292946033" visible="true" version="2" changeset="143408652" timestamp="2023-10-31T08:59:22Z" user="Alexis04132" uid="20509407" lat="41.1073239" lon="16.8847298">
  <tag k="bus" v="yes"/>
  <tag k="highway" v="bus_stop"/>
  <tag k="name" v="Omodeo (Campus)"/>
  <tag k="operator" v="AMTAB;Ferrovie Appulo Lucane"/>
  <tag k="public_transport" v="platform"/>
  <tag k="ref" v="06402101"/>
  <tag k="shelter" v="no"/>
 </node>
 <node id="11299686738" visible="true" version="2" changeset="150006537" timestamp="2024-04-14T19:09:46Z" user="Alexis04132" uid="20509407" lat="41.1092043" lon="16.8837608"/>
 <node id="11314002615" visible="true" version="2" changeset="145077086" timestamp="2023-12-13T14:19:03Z" user="Alexis04132" uid="20509407" lat="41.1079185" lon="16.8805356"/>
 <node id="11314002616" visible="true" version="2" changeset="150006537" timestamp="2024-04-14T19:09:46Z" user="Alexis04132" uid="20509407" lat="41.1097830" lon="16.8840068"/>
 <node id="11414378813" visible="true" version="2" changeset="145112580" timestamp="2023-12-14T13:29:10Z" user="Alexis04132" uid="20509407" lat="41.1079460" lon="16.8806442"/>
 <node id="11414378815" visible="true" version="2" changeset="158250518" timestamp="2024-10-23T12:16:34Z" user="SpaceshipAlex" uid="7043543" lat="41.1079543" lon="16.8806779">
  <tag k="barrier" v="lift_gate"/>
 </node>
 <node id="11414378816" visible="true" version="1" changeset="145066571" timestamp="2023-12-13T09:05:18Z" user="Alexis04132" uid="20509407" lat="41.1079617" lon="16.8807077"/>
 <node id="11414378817" visible="true" version="1" changeset="145066571" timestamp="2023-12-13T09:05:18Z" user="Alexis04132" uid="20509407" lat="41.1079920" lon="16.8808168"/>
 <node id="11414378819" visible="true" version="1" changeset="145066571" timestamp="2023-12-13T09:05:18Z" user="Alexis04132" uid="20509407" lat="41.1079901" lon="16.8809304"/>
 <node id="11414378821" visible="true" version="1" changeset="145066571" timestamp="2023-12-13T09:05:18Z" user="Alexis04132" uid="20509407" lat="41.1079691" lon="16.8810150"/>
 <node id="11414378823" visible="true" version="2" changeset="145112332" timestamp="2023-12-14T13:21:42Z" user="Alexis04132" uid="20509407" lat="41.1079496" lon="16.8810765"/>
 <node id="11414378825" visible="true" version="2" changeset="145112332" timestamp="2023-12-14T13:21:42Z" user="Alexis04132" uid="20509407" lat="41.1080233" lon="16.8820311"/>
 <node id="11414378826" visible="true" version="2" changeset="145143591" timestamp="2023-12-15T09:55:11Z" user="Alexis04132" uid="20509407" lat="41.1080596" lon="16.8822805"/>
 <node id="11414378827" visible="true" version="1" changeset="145066571" timestamp="2023-12-13T09:05:18Z" user="Alexis04132" uid="20509407" lat="41.1079130" lon="16.8823532"/>
 <node id="11414378829" visible="true" version="1" changeset="145066571" timestamp="2023-12-13T09:05:18Z" user="Alexis04132" uid="20509407" lat="41.1075091" lon="16.8827123"/>
 <node id="11414378830" visible="true" version="1" changeset="145066571" timestamp="2023-12-13T09:05:18Z" user="Alexis04132" uid="20509407" lat="41.1075091" lon="16.8827123"/>
 <node id="11414378833" visible="true" version="1" changeset="145066571" timestamp="2023-12-13T09:05:18Z" user="Alexis04132" uid="20509407" lat="41.1072922" lon="16.8828294"/>
 <node id="11414378834" visible="true" version="1" changeset="145066571" timestamp="2023-12-13T09:05:18Z" user="Alexis04132" uid="20509407" lat="41.1071009" lon="16.8829441"/>
 <node id="11414378836" visible="true" version="1" changeset="145066571" timestamp="2023-12-13T09:05:18Z" user="Alexis04132" uid="20509407" lat="41.1071009" lon="16.8829441"/>
 <node id="11414378837" visible="true" version="1" changeset="145066571" timestamp="2023-12-13T09:05:18Z" user="Alexis04132" uid="20509407" lat="41.1070522" lon="16.8829591"/>
 <node id="11414378839" visible="true" version="1" changeset="145066571" timestamp="2023-12-13T09:05:18Z" user="Alexis04132" uid="20509407" lat="41.1070522" lon="16.8829591"/>
 <node id="11414378840" visible="true" version="1" changeset="145066571" timestamp="2023-12-13T09:05:18Z" user="Alexis04132" uid="20509407" lat="41.1067694" lon="16.8830307"/>
 <node id="11414378842" visible="true" version="1" changeset="145066571" timestamp="2023-12-13T09:05:18Z" user="Alexis04132" uid="20509407" lat="41.1067694" lon="16.8830307"/>
 <node id="11414378843" visible="true" version="1" changeset="145066571" timestamp="2023-12-13T09:05:18Z" user="Alexis04132" uid="20509407" lat="41.1068133" lon="16.8833752"/>
 <node id="11414378845" visible="true" version="1" changeset="145066571" timestamp="2023-12-13T09:05:18Z" user="Alexis04132" uid="20509407" lat="41.1068133" lon="16.8833752"/>
 <node id="11414378846" visible="true" version="1" changeset="145066571" timestamp="2023-12-13T09:05:18Z" user="Alexis04132" uid="20509407" lat="41.1069706" lon="16.8837520"/>
 <node id="11414378848" visible="true" version="1" changeset="145066571" timestamp="2023-12-13T09:05:18Z" user="Alexis04132" uid="20509407" lat="41.1069706" lon="16.8837520"/>
 <node id="11414378849" visible="true" version="1" changeset="145066571" timestamp="2023-12-13T09:05:18Z" user="Alexis04132" uid="20509407" lat="41.1075408" lon="16.8851401"/>
 <node id="11414378850" visible="true" version="1" changeset="145066571" timestamp="2023-12-13T09:05:18Z" user="Alexis04132" uid="20509407" lat="41.1075408" lon="16.8851401"/>
 <node id="11414378851" visible="true" version="1" changeset="145066571" timestamp="2023-12-13T09:05:18Z" user="Alexis04132" uid="20509407" lat="41.1089061" lon="16.8845058"/>
 <node id="11414378852" visible="true" version="1" changeset="145066571" timestamp="2023-12-13T09:05:18Z" user="Alexis04132" uid="20509407" lat="41.1093127" lon="16.8843169"/>
 <node id="11414378867" visible="true" version="2" changeset="145077086" timestamp="2023-12-13T14:19:03Z" user="Alexis04132" uid="20509407" lat="41.1079476" lon="16.8804594"/>
 <node id="11414381470" visible="true" version="1" changeset="145066571" timestamp="2023-12-13T09:05:18Z" user="Alexis04132" uid="20509407" lat="41.1102967" lon="16.8835785"/>
 <node id="11414381471" visible="true" version="2" changeset="172561314" timestamp="2025-09-28T11:09:10Z" user="Alexis04132" uid="20509407" lat="41.1120948" lon="16.8821916"/>
 <node id="11414381472" visible="true" version="2" changeset="172561314" timestamp="2025-09-28T11:09:10Z" user="Alexis04132" uid="20509407" lat="41.1119232" lon="16.8818307"/>
 <node id="11414381473" visible="true" version="2" changeset="172561314" timestamp="2025-09-28T11:09:10Z" user="Alexis04132" uid="20509407" lat="41.1120120" lon="16.8817538"/>
 <node id="11414381474" visible="true" version="2" changeset="172561314" timestamp="2025-09-28T11:09:10Z" user="Alexis04132" uid="20509407" lat="41.1119595" lon="16.8816506"/>
 <node id="11414381476" visible="true" version="1" changeset="145066571" timestamp="2023-12-13T09:05:18Z" user="Alexis04132" uid="20509407" lat="41.1120312" lon="16.8806206"/>
 <node id="11414381478" visible="true" version="1" changeset="145066571" timestamp="2023-12-13T09:05:18Z" user="Alexis04132" uid="20509407" lat="41.1119780" lon="16.8806393"/>
 <node id="11414381479" visible="true" version="1" changeset="145066571" timestamp="2023-12-13T09:05:18Z" user="Alexis04132" uid="20509407" lat="41.1119055" lon="16.8804103">
  <tag k="barrier" v="gate"/>
 </node>
 <node id="11414381480" visible="true" version="2" changeset="162140239" timestamp="2025-02-04T19:56:58Z" user="Alexis04132" uid="20509407" lat="41.1117713" lon="16.8799981"/>
 <node id="11414381487" visible="true" version="1" changeset="145066571" timestamp="2023-12-13T09:05:18Z" user="Alexis04132" uid="20509407" lat="41.1112699" lon="16.8802751"/>
 <node id="11414859228" visible="true" version="2" changeset="145112546" timestamp="2023-12-14T13:28:10Z" user="Alexis04132" uid="20509407" lat="41.1079565" lon="16.8804926"/>
 <node id="11414859229" visible="true" version="2" changeset="145112580" timestamp="2023-12-14T13:29:10Z" user="Alexis04132" uid="20509407" lat="41.1079192" lon="16.8805382"/>
 <node id="11817195160" visible="true" version="2" changeset="163901923" timestamp="2025-03-21T11:44:24Z" user="cartop" uid="4467890" lat="41.1114816" lon="16.8827735"/>
 <node id="12557293721" visible="true" version="1" changeset="162139520" timestamp="2025-02-04T19:33:57Z" user="Alexis04132" uid="20509407" lat="41.1104590" lon="16.8800757"/>
 <node id="12557293725" visible="true" version="1" changeset="162139520" timestamp="2025-02-04T19:33:57Z" user="Alexis04132" uid="20509407" lat="41.1105153" lon="16.8800955"/>
 <node id="12557329107" visible="true" version="1" changeset="162140239" timestamp="2025-02-04T19:56:58Z" user="Alexis04132" uid="20509407" lat="41.1110109" lon="16.8800120"/>
 <node id="12686905174" visible="true" version="1" changeset="163901923" timestamp="2025-03-21T11:44:24Z" user="cartop" uid="4467890" lat="41.1101054" lon="16.8838514">
  <tag k="crossing" v="uncontrolled"/>
  <tag k="crossing:markings" v="yes"/>
  <tag k="highway" v="crossing"/>
 </node>
 <node id="12686905175" visible="true" version="1" changeset="163901923" timestamp="2025-03-21T11:44:24Z" user="cartop" uid="4467890" lat="41.1115996" lon="16.8826796">
  <tag k="crossing" v="uncontrolled"/>
  <tag k="crossing:markings" v="yes"/>
  <tag k="highway" v="crossing"/>
 </node>
 <node id="12686905176" visible="true" version="1" changeset="163901923" timestamp="2025-03-21T11:44:24Z" user="cartop" uid="4467890" lat="41.1117510" lon="16.8825623">
  <tag k="crossing" v="uncontrolled"/>
  <tag k="crossing:markings" v="yes"/>
  <tag k="highway" v="crossing"/>
 </node>
 <node id="12686905178" visible="true" version="1" changeset="163901923" timestamp="2025-03-21T11:44:24Z" user="cartop" uid="4467890" lat="41.1126151" lon="16.8818811">
  <tag k="crossing" v="uncontrolled"/>
  <tag k="crossing:markings" v="yes"/>
  <tag k="highway" v="crossing"/>
 </node>
 <node id="12686905179" visible="true" version="1" changeset="163901923" timestamp="2025-03-21T11:44:24Z" user="cartop" uid="4467890" lat="41.1127398" lon="16.8817840">
  <tag k="crossing" v="uncontrolled"/>
  <tag k="crossing:markings" v="yes"/>
  <tag k="highway" v="crossing"/>
 </node>
 <node id="12686905180" visible="true" version="1" changeset="163901923" timestamp="2025-03-21T11:44:24Z" user="cartop" uid="4467890" lat="41.1134109" lon="16.8812567">
  <tag k="crossing" v="uncontrolled"/>
  <tag k="crossing:markings" v="yes"/>
  <tag k="highway" v="crossing"/>
 </node>
 <node id="12698202337" visible="true" version="1" changeset="164066073" timestamp="2025-03-25T08:52:10Z" user="cartop" uid="4467890" lat="41.1147608" lon="16.8801685">
  <tag k="crossing" v="uncontrolled"/>
  <tag k="crossing:markings" v="yes"/>
  <tag k="highway" v="crossing"/>
 </node>
 <node id="12698202338" visible="true" version="1" changeset="164066073" timestamp="2025-03-25T08:52:10Z" user="cartop" uid="4467890" lat="41.1140923" lon="16.8806971">
  <tag k="crossing" v="uncontrolled"/>
  <tag k="crossing:markings" v="yes"/>
  <tag k="highway" v="crossing"/>
 </node>
 <node id="12816377197" visible="true" version="1" changeset="165926018" timestamp="2025-05-07T08:14:47Z" user="Alexis04132" uid="20509407" lat="41.1070014" lon="16.8845095">
  <tag k="bus" v="yes"/>
  <tag k="highway" v="bus_stop"/>
  <tag k="name" v="Omodeo-Amendola"/>
  <tag k="operator" v="AMTAB"/>
  <tag k="public_transport" v="platform"/>
  <tag k="ref" v="06402002"/>
  <tag k="shelter" v="yes"/>
 </node>
 <node id="12840687451" visible="true" version="1" changeset="166322852" timestamp="2025-05-15T20:27:16Z" user="Alexis04132" uid="20509407" lat="41.1065042" lon="16.8850337"/>
 <node id="12840687452" visible="true" version="1" changeset="166322852" timestamp="2025-05-15T20:27:16Z" user="Alexis04132" uid="20509407" lat="41.1063922" lon="16.8842254"/>
 <node id="12840687453" visible="true" version="1" changeset="166322852" timestamp="2025-05-15T20:27:16Z" user="Alexis04132" uid="20509407" lat="41.1067316" lon="16.8839518"/>
 <node id="12840687454" visible="true" version="1" changeset="166322852" timestamp="2025-05-15T20:27:16Z" user="Alexis04132" uid="20509407" lat="41.1072744" lon="16.8852781"/>
 <node id="12840687455" visible="true" version="1" changeset="166322852" timestamp="2025-05-15T20:27:16Z" user="Alexis04132" uid="20509407" lat="41.1066044" lon="16.8856188"/>
 <node id="13173817147" visible="true" version="1" changeset="172494678" timestamp="2025-09-26T16:40:33Z" user="Alexis04132" uid="20509407" lat="41.1080662" lon="16.8869880"/>
 <node id="13173817148" visible="true" version="1" changeset="172494678" timestamp="2025-09-26T16:40:33Z" user="Alexis04132" uid="20509407" lat="41.1069803" lon="16.8877522"/>
 <node id="13173817149" visible="true" version="1" changeset="172494678" timestamp="2025-09-26T16:40:33Z" user="Alexis04132" uid="20509407" lat="41.1070947" lon="16.8881872"/>
 <node id="13173817150" visible="true" version="1" changeset="172494678" timestamp="2025-09-26T16:40:33Z" user="Alexis04132" uid="20509407" lat="41.1077102" lon="16.8879019"/>
 <node id="13173817163" visible="true" version="1" changeset="172494678" timestamp="2025-09-26T16:40:33Z" user="Alexis04132" uid="20509407" lat="41.1078602" lon="16.8873316"/>
 <node id="13173817164" visible="true" version="1" changeset="172494678" timestamp="2025-09-26T16:40:33Z" user="Alexis04132" uid="20509407" lat="41.1080889" lon="16.8881826"/>
 <node id="13173817165" visible="true" version="1" changeset="172494678" timestamp="2025-09-26T16:40:33Z" user="Alexis04132" uid="20509407" lat="41.1084744" lon="16.8878572"/>
 <node id="13173817166" visible="true" version="1" changeset="172494678" timestamp="2025-09-26T16:40:33Z" user="Alexis04132" uid="20509407" lat="41.1081550" lon="16.8871791"/>
 <node id="13173817167" visible="true" version="1" changeset="172494678" timestamp="2025-09-26T16:40:33Z" user="Alexis04132" uid="20509407" lat="41.1087222" lon="16.8883985"/>
 <node id="13173817168" visible="true" version="1" changeset="172494678" timestamp="2025-09-26T16:40:33Z" user="Alexis04132" uid="20509407" lat="41.1084206" lon="16.8886624"/>
 <node id="13173817169" visible="true" version="1" changeset="172494678" timestamp="2025-09-26T16:40:33Z" user="Alexis04132" uid="20509407" lat="41.1074336" lon="16.8893331"/>
 <node id="13173817170" visible="true" version="1" changeset="172494678" timestamp="2025-09-26T16:40:33Z" user="Alexis04132" uid="20509407" lat="41.1079486" lon="16.8890098"/>
 <node id="13173817175" visible="true" version="1" changeset="172494678" timestamp="2025-09-26T16:40:33Z" user="Alexis04132" uid="20509407" lat="41.1067678" lon="16.8857822"/>
 <node id="13173817176" visible="true" version="1" changeset="172494678" timestamp="2025-09-26T16:40:33Z" user="Alexis04132" uid="20509407" lat="41.1068020" lon="16.8882522"/>
 <node id="13173817177" visible="true" version="1" changeset="172494678" timestamp="2025-09-26T16:40:33Z" user="Alexis04132" uid="20509407" lat="41.1062104" lon="16.8860591"/>
 <node id="13173817178" visible="true" version="1" changeset="172494678" timestamp="2025-09-26T16:40:33Z" user="Alexis04132" uid="20509407" lat="41.1063623" lon="16.8859880"/>
 <node id="13173817179" visible="true" version="1" changeset="172494678" timestamp="2025-09-26T16:40:33Z" user="Alexis04132" uid="20509407" lat="41.1067023" lon="16.8872524"/>
 <node id="13173817180" visible="true" version="1" changeset="172494678" timestamp="2025-09-26T16:40:33Z" user="Alexis04132" uid="20509407" lat="41.1070924" lon="16.8870736"/>
 <node id="13173817181" visible="true" version="1" changeset="172494678" timestamp="2025-09-26T16:40:33Z" user="Alexis04132" uid="20509407" lat="41.1082045" lon="16.8888290"/>
 <node id="13173817182" visible="true" version="1" changeset="172494678" timestamp="2025-09-26T16:40:33Z" user="Alexis04132" uid="20509407" lat="41.1071252" lon="16.8894539"/>
 <node id="13173817183" visible="true" version="1" changeset="172494678" timestamp="2025-09-26T16:40:33Z" user="Alexis04132" uid="20509407" lat="41.1067605" lon="16.8857565"/>
 <node id="13173817184" visible="true" version="1" changeset="172494678" timestamp="2025-09-26T16:40:33Z" user="Alexis04132" uid="20509407" lat="41.1063532" lon="16.8859480"/>
 <node id="13173839114" visible="true" version="1" changeset="172495309" timestamp="2025-09-26T16:54:40Z" user="Alexis04132" uid="20509407" lat="41.1073544" lon="16.8855160"/>
 <node id="13173839115" visible="true" version="1" changeset="172495309" timestamp="2025-09-26T16:54:40Z" user="Alexis04132" uid="20509407" lat="41.1073849" lon="16.8855485"/>
 <node id="13173839116" visible="true" version="1" changeset="172495309" timestamp="2025-09-26T16:54:40Z" user="Alexis04132" uid="20509407" lat="41.1073975" lon="16.8855682"/>
 <node id="13173911808" visible="true" version="1" changeset="172496640" timestamp="2025-09-26T17:28:04Z" user="Alexis04132" uid="20509407" lat="41.1088880" lon="16.8865456"/>
 <node id="13173911809" visible="true" version="1" changeset="172496640" timestamp="2025-09-26T17:28:04Z" user="Alexis04132" uid="20509407" lat="41.1083778" lon="16.8869341"/>
 <node id="13173911810" visible="true" version="1" changeset="172496640" timestamp="2025-09-26T17:28:04Z" user="Alexis04132" uid="20509407" lat="41.1094415" lon="16.8877107"/>
 <node id="13173911811" visible="true" version="1" changeset="172496640" timestamp="2025-09-26T17:28:04Z" user="Alexis04132" uid="20509407" lat="41.1083381" lon="16.8868530"/>
 <node id="13173933008" visible="true" version="1" changeset="172497150" timestamp="2025-09-26T17:43:30Z" user="Alexis04132" uid="20509407" lat="41.1098081" lon="16.8866536"/>
 <node id="13173933009" visible="true" version="1" changeset="172497150" timestamp="2025-09-26T17:43:30Z" user="Alexis04132" uid="20509407" lat="41.1096329" lon="16.8867874"/>
 <node id="13175136504" visible="true" version="1" changeset="172521040" timestamp="2025-09-27T11:11:06Z" user="Alexis04132" uid="20509407" lat="41.1061135" lon="16.8818787">
  <tag k="highway" v="traffic_signals"/>
  <tag k="traffic_signals" v="signal"/>
  <tag k="traffic_signals:direction" v="forward"/>
 </node>
 <node id="13175136505" visible="true" version="1" changeset="172521040" timestamp="2025-09-27T11:11:06Z" user="Alexis04132" uid="20509407" lat="41.1059344" lon="16.8818575"/>
 <node id="13175136506" visible="true" version="1" changeset="172521040" timestamp="2025-09-27T11:11:06Z" user="Alexis04132" uid="20509407" lat="41.1059455" lon="16.8813549"/>
 <node id="13175164102" visible="true" version="1" changeset="172522466" timestamp="2025-09-27T11:46:49Z" user="Alexis04132" uid="20509407" lat="41.1060173" lon="16.8816321"/>
 <node id="13176618393" visible="true" version="1" changeset="172561314" timestamp="2025-09-28T11:09:10Z" user="Alexis04132" uid="20509407" lat="41.1121650" lon="16.8814749"/>
 <node id="13227700648" visible="true" version="1" changeset="173182890" timestamp="2025-10-12T14:03:21Z" user="Alexis04132" uid="20509407" lat="41.1076746" lon="16.8852113">
  <tag k="highway" v="traffic_signals"/>
  <tag k="traffic_signals" v="signal"/>
  <tag k="traffic_signals:direction" v="backward"/>
 </node>
 <node id="13227700649" visible="true" version="1" changeset="173182890" timestamp="2025-10-12T14:03:21Z" user="Alexis04132" uid="20509407" lat="41.1075726" lon="16.8852603"/>
 <node id="13227700650" visible="true" version="1" changeset="173182890" timestamp="2025-10-12T14:03:21Z" user="Alexis04132" uid="20509407" lat="41.1075013" lon="16.8852950"/>
 <node id="13227700651" visible="true" version="1" changeset="173182890" timestamp="2025-10-12T14:03:21Z" user="Alexis04132" uid="20509407" lat="41.1092677" lon="16.8891140"/>
 <node id="13227700652" visible="true" version="1" changeset="173182890" timestamp="2025-10-12T14:03:21Z" user="Alexis04132" uid="20509407" lat="41.1075100" lon="16.8855306"/>
 <node id="13227700653" visible="true" version="1" changeset="173182890" timestamp="2025-10-12T14:03:21Z" user="Alexis04132" uid="20509407" lat="41.1092166" lon="16.8891741"/>
 <node id="13227700654" visible="true" version="1" changeset="173182890" timestamp="2025-10-12T14:03:21Z" user="Alexis04132" uid="20509407" lat="41.1073570" lon="16.8853694"/>
 <node id="13227700655" visible="true" version="1" changeset="173182890" timestamp="2025-10-12T14:03:21Z" user="Alexis04132" uid="20509407" lat="41.1074097" lon="16.8853417"/>
 <way id="25622658" visible="true" version="8" changeset="138105519" timestamp="2023-07-04T12:12:03Z" user="Valantin" uid="622492">
  <nd ref="353327377"/>
  <nd ref="279255925"/>
  <nd ref="279255922"/>
  <nd ref="10991993580"/>
  <nd ref="10991993581"/>
  <nd ref="279255939"/>
  <tag k="highway" v="service"/>
  <tag k="service" v="parking_aisle"/>
  <tag k="smoothness" v="good"/>
  <tag k="surface" v="asphalt"/>
 </way>
 <way id="25622662" visible="true" version="7" changeset="137831722" timestamp="2023-06-27T11:52:55Z" user="Valantin" uid="622492">
  <nd ref="353327360"/>
  <nd ref="279255939"/>
  <tag k="highway" v="service"/>
  <tag k="service" v="parking_aisle"/>
  <tag k="smoothness" v="good"/>
  <tag k="surface" v="asphalt"/>
 </way>
 <way id="25634431" visible="true" version="27" changeset="173182890" timestamp="2025-10-12T14:03:21Z" user="Alexis04132" uid="20509407">
  <nd ref="13227700650"/>
  <nd ref="339001952"/>
  <nd ref="1472226106"/>
  <nd ref="279246413"/>
  <nd ref="5842432444"/>
  <nd ref="616823670"/>
  <nd ref="13175136504"/>
  <nd ref="3528202584"/>
  <nd ref="13175164102"/>
  <nd ref="279378315"/>
  <nd ref="13175136506"/>
  <tag k="cycleway:right" v="no"/>
  <tag k="highway" v="primary"/>
  <tag k="name" v="Via Adolfo Omodeo"/>
  <tag k="name:etymology:wikidata" v="Q3605459"/>
  <tag k="oneway" v="yes"/>
  <tag k="postal_code" v="70126"/>
  <tag k="source" v="Stradario Bari"/>
  <tag k="surface" v="asphalt"/>
 </way>
 <way id="30002254" visible="true" version="16" changeset="176963869" timestamp="2026-01-07T23:16:56Z" user="Milziade" uid="22909472">
  <nd ref="13227700655"/>
  <nd ref="13227700652"/>
  <nd ref="13227700653"/>
  <nd ref="279392234"/>
  <nd ref="4184625513"/>
  <nd ref="279385136"/>
  <nd ref="6969817590"/>
  <tag k="bridge" v="yes"/>
  <tag k="highway" v="primary"/>
  <tag k="layer" v="1"/>
  <tag k="maxspeed" v="30"/>
  <tag k="name" v="Ponte Padre Pio"/>
  <tag k="name:etymology:wikidata" v="Q193754"/>
  <tag k="oneway" v="yes"/>
  <tag k="postal_code" v="70126"/>
  <tag k="source" v="Stradario Bari"/>
  <tag k="surface" v="asphalt"/>
 </way>
 <way id="30002265" visible="true" version="17" changeset="176963869" timestamp="2026-01-07T23:16:56Z" user="Milziade" uid="22909472">
  <nd ref="6969812829"/>
  <nd ref="279396405"/>
  <nd ref="4184625662"/>
  <nd ref="279396216"/>
  <nd ref="13227700651"/>
  <nd ref="330655162"/>
  <nd ref="13227700650"/>
  <tag k="bridge" v="yes"/>
  <tag k="highway" v="primary"/>
  <tag k="layer" v="1"/>
  <tag k="maxspeed" v="30"/>
  <tag k="name" v="Ponte Padre Pio"/>
  <tag k="name:etymology:wikidata" v="Q193754"/>
  <tag k="oneway" v="yes"/>
  <tag k="postal_code" v="70126"/>
  <tag k="source" v="Stradario Bari"/>
  <tag k="surface" v="asphalt"/>
 </way>
 <way id="30633077" visible="true" version="7" changeset="173182890" timestamp="2025-10-12T14:03:21Z" user="Alexis04132" uid="20509407">
  <nd ref="13227700654"/>
  <nd ref="1472193239"/>
  <tag k="highway" v="service"/>
  <tag k="name" v="Strada Stoppelli"/>
  <tag k="oneway" v="yes"/>
  <tag k="postal_code" v="70126"/>
  <tag k="source" v="Stradario Bari"/>
  <tag k="surface" v="asphalt"/>
 </way>
 <way id="30654050" visible="true" version="10" changeset="172497150" timestamp="2025-09-26T17:43:30Z" user="Alexis04132" uid="20509407">
  <nd ref="339003745"/>
  <nd ref="1492612082"/>
  <nd ref="13173933009"/>
  <nd ref="13173933008"/>
  <nd ref="339003746"/>
  <nd ref="13173911810"/>
  <nd ref="13173911808"/>
  <nd ref="13173911811"/>
  <nd ref="339003751"/>
  <nd ref="4184615706"/>
  <nd ref="4184617206"/>
  <nd ref="1492612029"/>
  <nd ref="339003745"/>
  <tag k="landuse" v="industrial"/>
 </way>
 <way id="30654092" visible="true" version="7" changeset="172495309" timestamp="2025-09-26T16:54:40Z" user="Alexis04132" uid="20509407">
  <nd ref="13173817147"/>
  <nd ref="339004053"/>
  <nd ref="13173817180"/>
  <nd ref="13173817175"/>
  <nd ref="339004052"/>
  <nd ref="2623147250"/>
  <nd ref="13173839114"/>
  <nd ref="2623147251"/>
  <nd ref="13173839115"/>
  <nd ref="13173839116"/>
  <nd ref="13173817147"/>
  <tag k="landuse" v="retail"/>
  <tag k="name" v="Radicci Automobili"/>
  <tag k="operator" v="Radicci Automobili S.p.A."/>
  <tag k="shop" v="car"/>
  <tag k="website" v="https://www.grupporadicci.it/"/>
 </way>
 <way id="110550855" visible="true" version="13" changeset="173182890" timestamp="2025-10-12T14:03:21Z" user="Alexis04132" uid="20509407">
  <nd ref="279392230"/>
  <nd ref="279385129"/>
  <nd ref="13175136505"/>
  <nd ref="3528202572"/>
  <nd ref="5842432453"/>
  <nd ref="5842432445"/>
  <nd ref="279395505"/>
  <nd ref="1472226110"/>
  <nd ref="1472226104"/>
  <nd ref="339001978"/>
  <nd ref="13227700655"/>
  <tag k="highway" v="primary"/>
  <tag k="name" v="Via Adolfo Omodeo"/>
  <tag k="name:etymology:wikidata" v="Q3605459"/>
  <tag k="oneway" v="yes"/>
  <tag k="postal_code" v="70126"/>
  <tag k="source" v="Stradario Bari"/>
  <tag k="surface" v="asphalt"/>
 </way>
 <way id="133757780" visible="true" version="6" changeset="173182890" timestamp="2025-10-12T14:03:21Z" user="Alexis04132" uid="20509407">
  <nd ref="1472193006"/>
  <nd ref="1472193011"/>
  <nd ref="279395652"/>
  <nd ref="13227700649"/>
  <tag k="highway" v="service"/>
  <tag k="name" v="Strada Stoppelli"/>
  <tag k="oneway" v="yes"/>
  <tag k="postal_code" v="70126"/>
  <tag k="source" v="Stradario Bari"/>
  <tag k="surface" v="asphalt"/>
 </way>
 <way id="133757786" visible="true" version="1" changeset="9593275" timestamp="2011-10-18T17:50:19Z" user="_mrp_" uid="218322">
  <nd ref="1472193061"/>
  <nd ref="1472193217"/>
  <nd ref="1472193130"/>
  <tag k="highway" v="residential"/>
 </way>
 <way id="133757805" visible="true" version="4" changeset="39303999" timestamp="2016-05-14T03:23:33Z" user="mcheckimport" uid="893327">
  <nd ref="1472193011"/>
  <nd ref="1472193092"/>
  <nd ref="1472193136"/>
  <nd ref="1492612146"/>
  <tag k="highway" v="service"/>
  <tag k="oneway" v="no"/>
 </way>
 <way id="226588512" visible="true" version="5" changeset="138105519" timestamp="2023-07-04T12:12:03Z" user="Valantin" uid="622492">
  <nd ref="353327377"/>
  <nd ref="353327389"/>
  <nd ref="279255893"/>
  <nd ref="10991993576"/>
  <nd ref="10991993577"/>
  <nd ref="279255925"/>
  <tag k="highway" v="service"/>
  <tag k="service" v="parking_aisle"/>
  <tag k="smoothness" v="good"/>
  <tag k="surface" v="asphalt"/>
 </way>
 <way id="316549005" visible="true" version="4" changeset="81674494" timestamp="2020-03-02T09:54:04Z" user="mad_map" uid="693626">
  <nd ref="3528202564"/>
  <nd ref="3226724707"/>
  <tag k="natural" v="tree_row"/>
 </way>
 <way id="316549007" visible="true" version="1" changeset="27360350" timestamp="2014-12-09T16:34:01Z" user="mad_map" uid="693626">
  <nd ref="3226724767"/>
  <nd ref="3226724769"/>
  <tag k="natural" v="tree_row"/>
 </way>
 <way id="316549889" visible="true" version="3" changeset="166322852" timestamp="2025-05-15T20:27:16Z" user="Alexis04132" uid="20509407">
  <nd ref="3226736143"/>
  <nd ref="3226736146"/>
  <nd ref="12840687452"/>
  <nd ref="12840687451"/>
  <nd ref="3226736157"/>
  <nd ref="3226736155"/>
  <nd ref="3226736139"/>
  <nd ref="3226736150"/>
  <nd ref="3226736138"/>
  <nd ref="3226736140"/>
  <nd ref="3226736156"/>
  <nd ref="3226736143"/>
  <tag k="landuse" v="forest"/>
 </way>
 <way id="346278045" visible="true" version="3" changeset="137523347" timestamp="2023-06-19T14:44:41Z" user="Valantin" uid="622492">
  <nd ref="3528224481"/>
  <nd ref="3528224485"/>
  <nd ref="3528224482"/>
  <nd ref="3528224455"/>
  <nd ref="3528224470"/>
  <nd ref="3528224456"/>
  <nd ref="3528224462"/>
  <nd ref="3528224459"/>
  <nd ref="3528224458"/>
  <nd ref="3528224472"/>
  <nd ref="3528224479"/>
  <nd ref="3528224708"/>
  <nd ref="3528224450"/>
  <nd ref="3528224489"/>
  <nd ref="3528224481"/>
  <tag k="access" v="private"/>
  <tag k="amenity" v="parking"/>
  <tag k="parking" v="surface"/>
 </way>
 <way id="417997410" visible="true" version="2" changeset="56162561" timestamp="2018-02-07T21:59:05Z" user="corfede" uid="1960233">
  <nd ref="4184611481"/>
  <nd ref="4184611422"/>
  <nd ref="4184611655"/>
  <nd ref="4184611809"/>
  <nd ref="4184611481"/>
  <tag k="building" v="yes"/>
 </way>
 <way id="417998663" visible="true" version="2" changeset="56492483" timestamp="2018-02-19T13:44:30Z" user="corfede" uid="1960233">
  <nd ref="4184617268"/>
  <nd ref="4184619026"/>
  <nd ref="4184618981"/>
  <nd ref="4184617215"/>
  <nd ref="4184618691"/>
  <nd ref="4184616278"/>
  <nd ref="4184616295"/>
  <nd ref="4184616168"/>
  <nd ref="4184616208"/>
  <nd ref="4184616324"/>
  <nd ref="4184617698"/>
  <nd ref="4184616252"/>
  <nd ref="4184615969"/>
  <nd ref="4184616102"/>
  <nd ref="4184616065"/>
  <nd ref="4184615916"/>
  <nd ref="4184615895"/>
  <nd ref="4184614966"/>
  <nd ref="4184614982"/>
  <nd ref="4184614854"/>
  <nd ref="4184614888"/>
  <nd ref="4184615027"/>
  <nd ref="4184615262"/>
  <nd ref="4184614945"/>
  <nd ref="4184614732"/>
  <nd ref="4184614799"/>
  <nd ref="4184614569"/>
  <nd ref="4184614689"/>
  <nd ref="4184614475"/>
  <nd ref="4184613429"/>
  <nd ref="4184612496"/>
  <nd ref="4184614271"/>
  <nd ref="4184614255"/>
  <nd ref="4184614833"/>
  <nd ref="4184614852"/>
  <nd ref="4184615736"/>
  <nd ref="4184615717"/>
  <nd ref="4184616139"/>
  <nd ref="4184616165"/>
  <nd ref="4184617990"/>
  <nd ref="4184617816"/>
  <nd ref="4184617721"/>
  <nd ref="4184617662"/>
  <nd ref="4184617613"/>
  <nd ref="4184615881"/>
  <nd ref="4184615194"/>
  <nd ref="4184615724"/>
  <nd ref="4184616382"/>
  <nd ref="4184617825"/>
  <nd ref="4184617868"/>
  <nd ref="4184618084"/>
  <nd ref="4184618995"/>
  <nd ref="4184618900"/>
  <nd ref="4184618965"/>
  <nd ref="4184620037"/>
  <nd ref="4184619257"/>
  <nd ref="4184617268"/>
 </way>
 <way id="417999265" visible="true" version="1" changeset="39303999" timestamp="2016-05-14T03:11:46Z" user="mcheckimport" uid="893327">
  <nd ref="4184608534"/>
  <nd ref="4184608511"/>
  <nd ref="4184608572"/>
  <nd ref="4184608552"/>
  <nd ref="4184608637"/>
  <nd ref="4184608705"/>
  <nd ref="4184608717"/>
  <nd ref="4184609120"/>
  <nd ref="4184608759"/>
  <nd ref="4184608690"/>
  <nd ref="4184608620"/>
  <nd ref="4184608534"/>
  <tag k="building" v="industrial"/>
 </way>
 <way id="417999275" visible="true" version="1" changeset="39303999" timestamp="2016-05-14T03:11:47Z" user="mcheckimport" uid="893327">
  <nd ref="4184616495"/>
  <nd ref="4184618008"/>
  <nd ref="4184618027"/>
  <nd ref="4184619029"/>
  <nd ref="4184617755"/>
  <nd ref="4184617697"/>
  <nd ref="4184617724"/>
  <nd ref="4184617704"/>
  <nd ref="4184617856"/>
  <nd ref="4184617811"/>
  <nd ref="4184617637"/>
  <nd ref="4184616495"/>
  <tag k="building" v="roof"/>
  <tag k="layer" v="1"/>
 </way>
 <way id="417999284" visible="true" version="1" changeset="39303999" timestamp="2016-05-14T03:11:48Z" user="mcheckimport" uid="893327">
  <nd ref="4184610448"/>
  <nd ref="4184610238"/>
  <nd ref="4184609817"/>
  <nd ref="4184609813"/>
  <nd ref="4184609156"/>
  <nd ref="4184608783"/>
  <nd ref="4184608777"/>
  <nd ref="4184608719"/>
  <nd ref="4184608617"/>
  <nd ref="4184608599"/>
  <nd ref="4184608607"/>
  <nd ref="4184608681"/>
  <nd ref="4184608635"/>
  <nd ref="4184608603"/>
  <nd ref="4184608652"/>
  <nd ref="4184608580"/>
  <nd ref="4184609146"/>
  <nd ref="4184609167"/>
  <nd ref="4184609420"/>
  <nd ref="4184609436"/>
  <nd ref="4184609468"/>
  <nd ref="4184609425"/>
  <nd ref="4184609471"/>
  <nd ref="4184609476"/>
  <nd ref="4184609418"/>
  <nd ref="4184609446"/>
  <nd ref="4184609174"/>
  <nd ref="4184609405"/>
  <nd ref="4184609170"/>
  <nd ref="4184609407"/>
  <nd ref="4184609414"/>
  <nd ref="4184609741"/>
  <nd ref="4184609733"/>
  <nd ref="4184609795"/>
  <nd ref="4184609772"/>
  <nd ref="4184609854"/>
  <nd ref="4184609872"/>
  <nd ref="4184610210"/>
  <nd ref="4184609888"/>
  <nd ref="4184610215"/>
  <nd ref="4184610263"/>
  <nd ref="4184610446"/>
  <nd ref="4184610464"/>
  <nd ref="4184610494"/>
  <nd ref="4184610505"/>
  <nd ref="4184610623"/>
  <nd ref="4184610610"/>
  <nd ref="4184610596"/>
  <nd ref="4184610567"/>
  <nd ref="4184610555"/>
  <nd ref="4184610530"/>
  <nd ref="4184610518"/>
  <nd ref="4184610475"/>
  <nd ref="4184610430"/>
  <nd ref="4184610428"/>
  <nd ref="4184610408"/>
  <nd ref="4184610397"/>
  <nd ref="4184610447"/>
  <nd ref="4184610431"/>
  <nd ref="4184610261"/>
  <nd ref="4184610247"/>
  <nd ref="4184610242"/>
  <nd ref="4184610271"/>
  <nd ref="4184610260"/>
  <nd ref="4184610193"/>
  <nd ref="4184609873"/>
  <nd ref="4184610218"/>
  <nd ref="4184610197"/>
  <nd ref="4184609834"/>
  <nd ref="4184609807"/>
  <nd ref="4184609851"/>
  <nd ref="4184609840"/>
  <nd ref="4184609767"/>
  <nd ref="4184609764"/>
  <nd ref="4184609464"/>
  <nd ref="4184609416"/>
  <nd ref="4184609454"/>
  <nd ref="4184609411"/>
  <nd ref="4184609853"/>
  <nd ref="4184609849"/>
  <nd ref="4184609882"/>
  <nd ref="4184610213"/>
  <nd ref="4184610220"/>
  <nd ref="4184610241"/>
  <nd ref="4184610254"/>
  <nd ref="4184610270"/>
  <nd ref="4184610277"/>
  <nd ref="4184610398"/>
  <nd ref="4184610440"/>
  <nd ref="4184610461"/>
  <nd ref="4184610465"/>
  <nd ref="4184610473"/>
  <nd ref="4184610474"/>
  <nd ref="4184610484"/>
  <nd ref="4184610492"/>
  <nd ref="4184610507"/>
  <nd ref="4184610523"/>
  <nd ref="4184610529"/>
  <nd ref="4184610552"/>
  <nd ref="4184610570"/>
  <nd ref="4184610588"/>
  <nd ref="4184610599"/>
  <nd ref="4184610603"/>
  <nd ref="4184610606"/>
  <nd ref="4184610627"/>
  <nd ref="4184610667"/>
  <nd ref="4184610677"/>
  <nd ref="4184610691"/>
  <nd ref="4184610701"/>
  <nd ref="4184610727"/>
  <nd ref="4184610749"/>
  <nd ref="4184610752"/>
  <nd ref="4184610735"/>
  <nd ref="4184610747"/>
  <nd ref="4184610720"/>
  <nd ref="4184610784"/>
  <nd ref="4184610584"/>
  <nd ref="4184610448"/>
  <tag k="building" v="yes"/>
 </way>
 <way id="417999907" visible="true" version="1" changeset="39303999" timestamp="2016-05-14T03:12:20Z" user="mcheckimport" uid="893327">
  <nd ref="4184608746"/>
  <nd ref="4184608672"/>
  <nd ref="4184608744"/>
  <nd ref="4184608351"/>
  <nd ref="4184608222"/>
  <nd ref="4184608581"/>
  <nd ref="4184608640"/>
  <nd ref="4184608695"/>
  <nd ref="4184608646"/>
  <nd ref="4184609177"/>
  <nd ref="4184609789"/>
  <nd ref="4184609402"/>
  <nd ref="4184609094"/>
  <nd ref="4184608761"/>
  <nd ref="4184608746"/>
  <tag k="building" v="yes"/>
 </way>
 <way id="417999937" visible="true" version="2" changeset="56162561" timestamp="2018-02-07T21:59:06Z" user="corfede" uid="1960233">
  <nd ref="4184611476"/>
  <nd ref="4184611285"/>
  <nd ref="4184611341"/>
  <nd ref="4184611073"/>
  <nd ref="4184611843"/>
  <nd ref="4184612495"/>
  <nd ref="4184611476"/>
  <tag k="building" v="industrial"/>
 </way>
 <way id="418000152" visible="true" version="1" changeset="39303999" timestamp="2016-05-14T03:12:37Z" user="mcheckimport" uid="893327">
  <nd ref="4184609484"/>
  <nd ref="4184609692"/>
  <nd ref="4184609729"/>
  <nd ref="4184609757"/>
  <nd ref="4184609773"/>
  <nd ref="4184610214"/>
  <nd ref="4184609858"/>
  <nd ref="4184609814"/>
  <nd ref="4184609788"/>
  <nd ref="4184609816"/>
  <nd ref="4184609755"/>
  <nd ref="4184609696"/>
  <nd ref="4184609168"/>
  <nd ref="4184609147"/>
  <nd ref="4184609731"/>
  <nd ref="4184609484"/>
  <tag k="building" v="industrial"/>
 </way>
 <way id="418000262" visible="true" version="2" changeset="172494678" timestamp="2025-09-26T16:40:33Z" user="Alexis04132" uid="20509407">
  <nd ref="4184610285"/>
  <nd ref="4184610224"/>
  <nd ref="13173817148"/>
  <nd ref="13173817149"/>
  <nd ref="13173817150"/>
  <nd ref="4184613655"/>
  <nd ref="4184613931"/>
  <nd ref="4184614460"/>
  <nd ref="4184610285"/>
  <tag k="building" v="industrial"/>
 </way>
 <way id="418000839" visible="true" version="1" changeset="39303999" timestamp="2016-05-14T03:13:12Z" user="mcheckimport" uid="893327">
  <nd ref="4184618975"/>
  <nd ref="4184618918"/>
  <nd ref="4184618963"/>
  <nd ref="4184618929"/>
  <nd ref="4184618001"/>
  <nd ref="4184617879"/>
  <nd ref="4184617809"/>
  <nd ref="4184617736"/>
  <nd ref="4184617827"/>
  <nd ref="4184617802"/>
  <nd ref="4184617834"/>
  <nd ref="4184617792"/>
  <nd ref="4184617771"/>
  <nd ref="4184618002"/>
  <nd ref="4184618068"/>
  <nd ref="4184617212"/>
  <nd ref="4184617247"/>
  <nd ref="4184618893"/>
  <nd ref="4184618949"/>
  <nd ref="4184619020"/>
  <nd ref="4184618975"/>
  <tag k="building" v="roof"/>
  <tag k="layer" v="1"/>
 </way>
 <way id="418001364" visible="true" version="1" changeset="39303999" timestamp="2016-05-14T03:13:46Z" user="mcheckimport" uid="893327">
  <nd ref="4184615936"/>
  <nd ref="4184615302"/>
  <nd ref="4184615227"/>
  <nd ref="4184615162"/>
  <nd ref="4184614565"/>
  <nd ref="4184614821"/>
  <nd ref="4184613715"/>
  <nd ref="4184613615"/>
  <nd ref="4184615022"/>
  <nd ref="4184615029"/>
  <nd ref="4184615096"/>
  <nd ref="4184615252"/>
  <nd ref="4184614969"/>
  <nd ref="4184615294"/>
  <nd ref="4184615923"/>
  <nd ref="4184616090"/>
  <nd ref="4184616181"/>
  <nd ref="4184616508"/>
  <nd ref="4184616575"/>
  <nd ref="4184617687"/>
  <nd ref="4184617626"/>
  <nd ref="4184617663"/>
  <nd ref="4184618019"/>
  <nd ref="4184616126"/>
  <nd ref="4184615900"/>
  <nd ref="4184615936"/>
  <tag k="building" v="industrial"/>
 </way>
 <way id="418001622" visible="true" version="1" changeset="39303999" timestamp="2016-05-14T03:14:02Z" user="mcheckimport" uid="893327">
  <nd ref="4184615906"/>
  <nd ref="4184615828"/>
  <nd ref="4184615748"/>
  <nd ref="4184615777"/>
  <nd ref="4184615732"/>
  <nd ref="4184615701"/>
  <nd ref="4184615268"/>
  <nd ref="4184615838"/>
  <nd ref="4184615934"/>
  <nd ref="4184616066"/>
  <nd ref="4184616051"/>
  <nd ref="4184616077"/>
  <nd ref="4184616110"/>
  <nd ref="4184616162"/>
  <nd ref="4184616170"/>
  <nd ref="4184616239"/>
  <nd ref="4184616292"/>
  <nd ref="4184616260"/>
  <nd ref="4184616305"/>
  <nd ref="4184616332"/>
  <nd ref="4184616341"/>
  <nd ref="4184616494"/>
  <nd ref="4184616542"/>
  <nd ref="4184617618"/>
  <nd ref="4184616231"/>
  <nd ref="4184616225"/>
  <nd ref="4184616033"/>
  <nd ref="4184616056"/>
  <nd ref="4184616022"/>
  <nd ref="4184615992"/>
  <nd ref="4184615906"/>
  <tag k="building" v="yes"/>
 </way>
 <way id="418002658" visible="true" version="1" changeset="39303999" timestamp="2016-05-14T03:14:41Z" user="mcheckimport" uid="893327">
  <nd ref="4184612400"/>
  <nd ref="4184612154"/>
  <nd ref="4184612445"/>
  <nd ref="4184612493"/>
  <nd ref="4184612400"/>
  <tag k="building" v="roof"/>
  <tag k="layer" v="1"/>
 </way>
 <way id="418002690" visible="true" version="1" changeset="39303999" timestamp="2016-05-14T03:14:42Z" user="mcheckimport" uid="893327">
  <nd ref="4184608736"/>
  <nd ref="4184608716"/>
  <nd ref="4184609124"/>
  <nd ref="4184609145"/>
  <nd ref="4184608736"/>
  <tag k="building" v="shed"/>
 </way>
 <way id="418002795" visible="true" version="1" changeset="39303999" timestamp="2016-05-14T03:14:45Z" user="mcheckimport" uid="893327">
  <nd ref="4184608679"/>
  <nd ref="4184608655"/>
  <nd ref="4184609095"/>
  <nd ref="4184609112"/>
  <nd ref="4184608679"/>
  <tag k="building" v="shed"/>
 </way>
 <way id="418002824" visible="true" version="1" changeset="39303999" timestamp="2016-05-14T03:14:46Z" user="mcheckimport" uid="893327">
  <nd ref="4184608547"/>
  <nd ref="4184608632"/>
  <nd ref="4184608670"/>
  <nd ref="4184608573"/>
  <nd ref="4184608547"/>
  <tag k="building" v="roof"/>
  <tag k="layer" v="1"/>
 </way>
 <way id="418003195" visible="true" version="1" changeset="39303999" timestamp="2016-05-14T03:14:59Z" user="mcheckimport" uid="893327">
  <nd ref="4184611988"/>
  <nd ref="4184612111"/>
  <nd ref="4184612153"/>
  <nd ref="4184612053"/>
  <nd ref="4184611988"/>
  <tag k="building" v="roof"/>
  <tag k="layer" v="1"/>
 </way>
 <way id="418003405" visible="true" version="1" changeset="39303999" timestamp="2016-05-14T03:15:06Z" user="mcheckimport" uid="893327">
  <nd ref="4184610547"/>
  <nd ref="4184610487"/>
  <nd ref="4184610679"/>
  <nd ref="4184610740"/>
  <nd ref="4184610547"/>
  <tag k="building" v="roof"/>
  <tag k="layer" v="1"/>
 </way>
 <way id="418004157" visible="true" version="1" changeset="39303999" timestamp="2016-05-14T03:15:34Z" user="mcheckimport" uid="893327">
  <nd ref="4184615954"/>
  <nd ref="4184615886"/>
  <nd ref="4184615983"/>
  <nd ref="4184616036"/>
  <nd ref="4184615954"/>
  <tag k="building" v="shed"/>
 </way>
 <way id="418004223" visible="true" version="1" changeset="39303999" timestamp="2016-05-14T03:15:36Z" user="mcheckimport" uid="893327">
  <nd ref="4184610491"/>
  <nd ref="4184610421"/>
  <nd ref="4184610499"/>
  <nd ref="4184610590"/>
  <nd ref="4184610491"/>
  <tag k="building" v="yes"/>
  <tag k="layer" v="1"/>
 </way>
 <way id="418004537" visible="true" version="1" changeset="39303999" timestamp="2016-05-14T03:15:46Z" user="mcheckimport" uid="893327">
  <nd ref="4184616285"/>
  <nd ref="4184616228"/>
  <nd ref="4184616329"/>
  <nd ref="4184616385"/>
  <nd ref="4184616285"/>
  <tag k="building" v="roof"/>
  <tag k="layer" v="1"/>
 </way>
 <way id="418004621" visible="true" version="2" changeset="39344293" timestamp="2016-05-16T06:34:28Z" user="agnostico" uid="3084054">
  <nd ref="4184616508"/>
  <nd ref="4184617626"/>
  <nd ref="4184617687"/>
  <nd ref="4184616575"/>
  <nd ref="4184616508"/>
  <tag k="building" v="yes"/>
  <tag k="power" v="substation"/>
  <tag k="substation" v="minor_distribution"/>
 </way>
 <way id="418004925" visible="true" version="1" changeset="39303999" timestamp="2016-05-14T03:16:00Z" user="mcheckimport" uid="893327">
  <nd ref="4184617810"/>
  <nd ref="4184617744"/>
  <nd ref="4184617788"/>
  <nd ref="4184617849"/>
  <nd ref="4184617810"/>
  <tag k="building" v="roof"/>
  <tag k="layer" v="1"/>
 </way>
 <way id="418005082" visible="true" version="1" changeset="39303999" timestamp="2016-05-14T03:16:11Z" user="mcheckimport" uid="893327">
  <nd ref="4184608685"/>
  <nd ref="4184608662"/>
  <nd ref="4184608765"/>
  <nd ref="4184609089"/>
  <nd ref="4184608685"/>
  <tag k="building" v="shed"/>
 </way>
 <way id="418005635" visible="true" version="1" changeset="39303999" timestamp="2016-05-14T03:16:58Z" user="mcheckimport" uid="893327">
  <nd ref="4184619951"/>
  <nd ref="4184619348"/>
  <nd ref="4184619241"/>
  <nd ref="4184618977"/>
  <nd ref="4184617253"/>
  <nd ref="4184617740"/>
  <nd ref="4184617804"/>
  <nd ref="4184617788"/>
  <nd ref="4184617744"/>
  <nd ref="4184617677"/>
  <nd ref="4184616185"/>
  <nd ref="4184616089"/>
  <nd ref="4184617651"/>
  <nd ref="4184617628"/>
  <nd ref="4184617650"/>
  <nd ref="4184617607"/>
  <nd ref="4184616588"/>
  <nd ref="4184616037"/>
  <nd ref="4184615943"/>
  <nd ref="4184615954"/>
  <nd ref="4184616036"/>
  <nd ref="4184616512"/>
  <nd ref="4184616267"/>
  <nd ref="4184615762"/>
  <nd ref="4184615463"/>
  <nd ref="4184616218"/>
  <nd ref="4184616158"/>
  <nd ref="4184616054"/>
  <nd ref="4184616250"/>
  <nd ref="4184616280"/>
  <nd ref="4184616220"/>
  <nd ref="4184616035"/>
  <nd ref="4184615936"/>
  <nd ref="4184616313"/>
  <nd ref="4184617596"/>
  <nd ref="4184618040"/>
  <nd ref="4184618891"/>
  <nd ref="4184619248"/>
  <nd ref="4184619232"/>
  <nd ref="4184619021"/>
  <nd ref="4184617213"/>
  <nd ref="4184617260"/>
  <nd ref="4184619079"/>
  <nd ref="4184618867"/>
  <nd ref="4184619890"/>
  <nd ref="4184620047"/>
  <nd ref="4184619951"/>
  <tag k="building" v="industrial"/>
 </way>
 <way id="418005816" visible="true" version="2" changeset="39344293" timestamp="2016-05-16T06:37:57Z" user="agnostico" uid="3084054">
  <nd ref="4184611839"/>
  <nd ref="4184611871"/>
  <nd ref="4184611838"/>
  <nd ref="4184611660"/>
  <nd ref="4184611636"/>
  <nd ref="4184611839"/>
  <tag k="building" v="yes"/>
  <tag k="power" v="substation"/>
  <tag k="substation" v="minor_distribution"/>
 </way>
 <way id="418005879" visible="true" version="1" changeset="39303999" timestamp="2016-05-14T03:17:18Z" user="mcheckimport" uid="893327">
  <nd ref="4184617246"/>
  <nd ref="4184618075"/>
  <nd ref="4184618014"/>
  <nd ref="4184618937"/>
  <nd ref="4184619016"/>
  <nd ref="4184617246"/>
  <tag k="building" v="shed"/>
 </way>
 <way id="418006139" visible="true" version="1" changeset="39303999" timestamp="2016-05-14T03:17:41Z" user="mcheckimport" uid="893327">
  <nd ref="4184608506"/>
  <nd ref="4184608384"/>
  <nd ref="4184608561"/>
  <nd ref="4184608577"/>
  <nd ref="4184608583"/>
  <nd ref="4184608506"/>
  <tag k="building" v="roof"/>
  <tag k="layer" v="1"/>
 </way>
 <way id="418006348" visible="true" version="1" changeset="39303999" timestamp="2016-05-14T03:17:53Z" user="mcheckimport" uid="893327">
  <nd ref="4184617203"/>
  <nd ref="4184618042"/>
  <nd ref="4184618075"/>
  <nd ref="4184617246"/>
  <nd ref="4184618917"/>
  <nd ref="4184617203"/>
  <tag k="building" v="roof"/>
  <tag k="layer" v="1"/>
 </way>
 <way id="418006357" visible="true" version="1" changeset="39303999" timestamp="2016-05-14T03:17:53Z" user="mcheckimport" uid="893327">
  <nd ref="4184609777"/>
  <nd ref="4184609762"/>
  <nd ref="4184609831"/>
  <nd ref="4184609837"/>
  <nd ref="4184609811"/>
  <nd ref="4184609777"/>
  <tag k="building" v="roof"/>
  <tag k="layer" v="1"/>
 </way>
 <way id="418006596" visible="true" version="1" changeset="39303999" timestamp="2016-05-14T03:18:21Z" user="mcheckimport" uid="893327">
  <nd ref="4184615326"/>
  <nd ref="4184615227"/>
  <nd ref="4184615302"/>
  <nd ref="4184615388"/>
  <nd ref="4184615359"/>
  <nd ref="4184615402"/>
  <nd ref="4184615326"/>
  <tag k="building" v="roof"/>
  <tag k="layer" v="1"/>
 </way>
 <way id="418006664" visible="true" version="2" changeset="56492483" timestamp="2018-02-19T13:44:30Z" user="corfede" uid="1960233">
  <nd ref="4184617721"/>
  <nd ref="4184617816"/>
  <nd ref="4184617707"/>
  <nd ref="4184617634"/>
  <nd ref="4184617721"/>
  <tag k="building" v="roof"/>
  <tag k="layer" v="1"/>
 </way>
 <way id="418006672" visible="true" version="1" changeset="39303999" timestamp="2016-05-14T03:18:26Z" user="mcheckimport" uid="893327">
  <nd ref="4184611893"/>
  <nd ref="4184612069"/>
  <nd ref="4184612170"/>
  <nd ref="4184612458"/>
  <nd ref="4184612507"/>
  <nd ref="4184612073"/>
  <nd ref="4184611893"/>
  <tag k="building" v="roof"/>
  <tag k="layer" v="1"/>
 </way>
 <way id="418006713" visible="true" version="1" changeset="39303999" timestamp="2016-05-14T03:18:28Z" user="mcheckimport" uid="893327">
  <nd ref="4184612431"/>
  <nd ref="4184612396"/>
  <nd ref="4184612164"/>
  <nd ref="4184614440"/>
  <nd ref="4184614722"/>
  <nd ref="4184613631"/>
  <nd ref="4184612431"/>
  <tag k="building" v="roof"/>
  <tag k="layer" v="1"/>
 </way>
 <way id="418006790" visible="true" version="1" changeset="39303999" timestamp="2016-05-14T03:18:33Z" user="mcheckimport" uid="893327">
  <nd ref="4184608617"/>
  <nd ref="4184608719"/>
  <nd ref="4184608777"/>
  <nd ref="4184608783"/>
  <nd ref="4184608665"/>
  <nd ref="4184608563"/>
  <nd ref="4184608617"/>
  <tag k="building" v="roof"/>
  <tag k="layer" v="1"/>
 </way>
 <way id="418006810" visible="true" version="1" changeset="39303999" timestamp="2016-05-14T03:18:34Z" user="mcheckimport" uid="893327">
  <nd ref="4184611852"/>
  <nd ref="4184611846"/>
  <nd ref="4184611816"/>
  <nd ref="4184611807"/>
  <nd ref="4184612469"/>
  <nd ref="4184612498"/>
  <nd ref="4184611852"/>
  <tag k="building" v="roof"/>
  <tag k="layer" v="1"/>
 </way>
 <way id="418006836" visible="true" version="1" changeset="39303999" timestamp="2016-05-14T03:18:36Z" user="mcheckimport" uid="893327">
  <nd ref="4184610225"/>
  <nd ref="4184610217"/>
  <nd ref="4184610232"/>
  <nd ref="4184610400"/>
  <nd ref="4184610403"/>
  <nd ref="4184610406"/>
  <nd ref="4184610225"/>
  <tag k="building" v="roof"/>
  <tag k="layer" v="1"/>
 </way>
 <way id="418006896" visible="true" version="1" changeset="39303999" timestamp="2016-05-14T03:18:39Z" user="mcheckimport" uid="893327">
  <nd ref="4184608763"/>
  <nd ref="4184609139"/>
  <nd ref="4184609389"/>
  <nd ref="4184609472"/>
  <nd ref="4184609723"/>
  <nd ref="4184609163"/>
  <nd ref="4184608763"/>
  <tag k="building" v="yes"/>
 </way>
 <way id="418006958" visible="true" version="1" changeset="39303999" timestamp="2016-05-14T03:18:43Z" user="mcheckimport" uid="893327">
  <nd ref="4184608700"/>
  <nd ref="4184608752"/>
  <nd ref="4184609108"/>
  <nd ref="4184609157"/>
  <nd ref="4184608723"/>
  <nd ref="4184608720"/>
  <nd ref="4184608700"/>
  <tag k="building" v="yes"/>
 </way>
 <way id="418007066" visible="true" version="1" changeset="39303999" timestamp="2016-05-14T03:18:56Z" user="mcheckimport" uid="893327">
  <nd ref="4184608512"/>
  <nd ref="4184608324"/>
  <nd ref="4184608379"/>
  <nd ref="4184608519"/>
  <nd ref="4184608636"/>
  <nd ref="4184608558"/>
  <nd ref="4184608512"/>
  <tag k="building" v="industrial"/>
 </way>
 <way id="418007250" visible="true" version="2" changeset="172494678" timestamp="2025-09-26T16:40:33Z" user="Alexis04132" uid="20509407">
  <nd ref="4184612164"/>
  <nd ref="4184612396"/>
  <nd ref="4184612431"/>
  <nd ref="339004053"/>
  <nd ref="4184610797"/>
  <nd ref="4184610873"/>
  <nd ref="4184610872"/>
  <nd ref="4184610725"/>
  <nd ref="4184610681"/>
  <nd ref="4184610585"/>
  <nd ref="4184610597"/>
  <nd ref="4184610607"/>
  <nd ref="4184610615"/>
  <nd ref="4184610462"/>
  <nd ref="4184610445"/>
  <nd ref="4184610436"/>
  <nd ref="4184610202"/>
  <nd ref="4184609839"/>
  <nd ref="4184609800"/>
  <nd ref="4184610250"/>
  <nd ref="4184610449"/>
  <nd ref="4184610485"/>
  <nd ref="4184610574"/>
  <nd ref="4184610502"/>
  <nd ref="4184610477"/>
  <nd ref="4184610547"/>
  <nd ref="4184610740"/>
  <nd ref="4184610764"/>
  <nd ref="4184610761"/>
  <nd ref="4184610709"/>
  <nd ref="4184610698"/>
  <nd ref="4184610694"/>
  <nd ref="4184610605"/>
  <nd ref="4184610590"/>
  <nd ref="4184610499"/>
  <nd ref="4184610993"/>
  <nd ref="4184610793"/>
  <nd ref="4184610767"/>
  <nd ref="4184611234"/>
  <nd ref="4184611564"/>
  <nd ref="4184611581"/>
  <nd ref="4184611839"/>
  <nd ref="4184611636"/>
  <nd ref="4184611660"/>
  <nd ref="4184611838"/>
  <nd ref="4184611871"/>
  <nd ref="4184611896"/>
  <nd ref="4184611945"/>
  <nd ref="4184613680"/>
  <nd ref="4184613689"/>
  <nd ref="4184613630"/>
  <nd ref="4184613451"/>
  <nd ref="4184612403"/>
  <nd ref="4184612393"/>
  <nd ref="4184612115"/>
  <nd ref="4184612141"/>
  <nd ref="4184612469"/>
  <nd ref="4184611807"/>
  <nd ref="4184611816"/>
  <nd ref="4184611846"/>
  <nd ref="4184611852"/>
  <nd ref="4184611893"/>
  <nd ref="4184612073"/>
  <nd ref="4184612507"/>
  <nd ref="4184614422"/>
  <nd ref="4184614724"/>
  <nd ref="4184611682"/>
  <nd ref="4184611811"/>
  <nd ref="4184612120"/>
  <nd ref="4184612164"/>
  <tag k="building" v="industrial"/>
 </way>
 <way id="418007473" visible="true" version="1" changeset="39303999" timestamp="2016-05-14T03:19:26Z" user="mcheckimport" uid="893327">
  <nd ref="4184610267"/>
  <nd ref="4184610249"/>
  <nd ref="4184609830"/>
  <nd ref="4184609750"/>
  <nd ref="4184610280"/>
  <nd ref="4184610456"/>
  <nd ref="4184610483"/>
  <nd ref="4184610267"/>
  <tag k="building" v="yes"/>
 </way>
 <way id="418007540" visible="true" version="1" changeset="39303999" timestamp="2016-05-14T03:19:30Z" user="mcheckimport" uid="893327">
  <nd ref="4184615326"/>
  <nd ref="4184615402"/>
  <nd ref="4184616010"/>
  <nd ref="4184616054"/>
  <nd ref="4184616158"/>
  <nd ref="4184615391"/>
  <nd ref="4184615238"/>
  <nd ref="4184615326"/>
  <tag k="building" v="yes"/>
 </way>
 <way id="418007927" visible="true" version="1" changeset="39303999" timestamp="2016-05-14T03:20:04Z" user="mcheckimport" uid="893327">
  <nd ref="4184609838"/>
  <nd ref="4184609748"/>
  <nd ref="4184609777"/>
  <nd ref="4184609811"/>
  <nd ref="4184609837"/>
  <nd ref="4184609857"/>
  <nd ref="4184610239"/>
  <nd ref="4184609883"/>
  <nd ref="4184609838"/>
  <tag k="building" v="industrial"/>
 </way>
 <way id="418007983" visible="true" version="1" changeset="39303999" timestamp="2016-05-14T03:20:11Z" user="mcheckimport" uid="893327">
  <nd ref="4184618027"/>
  <nd ref="4184618008"/>
  <nd ref="4184617203"/>
  <nd ref="4184618917"/>
  <nd ref="4184620212"/>
  <nd ref="4184620270"/>
  <nd ref="4184620513"/>
  <nd ref="4184618924"/>
  <nd ref="4184617207"/>
  <nd ref="4184618027"/>
  <tag k="building" v="yes"/>
 </way>
 <way id="418008090" visible="true" version="1" changeset="39303999" timestamp="2016-05-14T03:20:18Z" user="mcheckimport" uid="893327">
  <nd ref="4184610391"/>
  <nd ref="4184610245"/>
  <nd ref="4184610225"/>
  <nd ref="4184610406"/>
  <nd ref="4184610403"/>
  <nd ref="4184610411"/>
  <nd ref="4184610421"/>
  <nd ref="4184610491"/>
  <nd ref="4184610479"/>
  <nd ref="4184610391"/>
  <tag k="building" v="industrial"/>
 </way>
 <way id="418008091" visible="true" version="1" changeset="39303999" timestamp="2016-05-14T03:20:18Z" user="mcheckimport" uid="893327">
  <nd ref="4184616495"/>
  <nd ref="4184616285"/>
  <nd ref="4184616385"/>
  <nd ref="4184616553"/>
  <nd ref="4184617603"/>
  <nd ref="4184616577"/>
  <nd ref="4184617810"/>
  <nd ref="4184617849"/>
  <nd ref="4184618008"/>
  <nd ref="4184616495"/>
  <tag k="building" v="yes"/>
 </way>
 <way id="556793195" visible="true" version="4" changeset="145066571" timestamp="2023-12-13T09:05:18Z" user="Alexis04132" uid="20509407">
  <nd ref="5370617388"/>
  <nd ref="11414378850"/>
  <nd ref="11414378848"/>
  <nd ref="11414378845"/>
  <nd ref="11414378842"/>
  <nd ref="11414378839"/>
  <nd ref="11414378836"/>
  <nd ref="11414378833"/>
  <nd ref="11414378830"/>
  <tag k="barrier" v="wall"/>
 </way>
 <way id="682707456" visible="true" version="5" changeset="173182890" timestamp="2025-10-12T14:03:21Z" user="Alexis04132" uid="20509407">
  <nd ref="13227700650"/>
  <nd ref="13227700655"/>
  <tag k="cycleway:both" v="no"/>
  <tag k="highway" v="secondary"/>
  <tag k="name" v="Via Giovanni Amendola"/>
  <tag k="name:etymology:wikidata" v="Q1345358"/>
  <tag k="oneway" v="no"/>
  <tag k="postal_code" v="70126"/>
  <tag k="ref" v="SS100"/>
  <tag k="source" v="Stradario Bari"/>
  <tag k="surface" v="asphalt"/>
 </way>
 <way id="682707457" visible="true" version="13" changeset="173182890" timestamp="2025-10-12T14:03:21Z" user="Alexis04132" uid="20509407">
  <nd ref="13227700649"/>
  <nd ref="13227700648"/>
  <nd ref="1492612146"/>
  <nd ref="7883716099"/>
  <nd ref="279249170"/>
  <nd ref="9348405266"/>
  <nd ref="1492612061"/>
  <nd ref="278896791"/>
  <nd ref="278896790"/>
  <nd ref="1492611998"/>
  <nd ref="278896789"/>
  <nd ref="12686905174"/>
  <nd ref="1723693815"/>
  <nd ref="1168896093"/>
  <nd ref="1472139199"/>
  <nd ref="279389769"/>
  <nd ref="11817195160"/>
  <nd ref="310540239"/>
  <nd ref="12686905175"/>
  <nd ref="12686905176"/>
  <nd ref="3528237434"/>
  <nd ref="279391250"/>
  <nd ref="12686905178"/>
  <nd ref="278896113"/>
  <nd ref="12686905179"/>
  <nd ref="9751400684"/>
  <nd ref="12686905180"/>
  <nd ref="3874469771"/>
  <nd ref="1492612150"/>
  <nd ref="1168913244"/>
  <nd ref="278896788"/>
  <nd ref="12698202338"/>
  <nd ref="278627987"/>
  <nd ref="12698202337"/>
  <nd ref="10178074791"/>
  <tag k="cycleway:both" v="no"/>
  <tag k="highway" v="secondary"/>
  <tag k="lanes" v="2"/>
  <tag k="name" v="Via Giovanni Amendola"/>
  <tag k="name:etymology:wikidata" v="Q1345358"/>
  <tag k="oneway" v="no"/>
  <tag k="postal_code" v="70126"/>
  <tag k="ref" v="SS100"/>
  <tag k="source" v="Stradario Bari"/>
  <tag k="surface" v="asphalt"/>
 </way>
 <way id="845017368" visible="true" version="1" changeset="90527046" timestamp="2020-09-07T11:21:14Z" user="Myrid" uid="11774399">
  <nd ref="7883716099"/>
  <nd ref="7883716100"/>
  <tag k="covered" v="no"/>
  <tag k="highway" v="service"/>
  <tag k="oneway" v="no"/>
  <tag k="service" v="parking_aisle"/>
 </way>
 <way id="982418223" visible="true" version="6" changeset="173182890" timestamp="2025-10-12T14:03:21Z" user="Alexis04132" uid="20509407">
  <nd ref="13227700655"/>
  <nd ref="13227700654"/>
  <tag k="cycleway:both" v="no"/>
  <tag k="highway" v="secondary"/>
  <tag k="lanes" v="3"/>
  <tag k="lanes:backward" v="2"/>
  <tag k="lanes:forward" v="1"/>
  <tag k="name" v="Via Giovanni Amendola"/>
  <tag k="name:etymology:wikidata" v="Q1345358"/>
  <tag k="oneway" v="no"/>
  <tag k="postal_code" v="70126"/>
  <tag k="ref" v="SS100"/>
  <tag k="source" v="Stradario Bari"/>
  <tag k="surface" v="asphalt"/>
  <tag k="turn:lanes:backward" v="through|left"/>
 </way>
 <way id="982418225" visible="true" version="3" changeset="164167279" timestamp="2025-03-27T14:44:30Z" user="Ferdinando Traversa" uid="4983516">
  <nd ref="9085697093"/>
  <nd ref="1472193130"/>
  <nd ref="279395531"/>
  <nd ref="339001142"/>
  <nd ref="1783588821"/>
  <nd ref="1472193216"/>
  <nd ref="279395567"/>
  <nd ref="917028384"/>
  <nd ref="10965968484"/>
  <tag k="highway" v="secondary"/>
  <tag k="name" v="Via Giovanni Amendola"/>
  <tag k="name:etymology:wikidata" v="Q1345358"/>
  <tag k="oneway" v="no"/>
  <tag k="postal_code" v="70126"/>
  <tag k="ref" v="SS100"/>
  <tag k="source" v="Stradario Bari"/>
 </way>
 <way id="1183679776" visible="true" version="3" changeset="138105519" timestamp="2023-07-04T12:12:04Z" user="Valantin" uid="622492">
  <nd ref="10991993578"/>
  <nd ref="10991993579"/>
  <nd ref="279255939"/>
  <tag k="highway" v="service"/>
  <tag k="service" v="parking_aisle"/>
  <tag k="smoothness" v="good"/>
  <tag k="surface" v="asphalt"/>
 </way>
 <way id="1220991331" visible="true" version="16" changeset="172561314" timestamp="2025-09-28T11:09:10Z" user="Alexis04132" uid="20509407">
  <nd ref="5363829383"/>
  <nd ref="11414378867"/>
  <nd ref="11414859228"/>
  <nd ref="2669783223"/>
  <nd ref="5363829369"/>
  <nd ref="11314002615"/>
  <nd ref="11414859229"/>
  <nd ref="11414378813"/>
  <nd ref="11414378815"/>
  <nd ref="11414378816"/>
  <nd ref="11414378817"/>
  <nd ref="11414378819"/>
  <nd ref="11414378821"/>
  <nd ref="11414378823"/>
  <nd ref="11414378825"/>
  <nd ref="11414378826"/>
  <nd ref="11414378827"/>
  <nd ref="11414378829"/>
  <nd ref="11414378834"/>
  <nd ref="11414378837"/>
  <nd ref="11414378840"/>
  <nd ref="11414378843"/>
  <nd ref="11414378846"/>
  <nd ref="11414378849"/>
  <nd ref="5370617388"/>
  <nd ref="11414378851"/>
  <nd ref="11414378852"/>
  <nd ref="11299686738"/>
  <nd ref="5370598218"/>
  <nd ref="11314002616"/>
  <nd ref="11414381470"/>
  <nd ref="7055006007"/>
  <nd ref="11414381471"/>
  <nd ref="11414381472"/>
  <nd ref="11414381473"/>
  <nd ref="11414381474"/>
  <nd ref="13176618393"/>
  <nd ref="4184649100"/>
  <nd ref="11414381476"/>
  <nd ref="11414381478"/>
  <nd ref="11414381479"/>
  <nd ref="11414381480"/>
  <nd ref="11414381487"/>
  <nd ref="3417793419"/>
  <nd ref="3417793425"/>
  <nd ref="12557329107"/>
  <nd ref="4184641452"/>
  <nd ref="3417855798"/>
  <nd ref="3417855812"/>
  <nd ref="3417793473"/>
  <nd ref="12557293725"/>
  <nd ref="2618310784"/>
  <nd ref="12557293721"/>
  <nd ref="4184638317"/>
  <nd ref="4184638303"/>
  <nd ref="4184638286"/>
  <nd ref="4184638247"/>
  <nd ref="4184638008"/>
  <nd ref="4184637639"/>
  <nd ref="4184637636"/>
  <nd ref="4184637342"/>
  <nd ref="4184637333"/>
  <nd ref="4184637326"/>
  <nd ref="4184637311"/>
  <nd ref="4184637306"/>
  <nd ref="4184637308"/>
  <nd ref="2618310769"/>
  <nd ref="4184637323"/>
  <nd ref="4184635696"/>
  <nd ref="4184634267"/>
  <nd ref="5440550324"/>
  <nd ref="5245911431"/>
  <nd ref="2618310747"/>
  <nd ref="2618310745"/>
  <nd ref="2618310741"/>
  <nd ref="2382082621"/>
  <nd ref="2669783299"/>
  <nd ref="2682532848"/>
  <nd ref="2618310725"/>
 </way>
 <way id="1274603772" visible="true" version="3" changeset="173182890" timestamp="2025-10-12T14:03:21Z" user="Alexis04132" uid="20509407">
  <nd ref="13227700649"/>
  <nd ref="13227700650"/>
  <tag k="cycleway:both" v="no"/>
  <tag k="highway" v="secondary"/>
  <tag k="name" v="Via Giovanni Amendola"/>
  <tag k="name:etymology:wikidata" v="Q1345358"/>
  <tag k="oneway" v="no"/>
  <tag k="postal_code" v="70126"/>
  <tag k="ref" v="SS100"/>
  <tag k="source" v="Stradario Bari"/>
  <tag k="surface" v="asphalt"/>
 </way>
 <way id="1274603775" visible="true" version="3" changeset="173182890" timestamp="2025-10-12T14:03:21Z" user="Alexis04132" uid="20509407">
  <nd ref="13227700654"/>
  <nd ref="338804349"/>
  <nd ref="9085697093"/>
  <tag k="cycleway:both" v="no"/>
  <tag k="highway" v="secondary"/>
  <tag k="lanes" v="3"/>
  <tag k="lanes:backward" v="2"/>
  <tag k="lanes:forward" v="1"/>
  <tag k="name" v="Via Giovanni Amendola"/>
  <tag k="name:etymology:wikidata" v="Q1345358"/>
  <tag k="oneway" v="no"/>
  <tag k="postal_code" v="70126"/>
  <tag k="ref" v="SS100"/>
  <tag k="source" v="Stradario Bari"/>
  <tag k="surface" v="asphalt"/>
  <tag k="turn:lanes:backward" v="through|left"/>
 </way>
 <way id="1387083308" visible="true" version="1" changeset="166322852" timestamp="2025-05-15T20:27:16Z" user="Alexis04132" uid="20509407">
  <nd ref="12840687452"/>
  <nd ref="12840687453"/>
  <nd ref="12840687454"/>
  <nd ref="12840687455"/>
  <nd ref="3226736157"/>
  <nd ref="12840687451"/>
  <nd ref="12840687452"/>
  <tag k="landuse" v="residential"/>
 </way>
 <way id="1433378350" visible="true" version="1" changeset="172494678" timestamp="2025-09-26T16:40:33Z" user="Alexis04132" uid="20509407">
  <nd ref="13173817177"/>
  <nd ref="13173817178"/>
  <nd ref="13173817179"/>
  <nd ref="13173817180"/>
  <nd ref="339004053"/>
  <nd ref="13173817147"/>
  <nd ref="13173817166"/>
  <nd ref="13173817163"/>
  <nd ref="13173817164"/>
  <nd ref="13173817165"/>
  <nd ref="13173817167"/>
  <nd ref="13173817168"/>
  <nd ref="13173817181"/>
  <nd ref="13173817170"/>
  <nd ref="13173817169"/>
  <nd ref="13173817182"/>
  <nd ref="13173817176"/>
  <nd ref="13173817177"/>
  <tag k="construction" v="residential"/>
  <tag k="landuse" v="construction"/>
  <tag k="name" v="Borgo Felice"/>
 </way>
 <way id="1433378351" visible="true" version="1" changeset="172494678" timestamp="2025-09-26T16:40:33Z" user="Alexis04132" uid="20509407">
  <nd ref="13173817175"/>
  <nd ref="13173817183"/>
  <nd ref="13173817184"/>
  <nd ref="13173817178"/>
  <nd ref="13173817179"/>
  <nd ref="13173817180"/>
  <nd ref="13173817175"/>
  <tag k="denomination" v="catholic"/>
  <tag k="email" v="bari@clarissefrancescane.org"/>
  <tag k="fax" v="+39 0805539406"/>
  <tag k="landuse" v="religious"/>
  <tag k="name" v="Suore Clarisse Francescane"/>
  <tag k="phone" v="+39 0805539406"/>
  <tag k="religion" v="christian"/>
  <tag k="website" v="https://www.clarissefrancescane.org/dove-siamo/foto/283-bari"/>
 </way>
 <way id="1433378751" visible="true" version="1" changeset="172494854" timestamp="2025-09-26T16:45:02Z" user="Alexis04132" uid="20509407">
  <nd ref="13173817166"/>
  <nd ref="13173817165"/>
  <nd ref="13173817164"/>
  <nd ref="13173817163"/>
  <nd ref="13173817166"/>
  <tag k="landuse" v="commercial"/>
  <tag k="leisure" v="adult_gaming_centre"/>
  <tag k="name" v="Royale Gaming Hall"/>
 </way>
 <way id="1433385775" visible="true" version="1" changeset="172496640" timestamp="2025-09-26T17:28:04Z" user="Alexis04132" uid="20509407">
  <nd ref="13173911808"/>
  <nd ref="13173911809"/>
  <nd ref="339003750"/>
  <nd ref="13173911810"/>
  <nd ref="13173911808"/>
  <tag k="construction" v="residential"/>
  <tag k="landuse" v="construction"/>
  <tag k="name" v="Parco Gilda"/>
 </way>
 <relation id="6212850" visible="true" version="5" changeset="149969262" timestamp="2024-04-13T20:46:45Z" user="Alexis04132" uid="20509407">
  <member type="way" ref="417998663" role="outer"/>
  <member type="way" ref="417998692" role="inner"/>
  <tag k="building" v="university"/>
  <tag k="name" v="Dipartimento di Fisica"/>
  <tag k="operator" v="Università degli Studi di Bari &quot;Aldo Moro&quot;"/>
  <tag k="type" v="multipolygon"/>
 </relation>
 <relation id="9471513" visible="true" version="2" changeset="173182890" timestamp="2025-10-12T14:03:21Z" user="Alexis04132" uid="20509407">
  <member type="way" ref="682707456" role="from"/>
  <member type="way" ref="30002254" role="to"/>
  <tag k="restriction" v="no_left_turn"/>
  <tag k="type" v="restriction"/>
 </relation>
 <relation id="9471514" visible="true" version="1" changeset="69049996" timestamp="2019-04-09T15:04:45Z" user="Ale_Zena_IT" uid="22290">
  <member type="way" ref="682707456" role="from"/>
  <member type="way" ref="25634431" role="to"/>
  <member type="node" ref="330655162" role="via"/>
  <tag k="restriction" v="no_left_turn"/>
  <tag k="type" v="restriction"/>
 </relation>
 <relation id="16568563" visible="true" version="73" changeset="182198470" timestamp="2026-05-04T10:44:49Z" user="_mrp_" uid="218322">
  <member type="node" ref="11291999919" role="platform"/>
  <member type="node" ref="5635332130" role="platform"/>
  <member type="node" ref="5840031422" role="platform"/>
  <member type="node" ref="4769930960" role="platform"/>
  <member type="node" ref="4769208288" role="platform"/>
  <member type="node" ref="4770248040" role="platform"/>
  <member type="node" ref="11001364779" role="platform"/>
  <member type="node" ref="11352247407" role="platform"/>
  <member type="node" ref="11346830781" role="platform"/>
  <member type="node" ref="11346830782" role="platform"/>
  <member type="node" ref="11331123895" role="platform"/>
  <member type="node" ref="11291978565" role="platform"/>
  <member type="node" ref="11365130694" role="platform"/>
  <member type="node" ref="5775829470" role="platform"/>
  <member type="node" ref="11292004354" role="platform"/>
  <member type="node" ref="11417491843" role="platform"/>
  <member type="node" ref="3174843024" role="platform"/>
  <member type="node" ref="11329300176" role="platform"/>
  <member type="node" ref="11329300177" role="platform"/>
  <member type="node" ref="11329303591" role="platform"/>
  <member type="node" ref="11292017308" role="platform"/>
  <member type="node" ref="11345161892" role="platform"/>
  <member type="node" ref="11292034058" role="platform"/>
  <member type="node" ref="11418480381" role="platform"/>
  <member type="node" ref="11397956854" role="platform"/>
  <member type="node" ref="11292946033" role="platform"/>
  <member type="node" ref="11292960780" role="platform"/>
  <member type="node" ref="11292966651" role="platform"/>
  <member type="node" ref="3417924169" role="platform"/>
  <member type="way" ref="475687878" role=""/>
  <member type="way" ref="1218640183" role=""/>
  <member type="way" ref="30691725" role=""/>
  <member type="way" ref="184889588" role=""/>
  <member type="way" ref="318988101" role=""/>
  <member type="way" ref="1221765034" role=""/>
  <member type="way" ref="29091801" role=""/>
  <member type="way" ref="1221765033" role=""/>
  <member type="way" ref="184889594" role=""/>
  <member type="way" ref="29975803" role=""/>
  <member type="way" ref="1308763419" role=""/>
  <member type="way" ref="1308763418" role=""/>
  <member type="way" ref="949309173" role=""/>
  <member type="way" ref="949309172" role=""/>
  <member type="way" ref="484255259" role=""/>
  <member type="way" ref="1208034637" role=""/>
  <member type="way" ref="1326505910" role=""/>
  <member type="way" ref="1326505907" role=""/>
  <member type="way" ref="201777552" role=""/>
  <member type="way" ref="28685909" role=""/>
  <member type="way" ref="174949351" role=""/>
  <member type="way" ref="42385165" role=""/>
  <member type="way" ref="1222536721" role=""/>
  <member type="way" ref="42385163" role=""/>
  <member type="way" ref="123476001" role=""/>
  <member type="way" ref="1214271887" role=""/>
  <member type="way" ref="174940376" role=""/>
  <member type="way" ref="42385161" role=""/>
  <member type="way" ref="319029325" role=""/>
  <member type="way" ref="319029323" role=""/>
  <member type="way" ref="1508849398" role=""/>
  <member type="way" ref="1508849397" role=""/>
  <member type="way" ref="791080686" role=""/>
  <member type="way" ref="1218701163" role=""/>
  <member type="way" ref="791080684" role=""/>
  <member type="way" ref="131664662" role=""/>
  <member type="way" ref="1218701162" role=""/>
  <member type="way" ref="183845403" role=""/>
  <member type="way" ref="1329985415" role=""/>
  <member type="way" ref="81033460" role=""/>
  <member type="way" ref="1069588493" role=""/>
  <member type="way" ref="182980055" role=""/>
  <member type="way" ref="1069588494" role=""/>
  <member type="way" ref="29877568" role=""/>
  <member type="way" ref="1327956587" role=""/>
  <member type="way" ref="1218945760" role=""/>
  <member type="way" ref="1218945759" role=""/>
  <member type="way" ref="80889080" role=""/>
  <member type="way" ref="1218640182" role=""/>
  <member type="way" ref="1218640181" role=""/>
  <member type="way" ref="182180853" role=""/>
  <member type="way" ref="966209739" role=""/>
  <member type="way" ref="40463299" role=""/>
  <member type="way" ref="42389577" role=""/>
  <member type="way" ref="42389580" role=""/>
  <member type="way" ref="42389581" role=""/>
  <member type="way" ref="484255850" role=""/>
  <member type="way" ref="1225782680" role=""/>
  <member type="way" ref="100126150" role=""/>
  <member type="way" ref="130574780" role=""/>
  <member type="way" ref="438861388" role=""/>
  <member type="way" ref="438861387" role=""/>
  <member type="way" ref="345776293" role=""/>
  <member type="way" ref="438861390" role=""/>
  <member type="way" ref="438861389" role=""/>
  <member type="way" ref="100126153" role=""/>
  <member type="way" ref="100126148" role=""/>
  <member type="way" ref="1101445141" role=""/>
  <member type="way" ref="1101445138" role=""/>
  <member type="way" ref="1101445139" role=""/>
  <member type="way" ref="734285482" role=""/>
  <member type="way" ref="1125815268" role=""/>
  <member type="way" ref="1218701170" role=""/>
  <member type="way" ref="1125815267" role=""/>
  <member type="way" ref="398989766" role=""/>
  <member type="way" ref="150888267" role=""/>
  <member type="way" ref="150888242" role=""/>
  <member type="way" ref="398989764" role=""/>
  <member type="way" ref="150888253" role=""/>
  <member type="way" ref="150888261" role=""/>
  <member type="way" ref="28791730" role=""/>
  <member type="way" ref="49197456" role=""/>
  <member type="way" ref="132714040" role=""/>
  <member type="way" ref="559405517" role=""/>
  <member type="way" ref="1070600005" role=""/>
  <member type="way" ref="49197451" role=""/>
  <member type="way" ref="69142606" role=""/>
  <member type="way" ref="503016650" role=""/>
  <member type="way" ref="87263705" role=""/>
  <member type="way" ref="344265619" role=""/>
  <member type="way" ref="1253560889" role=""/>
  <member type="way" ref="1218701175" role=""/>
  <member type="way" ref="1221539087" role=""/>
  <member type="way" ref="712445768" role=""/>
  <member type="way" ref="1234008505" role=""/>
  <member type="way" ref="1234008506" role=""/>
  <member type="way" ref="1234008507" role=""/>
  <member type="way" ref="30015974" role=""/>
  <member type="way" ref="1318358536" role=""/>
  <member type="way" ref="124907304" role=""/>
  <member type="way" ref="1382566082" role=""/>
  <member type="way" ref="30009725" role=""/>
  <member type="way" ref="1233267590" role=""/>
  <member type="way" ref="1233267579" role=""/>
  <member type="way" ref="30009726" role=""/>
  <member type="way" ref="1376749898" role=""/>
  <member type="way" ref="180534897" role=""/>
  <member type="way" ref="30009727" role=""/>
  <member type="way" ref="241918043" role=""/>
  <member type="way" ref="241918046" role=""/>
  <member type="way" ref="30009729" role=""/>
  <member type="way" ref="1226173975" role=""/>
  <member type="way" ref="68558009" role=""/>
  <member type="way" ref="1221526664" role=""/>
  <member type="way" ref="30633309" role=""/>
  <member type="way" ref="133757810" role=""/>
  <member type="way" ref="404079709" role=""/>
  <member type="way" ref="30633414" role=""/>
  <member type="way" ref="30633416" role=""/>
  <member type="way" ref="133757781" role=""/>
  <member type="way" ref="294551393" role=""/>
  <member type="way" ref="1218701180" role=""/>
  <member type="way" ref="71135073" role=""/>
  <member type="way" ref="744699104" role=""/>
  <member type="way" ref="30002265" role=""/>
  <member type="way" ref="25634431" role=""/>
  <member type="way" ref="1219710093" role=""/>
  <member type="way" ref="30002104" role=""/>
  <member type="way" ref="1236614316" role=""/>
  <member type="way" ref="30651489" role=""/>
  <member type="way" ref="559261500" role=""/>
  <member type="way" ref="1219744683" role=""/>
  <member type="way" ref="1225908706" role=""/>
  <member type="way" ref="1236906100" role=""/>
  <member type="way" ref="1227457781" role=""/>
  <member type="way" ref="559261510" role=""/>
  <member type="way" ref="30002093" role=""/>
  <member type="way" ref="1219606327" role=""/>
  <member type="way" ref="325737577" role=""/>
  <member type="way" ref="325737576" role=""/>
  <member type="way" ref="30002079" role=""/>
  <member type="way" ref="25654897" role=""/>
  <member type="way" ref="1219598855" role=""/>
  <member type="way" ref="325737263" role=""/>
  <member type="way" ref="1219598856" role=""/>
  <tag k="duration" v="00:50"/>
  <tag k="from" v="Bitetto - Via Cardinale Colasuonno"/>
  <tag k="opening_hours" v="Mo-Sa 08:50-09:40"/>
  <tag k="operator" v="Ferrovie Appulo Lucane"/>
  <tag k="ref" v="540"/>
  <tag k="route" v="bus"/>
  <tag k="to" v="Bari - Via della Resistenza"/>
  <tag k="type" v="route"/>
 </relation>
 <relation id="16623869" visible="true" version="46" changeset="172523768" timestamp="2025-09-27T12:21:39Z" user="Alexis04132" uid="20509407">
  <member type="node" ref="3174816217" role="platform"/>
  <member type="node" ref="4453117475" role="platform"/>
  <member type="node" ref="11301856425" role="platform"/>
  <member type="node" ref="11301856426" role="platform"/>
  <member type="node" ref="11301856427" role="platform"/>
  <member type="node" ref="4432477592" role="platform"/>
  <member type="node" ref="11301856428" role="platform"/>
  <member type="node" ref="11443303280" role="platform"/>
  <member type="node" ref="11301856429" role="platform"/>
  <member type="node" ref="11292946033" role="platform"/>
  <member type="node" ref="11301753438" role="platform"/>
  <member type="node" ref="8273919424" role="platform"/>
  <member type="node" ref="8273904179" role="platform"/>
  <member type="node" ref="11301753441" role="platform"/>
  <member type="node" ref="11301843237" role="platform"/>
  <member type="node" ref="11301882154" role="platform"/>
  <member type="node" ref="11301877231" role="platform"/>
  <member type="node" ref="11302150021" role="platform"/>
  <member type="node" ref="8273912383" role="platform"/>
  <member type="node" ref="8273909806" role="platform"/>
  <member type="node" ref="1817873579" role="platform"/>
  <member type="node" ref="1232349979" role="platform"/>
  <member type="node" ref="11302157960" role="platform"/>
  <member type="node" ref="11302179441" role="platform"/>
  <member type="node" ref="11302179640" role="platform"/>
  <member type="node" ref="11302130264" role="platform"/>
  <member type="node" ref="11302160227" role="platform"/>
  <member type="node" ref="11302188748" role="platform"/>
  <member type="node" ref="11302191988" role="platform"/>
  <member type="node" ref="11302173883" role="platform"/>
  <member type="node" ref="4425032855" role="platform"/>
  <member type="node" ref="11302189532" role="platform"/>
  <member type="node" ref="11302220283" role="platform"/>
  <member type="node" ref="11302214406" role="platform"/>
  <member type="node" ref="3174816217" role="platform"/>
  <member type="way" ref="1180503871" role=""/>
  <member type="way" ref="113970444" role=""/>
  <member type="way" ref="1218775695" role=""/>
  <member type="way" ref="136010814" role=""/>
  <member type="way" ref="1219711425" role=""/>
  <member type="way" ref="136015433" role=""/>
  <member type="way" ref="25632637" role=""/>
  <member type="way" ref="548588290" role=""/>
  <member type="way" ref="1219743206" role=""/>
  <member type="way" ref="1219743205" role=""/>
  <member type="way" ref="706348093" role=""/>
  <member type="way" ref="706348096" role=""/>
  <member type="way" ref="1219744083" role=""/>
  <member type="way" ref="1236906098" role=""/>
  <member type="way" ref="1433547436" role=""/>
  <member type="way" ref="1236614316" role=""/>
  <member type="way" ref="30651489" role=""/>
  <member type="way" ref="559261500" role=""/>
  <member type="way" ref="1219744683" role=""/>
  <member type="way" ref="559261497" role=""/>
  <member type="way" ref="95536452" role=""/>
  <member type="way" ref="95536457" role=""/>
  <member type="way" ref="95536453" role=""/>
  <member type="way" ref="1236906099" role=""/>
  <member type="way" ref="110550855" role=""/>
  <member type="way" ref="982418223" role=""/>
  <member type="way" ref="1274603775" role=""/>
  <member type="way" ref="982418225" role=""/>
  <member type="way" ref="1180725483" role=""/>
  <member type="way" ref="1218775698" role=""/>
  <member type="way" ref="982418224" role=""/>
  <member type="way" ref="1236716729" role=""/>
  <member type="way" ref="25634431" role=""/>
  <member type="way" ref="30002265" role=""/>
  <member type="way" ref="744699104" role=""/>
  <member type="way" ref="744699106" role=""/>
  <member type="way" ref="1227793587" role=""/>
  <member type="way" ref="1218701179" role=""/>
  <member type="way" ref="1219747091" role=""/>
  <member type="way" ref="71135074" role=""/>
  <member type="way" ref="30505385" role=""/>
  <member type="way" ref="30505392" role=""/>
  <member type="way" ref="486085908" role=""/>
  <member type="way" ref="1226624277" role=""/>
  <member type="way" ref="1221506608" role=""/>
  <member type="way" ref="1226669092" role=""/>
  <member type="way" ref="27378276" role=""/>
  <member type="way" ref="1227793591" role=""/>
  <member type="way" ref="1227452794" role=""/>
  <member type="way" ref="30894782" role=""/>
  <member type="way" ref="1219707939" role=""/>
  <member type="way" ref="1227452795" role=""/>
  <member type="way" ref="1227793590" role=""/>
  <member type="way" ref="30503626" role=""/>
  <member type="way" ref="1227452802" role=""/>
  <member type="way" ref="122078817" role=""/>
  <member type="way" ref="1263508456" role=""/>
  <member type="way" ref="30630470" role=""/>
  <member type="way" ref="1263508455" role=""/>
  <member type="way" ref="30505929" role=""/>
  <member type="way" ref="1233275601" role=""/>
  <member type="way" ref="1233275604" role=""/>
  <member type="way" ref="744703541" role=""/>
  <member type="way" ref="1324364342" role=""/>
  <member type="way" ref="744703543" role=""/>
  <member type="way" ref="1219735604" role=""/>
  <member type="way" ref="1219735605" role=""/>
  <member type="way" ref="744699104" role=""/>
  <member type="way" ref="30002254" role=""/>
  <member type="way" ref="744699104" role=""/>
  <tag k="from" v="C.S. Polivalente (A)"/>
  <tag k="name" v="Linea CPJ: CS. Polivalente, Circolare Polo Tecnico/Japigia"/>
  <tag k="operator" v="AMTAB"/>
  <tag k="ref" v="CPJ"/>
  <tag k="roundtrip" v="yes"/>
  <tag k="route" v="bus"/>
  <tag k="to" v="C.S. Polivalente (A)"/>
  <tag k="type" v="route"/>
 </relation>
 <relation id="16843661" visible="true" version="3" changeset="149969934" timestamp="2024-04-13T21:09:08Z" user="Alexis04132" uid="20509407">
  <member type="way" ref="1272389227" role="outer"/>
  <member type="way" ref="1220991331" role="outer"/>
  <member type="way" ref="1232525896" role="outer"/>
  <member type="way" ref="1232525904" role="outer"/>
  <member type="way" ref="1232525901" role="outer"/>
  <tag k="amenity" v="university"/>
  <tag k="name" v="Campus Universitario &quot;Ernesto Quagliarello&quot;"/>
  <tag k="type" v="multipolygon"/>
  <tag k="wikidata" v="Q85860391"/>
  <tag k="wikipedia" v="it:Campus universitario di Bari"/>
 </relation>
 <relation id="17467312" visible="true" version="6" changeset="175885322" timestamp="2025-12-13T14:20:09Z" user="Alexis04132" uid="20509407">
  <member type="way" ref="1272335142" role="outer"/>
  <member type="way" ref="30675524" role="outer"/>
  <member type="way" ref="1272389225" role="outer"/>
  <member type="way" ref="1220991331" role="outer"/>
  <member type="way" ref="134886778" role="outer"/>
  <member type="way" ref="1272600078" role="outer"/>
  <member type="way" ref="1274629646" role="outer"/>
  <tag k="amenity" v="university"/>
  <tag k="education" v="university"/>
  <tag k="internet_access" v="wlan"/>
  <tag k="internet_access:fee" v="customers"/>
  <tag k="name" v="Università degli Studi di Bari &quot;Aldo Moro&quot;"/>
  <tag k="name:en" v="University of Bari &quot;Aldo Moro&quot;"/>
  <tag k="short_name" v="UniBa"/>
  <tag k="type" v="multipolygon"/>
  <tag k="website" v="https://www.uniba.it/"/>
  <tag k="wikidata" v="Q1236136"/>
  <tag k="wikipedia" v="it:Università degli Studi di Bari Aldo Moro"/>
 </relation>
 <relation id="17497157" visible="true" version="3" changeset="172523768" timestamp="2025-09-27T12:21:39Z" user="Alexis04132" uid="20509407">
  <member type="node" ref="11193731841" role="platform"/>
  <member type="node" ref="11834839629" role="platform"/>
  <member type="node" ref="11192768837" role="platform"/>
  <member type="node" ref="10183167618" role="platform"/>
  <member type="node" ref="6860107701" role="platform"/>
  <member type="node" ref="11834839628" role="platform"/>
  <member type="way" ref="33190282" role=""/>
  <member type="way" ref="113920530" role=""/>
  <member type="way" ref="114208264" role=""/>
  <member type="way" ref="1233987650" role=""/>
  <member type="way" ref="598875864" role=""/>
  <member type="way" ref="1274603778" role=""/>
  <member type="way" ref="1274596347" role=""/>
  <member type="way" ref="1383050145" role=""/>
  <member type="way" ref="818408300" role=""/>
  <member type="way" ref="1274596350" role=""/>
  <member type="way" ref="598875852" role=""/>
  <member type="way" ref="130160383" role=""/>
  <member type="way" ref="1233985902" role=""/>
  <member type="way" ref="1233985903" role=""/>
  <member type="way" ref="438860108" role=""/>
  <member type="way" ref="667938864" role=""/>
  <member type="way" ref="667938863" role=""/>
  <member type="way" ref="438860107" role=""/>
  <member type="way" ref="732586975" role=""/>
  <member type="way" ref="438859775" role=""/>
  <member type="way" ref="438859772" role=""/>
  <member type="way" ref="438859774" role=""/>
  <member type="way" ref="438859771" role=""/>
  <member type="way" ref="1217108163" role=""/>
  <member type="way" ref="141226983" role=""/>
  <member type="way" ref="141226975" role=""/>
  <member type="way" ref="71535919" role=""/>
  <member type="way" ref="141226970" role=""/>
  <member type="way" ref="533573720" role=""/>
  <member type="way" ref="1037716428" role=""/>
  <member type="way" ref="1274596342" role=""/>
  <member type="way" ref="27702816" role=""/>
  <member type="way" ref="1259673013" role=""/>
  <member type="way" ref="1262249508" role=""/>
  <member type="way" ref="1259673012" role=""/>
  <member type="way" ref="1259673011" role=""/>
  <member type="way" ref="394632142" role=""/>
  <member type="way" ref="1144679931" role=""/>
  <member type="way" ref="1144679933" role=""/>
  <member type="way" ref="1144679932" role=""/>
  <member type="way" ref="1144679938" role=""/>
  <member type="way" ref="1217110974" role=""/>
  <member type="way" ref="225975214" role=""/>
  <member type="way" ref="1217110975" role=""/>
  <member type="way" ref="172927436" role=""/>
  <member type="way" ref="225975215" role=""/>
  <member type="way" ref="225975218" role=""/>
  <member type="way" ref="172927458" role=""/>
  <member type="way" ref="172927443" role=""/>
  <member type="way" ref="172897434" role=""/>
  <member type="way" ref="172897436" role=""/>
  <member type="way" ref="1211338625" role=""/>
  <member type="way" ref="173947925" role=""/>
  <member type="way" ref="172823697" role=""/>
  <member type="way" ref="172934186" role=""/>
  <member type="way" ref="513741138" role=""/>
  <member type="way" ref="513741151" role=""/>
  <member type="way" ref="513741155" role=""/>
  <member type="way" ref="1274596353" role=""/>
  <member type="way" ref="33190607" role=""/>
  <member type="way" ref="172934189" role=""/>
  <member type="way" ref="172934196" role=""/>
  <member type="way" ref="172934194" role=""/>
  <member type="way" ref="172934209" role=""/>
  <member type="way" ref="1274596354" role=""/>
  <member type="way" ref="33190616" role=""/>
  <member type="way" ref="202545525" role=""/>
  <member type="way" ref="202545526" role=""/>
  <member type="way" ref="201423278" role=""/>
  <member type="way" ref="39233145" role=""/>
  <member type="way" ref="283422695" role=""/>
  <member type="way" ref="201423287" role=""/>
  <member type="way" ref="39233149" role=""/>
  <member type="way" ref="1274603777" role=""/>
  <member type="way" ref="80771002" role=""/>
  <member type="way" ref="80770988" role=""/>
  <member type="way" ref="80770982" role=""/>
  <member type="way" ref="30315492" role=""/>
  <member type="way" ref="30315491" role=""/>
  <member type="way" ref="233127566" role=""/>
  <member type="way" ref="233127567" role=""/>
  <member type="way" ref="409908281" role=""/>
  <member type="way" ref="409908279" role=""/>
  <member type="way" ref="233127571" role=""/>
  <member type="way" ref="233127565" role=""/>
  <member type="way" ref="30317149" role=""/>
  <member type="way" ref="30317150" role=""/>
  <member type="way" ref="218136354" role=""/>
  <member type="way" ref="218136362" role=""/>
  <member type="way" ref="30314962" role=""/>
  <member type="way" ref="30314961" role=""/>
  <member type="way" ref="30314786" role=""/>
  <member type="way" ref="30314783" role=""/>
  <member type="way" ref="1263507567" role=""/>
  <member type="way" ref="1263507568" role=""/>
  <member type="way" ref="30711405" role=""/>
  <member type="way" ref="1263507566" role=""/>
  <member type="way" ref="30878649" role=""/>
  <member type="way" ref="1263507574" role=""/>
  <member type="way" ref="1263507573" role=""/>
  <member type="way" ref="1218775690" role=""/>
  <member type="way" ref="901684284" role=""/>
  <member type="way" ref="318950470" role=""/>
  <member type="way" ref="27523152" role=""/>
  <member type="way" ref="28416408" role=""/>
  <member type="way" ref="982418228" role=""/>
  <member type="way" ref="548593712" role=""/>
  <member type="way" ref="982418226" role=""/>
  <member type="way" ref="982418227" role=""/>
  <member type="way" ref="49208259" role=""/>
  <member type="way" ref="1218775697" role=""/>
  <member type="way" ref="1180725484" role=""/>
  <member type="way" ref="982418225" role=""/>
  <member type="way" ref="1274603775" role=""/>
  <member type="way" ref="30633077" role=""/>
  <member type="way" ref="133757794" role=""/>
  <member type="way" ref="133757780" role=""/>
  <member type="way" ref="1274603772" role=""/>
  <member type="way" ref="25634431" role=""/>
  <member type="way" ref="1219710093" role=""/>
  <member type="way" ref="30002104" role=""/>
  <member type="way" ref="1236614316" role=""/>
  <member type="way" ref="30651489" role=""/>
  <member type="way" ref="559261500" role=""/>
  <member type="way" ref="1219744683" role=""/>
  <member type="way" ref="1225908706" role=""/>
  <member type="way" ref="1236906100" role=""/>
  <member type="way" ref="1227457781" role=""/>
  <member type="way" ref="559261510" role=""/>
  <member type="way" ref="30002093" role=""/>
  <member type="way" ref="1219606327" role=""/>
  <member type="way" ref="30002076" role=""/>
  <member type="way" ref="30029565" role=""/>
  <member type="way" ref="1220626088" role=""/>
  <member type="way" ref="1220626089" role=""/>
  <member type="way" ref="383600344" role=""/>
  <member type="way" ref="1274596357" role=""/>
  <member type="way" ref="1274596356" role=""/>
  <tag k="duration" v="01:30"/>
  <tag k="from" v="Martina Franca"/>
  <tag k="name" v="bus: Martina Franca → Bari"/>
  <tag k="operator" v="FSE"/>
  <tag k="public_transport:version" v="2"/>
  <tag k="route" v="bus"/>
  <tag k="to" v="Bari Largo Sorrentino"/>
  <tag k="tourism" v="yes"/>
  <tag k="type" v="route"/>
  <tag k="via" v="Alberobello"/>
 </relation>
 <relation id="17497192" visible="true" version="1" changeset="150299762" timestamp="2024-04-21T12:11:16Z" user="xpisar" uid="19474201">
  <member type="relation" ref="17496821" role=""/>
  <member type="relation" ref="17497157" role=""/>
  <tag k="name" v="bus: Bari - Turi - Putignano - Alberobello - Locorotondo - Martina Franca"/>
  <tag k="operator" v="FSE"/>
  <tag k="route_master" v="bus"/>
  <tag k="tourism" v="yes"/>
  <tag k="type" v="route_master"/>
 </relation>
</osm>
