<?xml version="1.0" encoding="UTF-8"?>
<osm version="0.6" generator="openstreetmap-cgimap 2.1.0 (1322 spike-07.openstreetmap.org)" copyright="OpenStreetMap and contributors" attribution="http://www.openstreetmap.org/copyright" license="http://opendatacommons.org/licenses/odbl/1-0/">
 <bounds minlat="41.1000250" minlon="16.8630370" maxlat="41.1018670" maxlon="16.8665460"/>
 <node id="279380856" visible="true" version="28" changeset="150170379" timestamp="2024-04-18T11:21:36Z" user="Alexis04132" uid="20509407" lat="41.1014822" lon="16.8593335"/>
 <node id="279659139" visible="true" version="11" changeset="20008784" timestamp="2014-01-15T08:14:42Z" user="mcheckimport" uid="893327" lat="41.1007528" lon="16.8692061"/>
 <node id="279659150" visible="true" version="14" changeset="20039361" timestamp="2014-01-16T19:24:07Z" user="mcheckimport" uid="893327" lat="41.1008140" lon="16.8684595"/>
 <node id="279659516" visible="true" version="20" changeset="153106928" timestamp="2024-06-24T11:05:43Z" user="Alexis04132" uid="20509407" lat="41.1010865" lon="16.8648327">
  <tag k="highway" v="traffic_signals"/>
 </node>
 <node id="279659549" visible="true" version="16" changeset="153155996" timestamp="2024-06-25T12:50:36Z" user="Alexis04132" uid="20509407" lat="41.1032631" lon="16.8649955"/>
 <node id="279659550" visible="true" version="10" changeset="153106928" timestamp="2024-06-24T11:05:43Z" user="Alexis04132" uid="20509407" lat="41.1024716" lon="16.8649397"/>
 <node id="279659891" visible="true" version="12" changeset="62900356" timestamp="2018-09-25T04:26:07Z" user="bosetic" uid="8688991" lat="41.1011697" lon="16.8629620"/>
 <node id="279659935" visible="true" version="13" changeset="151455058" timestamp="2024-05-17T13:35:42Z" user="Alexis04132" uid="20509407" lat="41.1012341" lon="16.8619926"/>
 <node id="279659956" visible="true" version="11" changeset="153155996" timestamp="2024-06-25T12:50:36Z" user="Alexis04132" uid="20509407" lat="41.1032687" lon="16.8648757"/>
 <node id="279659957" visible="true" version="15" changeset="20039361" timestamp="2014-01-16T19:24:07Z" user="mcheckimport" uid="893327" lat="41.1010940" lon="16.8647044">
  <tag k="highway" v="traffic_signals"/>
 </node>
 <node id="279659978" visible="true" version="4" changeset="10476151" timestamp="2012-01-23T16:44:47Z" user="_mrp_" uid="218322" lat="41.1023915" lon="16.8662618"/>
 <node id="279660683" visible="true" version="13" changeset="9677957" timestamp="2011-10-28T16:57:26Z" user="_mrp_" uid="218322" lat="41.1013427" lon="16.8608057"/>
 <node id="280800158" visible="true" version="11" changeset="20008784" timestamp="2014-01-15T08:14:44Z" user="mcheckimport" uid="893327" lat="41.1012417" lon="16.8672062"/>
 <node id="280800165" visible="true" version="3" changeset="157752716" timestamp="2024-10-11T11:29:28Z" user="_mrp_" uid="218322" lat="41.1012951" lon="16.8665134"/>
 <node id="280803621" visible="true" version="7" changeset="148435796" timestamp="2024-03-09T18:48:13Z" user="Alexis04132" uid="20509407" lat="41.1003176" lon="16.8615455"/>
 <node id="280803759" visible="true" version="9" changeset="144474167" timestamp="2023-11-26T14:47:57Z" user="Alexis04132" uid="20509407" lat="41.1005405" lon="16.8592188"/>
 <node id="280803760" visible="true" version="5" changeset="9958067" timestamp="2011-11-26T16:59:20Z" user="_mrp_" uid="218322" lat="41.1000416" lon="16.8666998"/>
 <node id="280803761" visible="true" version="15" changeset="20008784" timestamp="2014-01-15T08:14:44Z" user="mcheckimport" uid="893327" lat="41.1000212" lon="16.8673456"/>
 <node id="280804206" visible="true" version="29" changeset="169868887" timestamp="2025-08-02T15:41:15Z" user="Alexis04132" uid="20509407" lat="41.1001371" lon="16.8647814">
  <tag k="highway" v="traffic_signals"/>
 </node>
 <node id="280804545" visible="true" version="9" changeset="169869011" timestamp="2025-08-02T15:45:03Z" user="Alexis04132" uid="20509407" lat="41.1002599" lon="16.8625339">
  <tag k="crossing" v="uncontrolled"/>
  <tag k="crossing:markings" v="yes"/>
  <tag k="highway" v="crossing"/>
 </node>
 <node id="280804722" visible="true" version="7" changeset="148435796" timestamp="2024-03-09T18:48:13Z" user="Alexis04132" uid="20509407" lat="41.1004022" lon="16.8606321"/>
 <node id="280806246" visible="true" version="9" changeset="169898598" timestamp="2025-08-03T10:59:22Z" user="Alexis04132" uid="20509407" lat="41.1010771" lon="16.8631740"/>
 <node id="280806249" visible="true" version="7" changeset="148436817" timestamp="2024-03-09T19:20:31Z" user="Alexis04132" uid="20509407" lat="41.1002303" lon="16.8630924"/>
 <node id="280886093" visible="true" version="16" changeset="169868828" timestamp="2025-08-02T15:39:35Z" user="Alexis04132" uid="20509407" lat="41.1002338" lon="16.8647901">
  <tag k="crossing" v="traffic_signals"/>
  <tag k="crossing_ref" v="zebra"/>
  <tag k="highway" v="crossing"/>
 </node>
 <node id="280886095" visible="true" version="3" changeset="9958067" timestamp="2011-11-26T16:59:16Z" user="_mrp_" uid="218322" lat="41.1001815" lon="16.8657091"/>
 <node id="280886096" visible="true" version="6" changeset="173976554" timestamp="2025-10-30T13:28:51Z" user="SerPe1976" uid="23449513" lat="41.1000876" lon="16.8657144"/>
 <node id="280886105" visible="true" version="14" changeset="169868828" timestamp="2025-08-02T15:39:35Z" user="Alexis04132" uid="20509407" lat="41.1009833" lon="16.8648390">
  <tag k="highway" v="traffic_signals"/>
 </node>
 <node id="281603108" visible="true" version="20" changeset="153111628" timestamp="2024-06-24T13:01:45Z" user="Alexis04132" uid="20509407" lat="41.0986358" lon="16.8646693"/>
 <node id="281603380" visible="true" version="18" changeset="129562371" timestamp="2022-11-30T13:33:58Z" user="_mrp_" uid="218322" lat="41.0973296" lon="16.8645830"/>
 <node id="316576986" visible="true" version="28" changeset="20039361" timestamp="2014-01-16T19:24:08Z" user="mcheckimport" uid="893327" lat="41.1005168" lon="16.8714494">
  <tag k="highway" v="traffic_signals"/>
 </node>
 <node id="317931836" visible="true" version="20" changeset="162013253" timestamp="2025-02-01T14:36:19Z" user="Alexis04132" uid="20509407" lat="41.0929569" lon="16.8642377">
  <tag k="highway" v="traffic_signals"/>
  <tag k="traffic_signals:direction" v="forward"/>
 </node>
 <node id="317934028" visible="true" version="9" changeset="153106880" timestamp="2024-06-24T11:04:31Z" user="Alexis04132" uid="20509407" lat="41.1024767" lon="16.8648169"/>
 <node id="317934029" visible="true" version="18" changeset="169868828" timestamp="2025-08-02T15:39:35Z" user="Alexis04132" uid="20509407" lat="41.1001476" lon="16.8646271">
  <tag k="highway" v="traffic_signals"/>
 </node>
 <node id="339000466" visible="true" version="6" changeset="47991598" timestamp="2017-04-21T05:54:13Z" user="gscholz" uid="109705" lat="41.1012460" lon="16.8607973"/>
 <node id="339216091" visible="true" version="16" changeset="161972964" timestamp="2025-01-31T11:10:12Z" user="Alexis04132" uid="20509407" lat="41.0911316" lon="16.8641032"/>
 <node id="339221912" visible="true" version="6" changeset="169898598" timestamp="2025-08-03T10:59:22Z" user="Alexis04132" uid="20509407" lat="41.1011305" lon="16.8592866"/>
 <node id="339222023" visible="true" version="5" changeset="169898598" timestamp="2025-08-03T10:59:22Z" user="Alexis04132" uid="20509407" lat="41.1008280" lon="16.8631494"/>
 <node id="339222319" visible="true" version="4" changeset="9958067" timestamp="2011-11-26T16:59:25Z" user="_mrp_" uid="218322" lat="41.1000254" lon="16.8654082"/>
 <node id="339222320" visible="true" version="3" changeset="9958067" timestamp="2011-11-26T16:59:18Z" user="_mrp_" uid="218322" lat="41.0995937" lon="16.8653578"/>
 <node id="339222321" visible="true" version="3" changeset="9958067" timestamp="2011-11-26T16:59:15Z" user="_mrp_" uid="218322" lat="41.0996115" lon="16.8648239"/>
 <node id="339222322" visible="true" version="3" changeset="9958067" timestamp="2011-11-26T16:59:15Z" user="_mrp_" uid="218322" lat="41.0993456" lon="16.8648209"/>
 <node id="339222323" visible="true" version="3" changeset="9958067" timestamp="2011-11-26T16:59:18Z" user="_mrp_" uid="218322" lat="41.0994358" lon="16.8672888"/>
 <node id="339222324" visible="true" version="3" changeset="9958067" timestamp="2011-11-26T16:59:17Z" user="_mrp_" uid="218322" lat="41.0999574" lon="16.8668980"/>
 <node id="339386141" visible="true" version="9" changeset="161675178" timestamp="2025-01-23T13:43:21Z" user="Alexis04132" uid="20509407" lat="41.0978383" lon="16.8646124"/>
 <node id="353325209" visible="true" version="3" changeset="162023247" timestamp="2025-02-01T19:22:32Z" user="Alexis04132" uid="20509407" lat="41.1009847" lon="16.8665430"/>
 <node id="622137535" visible="true" version="4" changeset="157752716" timestamp="2024-10-11T11:29:28Z" user="_mrp_" uid="218322" lat="41.1016469" lon="16.8648776"/>
 <node id="622137556" visible="true" version="2" changeset="20008784" timestamp="2014-01-15T08:14:53Z" user="mcheckimport" uid="893327" lat="41.1019496" lon="16.8663223"/>
 <node id="622137586" visible="true" version="3" changeset="157752716" timestamp="2024-10-11T11:29:28Z" user="_mrp_" uid="218322" lat="41.1017064" lon="16.8663782"/>
 <node id="624106051" visible="true" version="4" changeset="153196933" timestamp="2024-06-26T10:54:02Z" user="Alexis04132" uid="20509407" lat="41.1008408" lon="16.8649538">
  <tag k="addr:city" v="Bari"/>
  <tag k="addr:housenumber" v="2"/>
  <tag k="addr:postcode" v="70124"/>
  <tag k="addr:street" v="Viale Luigi De Laurentis"/>
  <tag k="email" v="info@empiregym.it"/>
  <tag k="fee" v="yes"/>
  <tag k="layer" v="-1"/>
  <tag k="leisure" v="sports_centre"/>
  <tag k="name" v="Empire Gym"/>
  <tag k="phone" v="+39 0805019036"/>
  <tag k="sport" v="gymnastics"/>
  <tag k="website" v="https://www.empiregym.it/"/>
 </node>
 <node id="624106126" visible="true" version="3" changeset="157752716" timestamp="2024-10-11T11:29:28Z" user="_mrp_" uid="218322" lat="41.1018311" lon="16.8660185"/>
 <node id="624106129" visible="true" version="2" changeset="20008784" timestamp="2014-01-15T08:14:53Z" user="mcheckimport" uid="893327" lat="41.1017283" lon="16.8658514"/>
 <node id="624106132" visible="true" version="3" changeset="157752716" timestamp="2024-10-11T11:29:28Z" user="_mrp_" uid="218322" lat="41.1016270" lon="16.8656797"/>
 <node id="624106147" visible="true" version="3" changeset="157752716" timestamp="2024-10-11T11:29:28Z" user="_mrp_" uid="218322" lat="41.1016178" lon="16.8655883"/>
 <node id="624106151" visible="true" version="2" changeset="20008784" timestamp="2014-01-15T08:14:53Z" user="mcheckimport" uid="893327" lat="41.1017274" lon="16.8671519"/>
 <node id="624106154" visible="true" version="2" changeset="20008784" timestamp="2014-01-15T08:14:53Z" user="mcheckimport" uid="893327" lat="41.1017532" lon="16.8669137"/>
 <node id="624106162" visible="true" version="4" changeset="157752716" timestamp="2024-10-11T11:29:28Z" user="_mrp_" uid="218322" lat="41.1018051" lon="16.8663533"/>
 <node id="639916891" visible="true" version="5" changeset="157752716" timestamp="2024-10-11T11:29:28Z" user="_mrp_" uid="218322" lat="41.1008405" lon="16.8675596"/>
 <node id="650731812" visible="true" version="4" changeset="11874656" timestamp="2012-06-12T13:40:16Z" user="_mrp_" uid="218322" lat="41.1017553" lon="16.8646362">
  <tag k="name" v="De.Ca."/>
  <tag k="shop" v="supermarket"/>
 </node>
 <node id="650731820" visible="true" version="2" changeset="6856834" timestamp="2011-01-04T01:21:02Z" user="_mrp_" uid="218322" lat="41.1017969" lon="16.8662654">
  <tag k="amenity" v="parking"/>
 </node>
 <node id="650731836" visible="true" version="3" changeset="157752716" timestamp="2024-10-11T11:29:28Z" user="_mrp_" uid="218322" lat="41.1018733" lon="16.8661131"/>
 <node id="650731841" visible="true" version="2" changeset="20008784" timestamp="2014-01-15T08:14:54Z" user="mcheckimport" uid="893327" lat="41.1015922" lon="16.8664144"/>
 <node id="650731886" visible="true" version="3" changeset="20039361" timestamp="2014-01-16T19:24:09Z" user="mcheckimport" uid="893327" lat="41.1008288" lon="16.8680869"/>
 <node id="650734058" visible="true" version="2" changeset="173976325" timestamp="2025-10-30T13:24:01Z" user="SerPe1976" uid="23449513" lat="41.1002017" lon="16.8653420">
  <tag k="amenity" v="parking"/>
 </node>
 <node id="702929818" visible="true" version="3" changeset="107578596" timestamp="2021-07-07T16:43:04Z" user="Silverium" uid="13566882" lat="41.1014018" lon="16.8649873">
  <tag k="name" v="Punto SMA"/>
  <tag k="shop" v="supermarket"/>
 </node>
 <node id="849586872" visible="true" version="3" changeset="83719501" timestamp="2020-04-17T17:32:39Z" user="mad_map" uid="693626" lat="41.0998191" lon="16.8672509"/>
 <node id="849586963" visible="true" version="3" changeset="173975429" timestamp="2025-10-30T13:05:10Z" user="SerPe1976" uid="23449513" lat="41.0995369" lon="16.8648217"/>
 <node id="849586971" visible="true" version="2" changeset="9958067" timestamp="2011-11-26T16:59:16Z" user="_mrp_" uid="218322" lat="41.0998462" lon="16.8668945"/>
 <node id="917028496" visible="true" version="3" changeset="153111442" timestamp="2024-06-24T12:57:49Z" user="Alexis04132" uid="20509407" lat="41.1000801" lon="16.8645242"/>
 <node id="917028500" visible="true" version="3" changeset="153111442" timestamp="2024-06-24T12:57:49Z" user="Alexis04132" uid="20509407" lat="41.1001108" lon="16.8639257"/>
 <node id="917028501" visible="true" version="3" changeset="153111442" timestamp="2024-06-24T12:57:49Z" user="Alexis04132" uid="20509407" lat="41.0992701" lon="16.8637854"/>
 <node id="917028503" visible="true" version="3" changeset="153111442" timestamp="2024-06-24T12:57:49Z" user="Alexis04132" uid="20509407" lat="41.0993235" lon="16.8644704"/>
 <node id="1081381968" visible="true" version="1" changeset="6856834" timestamp="2011-01-04T01:20:54Z" user="_mrp_" uid="218322" lat="41.1018242" lon="16.8667388"/>
 <node id="1081382018" visible="true" version="3" changeset="153111628" timestamp="2024-06-24T13:01:45Z" user="Alexis04132" uid="20509407" lat="41.0987464" lon="16.8646764"/>
 <node id="1108919992" visible="true" version="2" changeset="9958067" timestamp="2011-11-26T16:59:19Z" user="_mrp_" uid="218322" lat="41.1002215" lon="16.8649820"/>
 <node id="1108920208" visible="true" version="5" changeset="83719501" timestamp="2020-04-17T17:30:28Z" user="mad_map" uid="693626" lat="41.1001219" lon="16.8649758"/>
 <node id="1204096198" visible="true" version="5" changeset="143178117" timestamp="2023-10-26T19:36:38Z" user="MapSpot" uid="10183030" lat="41.1010862" lon="16.8663155">
  <tag k="addr:city" v="Bari"/>
  <tag k="addr:housenumber" v="75"/>
  <tag k="addr:street" v="Viale John Fitzgerald Kennedy"/>
  <tag k="amenity" v="pharmacy"/>
  <tag k="healthcare" v="pharmacy"/>
  <tag k="name" v="De Cristo"/>
  <tag k="operator" v="De Cristo Nicola"/>
 </node>
 <node id="1483768291" visible="true" version="2" changeset="169898598" timestamp="2025-08-03T10:59:22Z" user="Alexis04132" uid="20509407" lat="41.1009917" lon="16.8607731"/>
 <node id="1483768294" visible="true" version="2" changeset="169898598" timestamp="2025-08-03T10:59:22Z" user="Alexis04132" uid="20509407" lat="41.1009236" lon="16.8615143"/>
 <node id="1518076107" visible="true" version="1" changeset="9958067" timestamp="2011-11-26T16:59:05Z" user="_mrp_" uid="218322" lat="41.0999310" lon="16.8638217"/>
 <node id="1518076142" visible="true" version="1" changeset="9958067" timestamp="2011-11-26T16:59:06Z" user="_mrp_" uid="218322" lat="41.0993946" lon="16.8661609">
  <tag k="barrier" v="gate"/>
 </node>
 <node id="1518076170" visible="true" version="1" changeset="9958067" timestamp="2011-11-26T16:59:07Z" user="_mrp_" uid="218322" lat="41.0996782" lon="16.8637526"/>
 <node id="1518076222" visible="true" version="1" changeset="9958067" timestamp="2011-11-26T16:59:08Z" user="_mrp_" uid="218322" lat="41.0995995" lon="16.8672692"/>
 <node id="1518076242" visible="true" version="1" changeset="9958067" timestamp="2011-11-26T16:59:08Z" user="_mrp_" uid="218322" lat="41.0995006" lon="16.8637244"/>
 <node id="1518076256" visible="true" version="1" changeset="9958067" timestamp="2011-11-26T16:59:08Z" user="_mrp_" uid="218322" lat="41.0994882" lon="16.8637978"/>
 <node id="1518076259" visible="true" version="2" changeset="153111442" timestamp="2024-06-24T12:57:49Z" user="Alexis04132" uid="20509407" lat="41.0992963" lon="16.8641487"/>
 <node id="1518076268" visible="true" version="2" changeset="173975429" timestamp="2025-10-30T13:05:10Z" user="SerPe1976" uid="23449513" lat="41.0993788" lon="16.8661598"/>
 <node id="1602401461" visible="true" version="1" changeset="10476151" timestamp="2012-01-23T16:44:44Z" user="_mrp_" uid="218322" lat="41.1016423" lon="16.8646279"/>
 <node id="1602401468" visible="true" version="1" changeset="10476151" timestamp="2012-01-23T16:44:45Z" user="_mrp_" uid="218322" lat="41.1017219" lon="16.8642762">
  <tag k="name" v="De.Ca (detersivi)"/>
  <tag k="shop" v="supermarket"/>
 </node>
 <node id="1602401478" visible="true" version="1" changeset="10476151" timestamp="2012-01-23T16:44:45Z" user="_mrp_" uid="218322" lat="41.1016575" lon="16.8643395"/>
 <node id="1602401479" visible="true" version="1" changeset="10476151" timestamp="2012-01-23T16:44:45Z" user="_mrp_" uid="218322" lat="41.1017050" lon="16.8642966"/>
 <node id="1602401480" visible="true" version="1" changeset="10476151" timestamp="2012-01-23T16:44:45Z" user="_mrp_" uid="218322" lat="41.1016827" lon="16.8643060"/>
 <node id="1784654183" visible="true" version="1" changeset="11874552" timestamp="2012-06-12T13:31:29Z" user="_mrp_" uid="218322" lat="41.1009606" lon="16.8617417"/>
 <node id="1784654184" visible="true" version="1" changeset="11874552" timestamp="2012-06-12T13:31:29Z" user="_mrp_" uid="218322" lat="41.1010289" lon="16.8628895"/>
 <node id="1784654189" visible="true" version="2" changeset="169898598" timestamp="2025-08-03T10:59:22Z" user="Alexis04132" uid="20509407" lat="41.1009063" lon="16.8617317"/>
 <node id="1784654190" visible="true" version="1" changeset="11874552" timestamp="2012-06-12T13:31:30Z" user="_mrp_" uid="218322" lat="41.1010643" lon="16.8622296"/>
 <node id="1784654198" visible="true" version="1" changeset="11874552" timestamp="2012-06-12T13:31:30Z" user="_mrp_" uid="218322" lat="41.1011057" lon="16.8617696"/>
 <node id="1784654214" visible="true" version="1" changeset="11874552" timestamp="2012-06-12T13:31:31Z" user="_mrp_" uid="218322" lat="41.1013076" lon="16.8593823"/>
 <node id="1784654215" visible="true" version="1" changeset="11874552" timestamp="2012-06-12T13:31:31Z" user="_mrp_" uid="218322" lat="41.1010924" lon="16.8617670"/>
 <node id="1784654217" visible="true" version="1" changeset="11874552" timestamp="2012-06-12T13:31:31Z" user="_mrp_" uid="218322" lat="41.1010737" lon="16.8622357"/>
 <node id="1784654221" visible="true" version="2" changeset="80078183" timestamp="2020-01-25T16:58:07Z" user="mad_map" uid="693626" lat="41.1013299" lon="16.8594245"/>
 <node id="1784654231" visible="true" version="1" changeset="11874552" timestamp="2012-06-12T13:31:31Z" user="_mrp_" uid="218322" lat="41.1010322" lon="16.8607812"/>
 <node id="1784654232" visible="true" version="1" changeset="11874552" timestamp="2012-06-12T13:31:31Z" user="_mrp_" uid="218322" lat="41.1012515" lon="16.8617975">
  <tag k="highway" v="crossing"/>
 </node>
 <node id="1784654239" visible="true" version="1" changeset="11874552" timestamp="2012-06-12T13:31:31Z" user="_mrp_" uid="218322" lat="41.1009340" lon="16.8622004"/>
 <node id="1784654243" visible="true" version="2" changeset="80078183" timestamp="2020-01-25T16:58:07Z" user="mad_map" uid="693626" lat="41.1010180" lon="16.8630665"/>
 <node id="1784654249" visible="true" version="1" changeset="11874552" timestamp="2012-06-12T13:31:32Z" user="_mrp_" uid="218322" lat="41.1012462" lon="16.8602263"/>
 <node id="1784654259" visible="true" version="1" changeset="11874552" timestamp="2012-06-12T13:31:32Z" user="_mrp_" uid="218322" lat="41.1010394" lon="16.8629080"/>
 <node id="1784654260" visible="true" version="1" changeset="11874552" timestamp="2012-06-12T13:31:32Z" user="_mrp_" uid="218322" lat="41.1009473" lon="16.8617392"/>
 <node id="1784654266" visible="true" version="1" changeset="11874552" timestamp="2012-06-12T13:31:32Z" user="_mrp_" uid="218322" lat="41.1011869" lon="16.8608080"/>
 <node id="1784654268" visible="true" version="1" changeset="11874552" timestamp="2012-06-12T13:31:32Z" user="_mrp_" uid="218322" lat="41.1008661" lon="16.8630720"/>
 <node id="1784654274" visible="true" version="1" changeset="11874552" timestamp="2012-06-12T13:31:32Z" user="_mrp_" uid="218322" lat="41.1013129" lon="16.8594146"/>
 <node id="1784654281" visible="true" version="2" changeset="80078183" timestamp="2020-01-25T16:58:07Z" user="mad_map" uid="693626" lat="41.1012338" lon="16.8602251"/>
 <node id="1784654283" visible="true" version="1" changeset="11874552" timestamp="2012-06-12T13:31:33Z" user="_mrp_" uid="218322" lat="41.1011565" lon="16.8593707"/>
 <node id="1784654308" visible="true" version="2" changeset="80078183" timestamp="2020-01-25T16:58:07Z" user="mad_map" uid="693626" lat="41.1010319" lon="16.8630876"/>
 <node id="1784654314" visible="true" version="1" changeset="11874552" timestamp="2012-06-12T13:31:34Z" user="_mrp_" uid="218322" lat="41.1011683" lon="16.8593895"/>
 <node id="1784654323" visible="true" version="2" changeset="80078183" timestamp="2020-01-25T16:58:07Z" user="mad_map" uid="693626" lat="41.1011729" lon="16.8608070"/>
 <node id="1784654333" visible="true" version="1" changeset="11874552" timestamp="2012-06-12T13:31:35Z" user="_mrp_" uid="218322" lat="41.1013058" lon="16.8593999"/>
 <node id="1784654335" visible="true" version="2" changeset="47991598" timestamp="2017-04-21T05:54:13Z" user="gscholz" uid="109705" lat="41.1011575" lon="16.8617833">
  <tag k="highway" v="crossing"/>
 </node>
 <node id="1784654340" visible="true" version="2" changeset="148436488" timestamp="2024-03-09T19:10:32Z" user="Alexis04132" uid="20509407" lat="41.0991510" lon="16.8613861"/>
 <node id="1784654344" visible="true" version="1" changeset="11874552" timestamp="2012-06-12T13:31:35Z" user="_mrp_" uid="218322" lat="41.1008814" lon="16.8630572"/>
 <node id="1784654345" visible="true" version="1" changeset="11874552" timestamp="2012-06-12T13:31:35Z" user="_mrp_" uid="218322" lat="41.1010455" lon="16.8607835"/>
 <node id="1784654354" visible="true" version="1" changeset="11874552" timestamp="2012-06-12T13:31:35Z" user="_mrp_" uid="218322" lat="41.1009206" lon="16.8621991"/>
 <node id="1784660252" visible="true" version="2" changeset="42466029" timestamp="2016-09-27T09:52:16Z" user="Doikk" uid="4636886" lat="41.1002459" lon="16.8643234">
  <tag k="amenity" v="cafe"/>
  <tag k="cuisine" v="coffee_shop"/>
  <tag k="name" v="Bar Miss Italia"/>
 </node>
 <node id="2625108138" visible="true" version="1" changeset="20039361" timestamp="2014-01-16T19:21:00Z" user="mcheckimport" uid="893327" lat="41.1001484" lon="16.8667293"/>
 <node id="2625108151" visible="true" version="1" changeset="20039361" timestamp="2014-01-16T19:21:01Z" user="mcheckimport" uid="893327" lat="41.1001580" lon="16.8665328"/>
 <node id="2625108186" visible="true" version="1" changeset="20039361" timestamp="2014-01-16T19:21:01Z" user="mcheckimport" uid="893327" lat="41.1001858" lon="16.8667520"/>
 <node id="2625108188" visible="true" version="1" changeset="20039361" timestamp="2014-01-16T19:21:01Z" user="mcheckimport" uid="893327" lat="41.1001868" lon="16.8667326"/>
 <node id="2625108205" visible="true" version="1" changeset="20039361" timestamp="2014-01-16T19:21:02Z" user="mcheckimport" uid="893327" lat="41.1002064" lon="16.8665370"/>
 <node id="2625108207" visible="true" version="1" changeset="20039361" timestamp="2014-01-16T19:21:02Z" user="mcheckimport" uid="893327" lat="41.1002069" lon="16.8665264"/>
 <node id="2625108225" visible="true" version="1" changeset="20039361" timestamp="2014-01-16T19:21:02Z" user="mcheckimport" uid="893327" lat="41.1002349" lon="16.8665394"/>
 <node id="2625108227" visible="true" version="1" changeset="20039361" timestamp="2014-01-16T19:21:02Z" user="mcheckimport" uid="893327" lat="41.1002354" lon="16.8665289"/>
 <node id="2625108233" visible="true" version="1" changeset="20039361" timestamp="2014-01-16T19:21:02Z" user="mcheckimport" uid="893327" lat="41.1002438" lon="16.8665527"/>
 <node id="2625108236" visible="true" version="1" changeset="20039361" timestamp="2014-01-16T19:21:02Z" user="mcheckimport" uid="893327" lat="41.1002444" lon="16.8665402"/>
 <node id="2625108266" visible="true" version="1" changeset="20039361" timestamp="2014-01-16T19:21:03Z" user="mcheckimport" uid="893327" lat="41.1002686" lon="16.8665548"/>
 <node id="2625108270" visible="true" version="1" changeset="20039361" timestamp="2014-01-16T19:21:03Z" user="mcheckimport" uid="893327" lat="41.1002694" lon="16.8665387"/>
 <node id="2625108320" visible="true" version="1" changeset="20039361" timestamp="2014-01-16T19:21:03Z" user="mcheckimport" uid="893327" lat="41.1002988" lon="16.8667617"/>
 <node id="2625108324" visible="true" version="1" changeset="20039361" timestamp="2014-01-16T19:21:04Z" user="mcheckimport" uid="893327" lat="41.1002998" lon="16.8667401"/>
 <node id="2625108382" visible="true" version="1" changeset="20039361" timestamp="2014-01-16T19:21:04Z" user="mcheckimport" uid="893327" lat="41.1003240" lon="16.8667422"/>
 <node id="2625108403" visible="true" version="1" changeset="20039361" timestamp="2014-01-16T19:21:05Z" user="mcheckimport" uid="893327" lat="41.1003337" lon="16.8665443"/>
 <node id="2625108525" visible="true" version="1" changeset="20039361" timestamp="2014-01-16T19:21:08Z" user="mcheckimport" uid="893327" lat="41.1003639" lon="16.8665903"/>
 <node id="2625108526" visible="true" version="1" changeset="20039361" timestamp="2014-01-16T19:21:08Z" user="mcheckimport" uid="893327" lat="41.1003673" lon="16.8665201"/>
 <node id="2625108550" visible="true" version="1" changeset="20039361" timestamp="2014-01-16T19:21:08Z" user="mcheckimport" uid="893327" lat="41.1003909" lon="16.8666145"/>
 <node id="2625108551" visible="true" version="1" changeset="20039361" timestamp="2014-01-16T19:21:08Z" user="mcheckimport" uid="893327" lat="41.1003920" lon="16.8665927"/>
 <node id="2625108554" visible="true" version="1" changeset="20039361" timestamp="2014-01-16T19:21:08Z" user="mcheckimport" uid="893327" lat="41.1003954" lon="16.8665225"/>
 <node id="2625108562" visible="true" version="1" changeset="20039361" timestamp="2014-01-16T19:21:08Z" user="mcheckimport" uid="893327" lat="41.1004057" lon="16.8663123"/>
 <node id="2625108622" visible="true" version="1" changeset="20039361" timestamp="2014-01-16T19:21:10Z" user="mcheckimport" uid="893327" lat="41.1005075" lon="16.8666245"/>
 <node id="2625108624" visible="true" version="1" changeset="20039361" timestamp="2014-01-16T19:21:10Z" user="mcheckimport" uid="893327" lat="41.1005102" lon="16.8665682"/>
 <node id="2625108631" visible="true" version="1" changeset="20039361" timestamp="2014-01-16T19:21:10Z" user="mcheckimport" uid="893327" lat="41.1005192" lon="16.8663839"/>
 <node id="2625108632" visible="true" version="1" changeset="20039361" timestamp="2014-01-16T19:21:10Z" user="mcheckimport" uid="893327" lat="41.1005222" lon="16.8663224"/>
 <node id="2625108633" visible="true" version="1" changeset="20039361" timestamp="2014-01-16T19:21:10Z" user="mcheckimport" uid="893327" lat="41.1005225" lon="16.8665693"/>
 <node id="2625108636" visible="true" version="3" changeset="173965180" timestamp="2025-10-30T09:18:22Z" user="SerPe1976" uid="23449513" lat="41.1005238" lon="16.8713590">
  <tag k="crossing" v="traffic_signals"/>
  <tag k="crossing:markings" v="zebra"/>
  <tag k="highway" v="crossing"/>
  <tag k="traffic_signals:sound" v="no"/>
 </node>
 <node id="2625108639" visible="true" version="1" changeset="20039361" timestamp="2014-01-16T19:21:10Z" user="mcheckimport" uid="893327" lat="41.1005315" lon="16.8663850"/>
 <node id="2625108792" visible="true" version="2" changeset="143178117" timestamp="2023-10-26T19:36:38Z" user="MapSpot" uid="10183030" lat="41.1008167" lon="16.8683926">
  <tag k="crossing" v="uncontrolled"/>
  <tag k="crossing:markings" v="yes"/>
  <tag k="highway" v="crossing"/>
 </node>
 <node id="2625108801" visible="true" version="4" changeset="173965180" timestamp="2025-10-30T09:18:22Z" user="SerPe1976" uid="23449513" lat="41.1008444" lon="16.8673612">
  <tag k="crossing" v="traffic_signals"/>
  <tag k="crossing:markings" v="zebra"/>
  <tag k="highway" v="crossing"/>
  <tag k="traffic_signals:sound" v="no"/>
 </node>
 <node id="2625108805" visible="true" version="4" changeset="162023247" timestamp="2025-02-01T19:22:32Z" user="Alexis04132" uid="20509407" lat="41.1008518" lon="16.8671554">
  <tag k="crossing" v="traffic_signals"/>
  <tag k="crossing:markings" v="yes"/>
  <tag k="highway" v="crossing"/>
 </node>
 <node id="2625108827" visible="true" version="2" changeset="169868828" timestamp="2025-08-02T15:39:35Z" user="Alexis04132" uid="20509407" lat="41.1009148" lon="16.8648370">
  <tag k="crossing" v="traffic_signals"/>
  <tag k="highway" v="crossing"/>
 </node>
 <node id="2625108830" visible="true" version="3" changeset="169868828" timestamp="2025-08-02T15:39:35Z" user="Alexis04132" uid="20509407" lat="41.1009223" lon="16.8646799">
  <tag k="crossing" v="traffic_signals"/>
  <tag k="highway" v="crossing"/>
 </node>
 <node id="2625108846" visible="true" version="6" changeset="162023247" timestamp="2025-02-01T19:22:32Z" user="Alexis04132" uid="20509407" lat="41.1009471" lon="16.8671349">
  <tag k="crossing" v="traffic_signals"/>
  <tag k="crossing:markings" v="yes"/>
  <tag k="highway" v="crossing"/>
  <tag k="tactile_paving" v="no"/>
 </node>
 <node id="2625108869" visible="true" version="3" changeset="173966007" timestamp="2025-10-30T09:34:58Z" user="SerPe1976" uid="23449513" lat="41.1009782" lon="16.8649143">
  <tag k="crossing" v="traffic_signals"/>
  <tag k="crossing:markings" v="zebra"/>
  <tag k="highway" v="crossing"/>
  <tag k="traffic_signals:sound" v="no"/>
 </node>
 <node id="2625108933" visible="true" version="2" changeset="173966007" timestamp="2025-10-30T09:34:58Z" user="SerPe1976" uid="23449513" lat="41.1010829" lon="16.8649187">
  <tag k="crossing" v="traffic_signals"/>
  <tag k="crossing:markings" v="zebra"/>
  <tag k="highway" v="crossing"/>
  <tag k="traffic_signals:sound" v="no"/>
 </node>
 <node id="2625108943" visible="true" version="2" changeset="169868828" timestamp="2025-08-02T15:39:35Z" user="Alexis04132" uid="20509407" lat="41.1010987" lon="16.8645935">
  <tag k="crossing" v="traffic_signals"/>
  <tag k="highway" v="crossing"/>
 </node>
 <node id="2625108979" visible="true" version="1" changeset="20039361" timestamp="2014-01-16T19:21:18Z" user="mcheckimport" uid="893327" lat="41.1011474" lon="16.8648376">
  <tag k="highway" v="crossing"/>
 </node>
 <node id="2625108983" visible="true" version="2" changeset="153106880" timestamp="2024-06-24T11:04:31Z" user="Alexis04132" uid="20509407" lat="41.1011540" lon="16.8647121">
  <tag k="highway" v="crossing"/>
 </node>
 <node id="2625108984" visible="true" version="1" changeset="20039361" timestamp="2014-01-16T19:21:18Z" user="mcheckimport" uid="893327" lat="41.1011502" lon="16.8657285"/>
 <node id="2625108989" visible="true" version="1" changeset="20039361" timestamp="2014-01-16T19:21:18Z" user="mcheckimport" uid="893327" lat="41.1011535" lon="16.8656252"/>
 <node id="2625108993" visible="true" version="1" changeset="20039361" timestamp="2014-01-16T19:21:18Z" user="mcheckimport" uid="893327" lat="41.1011581" lon="16.8654854"/>
 <node id="2625108997" visible="true" version="1" changeset="20039361" timestamp="2014-01-16T19:21:18Z" user="mcheckimport" uid="893327" lat="41.1011620" lon="16.8653684"/>
 <node id="2625109017" visible="true" version="1" changeset="20039361" timestamp="2014-01-16T19:21:19Z" user="mcheckimport" uid="893327" lat="41.1012158" lon="16.8653947"/>
 <node id="2625109018" visible="true" version="1" changeset="20039361" timestamp="2014-01-16T19:21:19Z" user="mcheckimport" uid="893327" lat="41.1012166" lon="16.8653716"/>
 <node id="2625109040" visible="true" version="1" changeset="20039361" timestamp="2014-01-16T19:21:21Z" user="mcheckimport" uid="893327" lat="41.1012440" lon="16.8657339"/>
 <node id="2625109046" visible="true" version="1" changeset="20039361" timestamp="2014-01-16T19:21:21Z" user="mcheckimport" uid="893327" lat="41.1012474" lon="16.8656306"/>
 <node id="2625109049" visible="true" version="1" changeset="20039361" timestamp="2014-01-16T19:21:21Z" user="mcheckimport" uid="893327" lat="41.1012520" lon="16.8654908"/>
 <node id="2625109051" visible="true" version="1" changeset="20039361" timestamp="2014-01-16T19:21:21Z" user="mcheckimport" uid="893327" lat="41.1012542" lon="16.8657345"/>
 <node id="2625109053" visible="true" version="1" changeset="20039361" timestamp="2014-01-16T19:21:21Z" user="mcheckimport" uid="893327" lat="41.1012576" lon="16.8656312"/>
 <node id="2625109058" visible="true" version="1" changeset="20039361" timestamp="2014-01-16T19:21:21Z" user="mcheckimport" uid="893327" lat="41.1012617" lon="16.8654914"/>
 <node id="2625109060" visible="true" version="1" changeset="20039361" timestamp="2014-01-16T19:21:21Z" user="mcheckimport" uid="893327" lat="41.1012648" lon="16.8653975"/>
 <node id="2625109101" visible="true" version="1" changeset="20039361" timestamp="2014-01-16T19:21:22Z" user="mcheckimport" uid="893327" lat="41.1013868" lon="16.8650616"/>
 <node id="2625109103" visible="true" version="1" changeset="20039361" timestamp="2014-01-16T19:21:22Z" user="mcheckimport" uid="893327" lat="41.1013930" lon="16.8649294"/>
 <node id="2625109108" visible="true" version="1" changeset="20039361" timestamp="2014-01-16T19:21:22Z" user="mcheckimport" uid="893327" lat="41.1014092" lon="16.8652196"/>
 <node id="2625109112" visible="true" version="1" changeset="20039361" timestamp="2014-01-16T19:21:22Z" user="mcheckimport" uid="893327" lat="41.1014148" lon="16.8651011"/>
 <node id="2625109113" visible="true" version="1" changeset="20039361" timestamp="2014-01-16T19:21:22Z" user="mcheckimport" uid="893327" lat="41.1014174" lon="16.8652484"/>
 <node id="2625109115" visible="true" version="1" changeset="20039361" timestamp="2014-01-16T19:21:22Z" user="mcheckimport" uid="893327" lat="41.1014187" lon="16.8652203"/>
 <node id="2625109118" visible="true" version="1" changeset="20039361" timestamp="2014-01-16T19:21:22Z" user="mcheckimport" uid="893327" lat="41.1014242" lon="16.8651019"/>
 <node id="2625109120" visible="true" version="1" changeset="20039361" timestamp="2014-01-16T19:21:22Z" user="mcheckimport" uid="893327" lat="41.1014260" lon="16.8650648"/>
 <node id="2625109148" visible="true" version="1" changeset="20039361" timestamp="2014-01-16T19:21:23Z" user="mcheckimport" uid="893327" lat="41.1015264" lon="16.8652114"/>
 <node id="2625109149" visible="true" version="1" changeset="20039361" timestamp="2014-01-16T19:21:23Z" user="mcheckimport" uid="893327" lat="41.1015287" lon="16.8651611"/>
 <node id="2625109151" visible="true" version="1" changeset="20039361" timestamp="2014-01-16T19:21:23Z" user="mcheckimport" uid="893327" lat="41.1015307" lon="16.8651197"/>
 <node id="2625109153" visible="true" version="2" changeset="143178117" timestamp="2023-10-26T19:36:38Z" user="MapSpot" uid="10183030" lat="41.1015328" lon="16.8650734"/>
 <node id="2625109157" visible="true" version="1" changeset="20039361" timestamp="2014-01-16T19:21:23Z" user="mcheckimport" uid="893327" lat="41.1015357" lon="16.8650114"/>
 <node id="2625109158" visible="true" version="1" changeset="20039361" timestamp="2014-01-16T19:21:23Z" user="mcheckimport" uid="893327" lat="41.1015361" lon="16.8652582"/>
 <node id="2625109159" visible="true" version="1" changeset="20039361" timestamp="2014-01-16T19:21:23Z" user="mcheckimport" uid="893327" lat="41.1015377" lon="16.8651618"/>
 <node id="2625109160" visible="true" version="1" changeset="20039361" timestamp="2014-01-16T19:21:23Z" user="mcheckimport" uid="893327" lat="41.1015383" lon="16.8652124"/>
 <node id="2625109161" visible="true" version="1" changeset="20039361" timestamp="2014-01-16T19:21:23Z" user="mcheckimport" uid="893327" lat="41.1015390" lon="16.8649414"/>
 <node id="2625109162" visible="true" version="1" changeset="20039361" timestamp="2014-01-16T19:21:23Z" user="mcheckimport" uid="893327" lat="41.1015396" lon="16.8651204"/>
 <node id="2625109163" visible="true" version="1" changeset="20039361" timestamp="2014-01-16T19:21:23Z" user="mcheckimport" uid="893327" lat="41.1015435" lon="16.8650740"/>
 <node id="2625109164" visible="true" version="1" changeset="20039361" timestamp="2014-01-16T19:21:23Z" user="mcheckimport" uid="893327" lat="41.1015464" lon="16.8650123"/>
 <node id="3174764233" visible="true" version="5" changeset="148435796" timestamp="2024-03-09T18:48:13Z" user="Alexis04132" uid="20509407" lat="41.1005818" lon="16.8648565">
  <tag k="bench" v="no"/>
  <tag k="bus" v="yes"/>
  <tag k="covered" v="no"/>
  <tag k="highway" v="bus_stop"/>
  <tag k="name" v="DeLaurentis-Kennedy"/>
  <tag k="operator" v="AMTAB"/>
  <tag k="public_transport" v="platform"/>
  <tag k="ref" v="03168005"/>
  <tag k="shelter" v="no"/>
 </node>
 <node id="3174776765" visible="true" version="5" changeset="148435796" timestamp="2024-03-09T18:48:13Z" user="Alexis04132" uid="20509407" lat="41.1005686" lon="16.8646098">
  <tag k="bench" v="no"/>
  <tag k="bus" v="yes"/>
  <tag k="covered" v="no"/>
  <tag k="highway" v="bus_stop"/>
  <tag k="name" v="DeLaurentis-M.L.King"/>
  <tag k="operator" v="AMTAB"/>
  <tag k="public_transport" v="platform"/>
  <tag k="ref" v="03168101"/>
  <tag k="shelter" v="no"/>
 </node>
 <node id="3874429650" visible="true" version="1" changeset="35723979" timestamp="2015-12-03T11:00:33Z" user="Marco Petruzzelli" uid="2783463" lat="41.1010249" lon="16.8649589"/>
 <node id="3874429656" visible="true" version="1" changeset="35723979" timestamp="2015-12-03T11:00:33Z" user="Marco Petruzzelli" uid="2783463" lat="41.1009039" lon="16.8670586"/>
 <node id="3874441462" visible="true" version="1" changeset="35723979" timestamp="2015-12-03T11:00:33Z" user="Marco Petruzzelli" uid="2783463" lat="41.1010496" lon="16.8645204"/>
 <node id="3874441481" visible="true" version="1" changeset="35723979" timestamp="2015-12-03T11:00:34Z" user="Marco Petruzzelli" uid="2783463" lat="41.1011197" lon="16.8630554"/>
 <node id="3874441490" visible="true" version="1" changeset="35723979" timestamp="2015-12-03T11:00:34Z" user="Marco Petruzzelli" uid="2783463" lat="41.1011864" lon="16.8621206"/>
 <node id="4184581035" visible="true" version="1" changeset="39303439" timestamp="2016-05-14T01:42:00Z" user="mcheckimport" uid="893327" lat="41.0999080" lon="16.8635256"/>
 <node id="4184581041" visible="true" version="1" changeset="39303439" timestamp="2016-05-14T01:42:00Z" user="mcheckimport" uid="893327" lat="41.0999090" lon="16.8635091"/>
 <node id="4184581065" visible="true" version="1" changeset="39303439" timestamp="2016-05-14T01:42:02Z" user="mcheckimport" uid="893327" lat="41.0999152" lon="16.8633997"/>
 <node id="4184581083" visible="true" version="1" changeset="39303439" timestamp="2016-05-14T01:42:04Z" user="mcheckimport" uid="893327" lat="41.0999214" lon="16.8632976"/>
 <node id="4184581096" visible="true" version="1" changeset="39303439" timestamp="2016-05-14T01:42:05Z" user="mcheckimport" uid="893327" lat="41.0999284" lon="16.8631728"/>
 <node id="4184581173" visible="true" version="1" changeset="39303439" timestamp="2016-05-14T01:42:10Z" user="mcheckimport" uid="893327" lat="41.0999592" lon="16.8634041"/>
 <node id="4184581180" visible="true" version="1" changeset="39303439" timestamp="2016-05-14T01:42:10Z" user="mcheckimport" uid="893327" lat="41.0999619" lon="16.8633573"/>
 <node id="4184581266" visible="true" version="1" changeset="39303439" timestamp="2016-05-14T01:46:54Z" user="mcheckimport" uid="893327" lat="41.1016039" lon="16.8639639"/>
 <node id="4184581267" visible="true" version="1" changeset="39303439" timestamp="2016-05-14T01:46:54Z" user="mcheckimport" uid="893327" lat="41.1016039" lon="16.8659726"/>
 <node id="4184581275" visible="true" version="1" changeset="39303439" timestamp="2016-05-14T01:46:54Z" user="mcheckimport" uid="893327" lat="41.1016093" lon="16.8658436"/>
 <node id="4184581278" visible="true" version="1" changeset="39303439" timestamp="2016-05-14T01:46:55Z" user="mcheckimport" uid="893327" lat="41.1016098" lon="16.8632316"/>
 <node id="4184581287" visible="true" version="1" changeset="39303439" timestamp="2016-05-14T01:46:55Z" user="mcheckimport" uid="893327" lat="41.1016150" lon="16.8642052"/>
 <node id="4184581289" visible="true" version="1" changeset="39303439" timestamp="2016-05-14T01:42:11Z" user="mcheckimport" uid="893327" lat="41.0999650" lon="16.8633020"/>
 <node id="4184581911" visible="true" version="1" changeset="39303439" timestamp="2016-05-14T01:42:24Z" user="mcheckimport" uid="893327" lat="41.1000463" lon="16.8635393"/>
 <node id="4184581915" visible="true" version="1" changeset="39303439" timestamp="2016-05-14T01:42:25Z" user="mcheckimport" uid="893327" lat="41.1000478" lon="16.8635130"/>
 <node id="4184581931" visible="true" version="1" changeset="39303439" timestamp="2016-05-14T01:42:25Z" user="mcheckimport" uid="893327" lat="41.1000529" lon="16.8634230"/>
 <node id="4184581940" visible="true" version="1" changeset="39303439" timestamp="2016-05-14T01:42:26Z" user="mcheckimport" uid="893327" lat="41.1000554" lon="16.8633792"/>
 <node id="4184581948" visible="true" version="1" changeset="39303439" timestamp="2016-05-14T01:42:26Z" user="mcheckimport" uid="893327" lat="41.1000594" lon="16.8633099"/>
 <node id="4184582171" visible="true" version="1" changeset="39303439" timestamp="2016-05-14T01:42:34Z" user="mcheckimport" uid="893327" lat="41.1001008" lon="16.8633140"/>
 <node id="4184582193" visible="true" version="1" changeset="39303439" timestamp="2016-05-14T01:42:37Z" user="mcheckimport" uid="893327" lat="41.1001078" lon="16.8631906"/>
 <node id="4184582359" visible="true" version="1" changeset="39303439" timestamp="2016-05-14T01:42:47Z" user="mcheckimport" uid="893327" lat="41.1001596" lon="16.8662027"/>
 <node id="4184582371" visible="true" version="1" changeset="39303439" timestamp="2016-05-14T01:42:47Z" user="mcheckimport" uid="893327" lat="41.1001636" lon="16.8661185"/>
 <node id="4184582372" visible="true" version="1" changeset="39303439" timestamp="2016-05-14T01:42:47Z" user="mcheckimport" uid="893327" lat="41.1001636" lon="16.8662935"/>
 <node id="4184582373" visible="true" version="1" changeset="39303439" timestamp="2016-05-14T01:42:47Z" user="mcheckimport" uid="893327" lat="41.1001637" lon="16.8662917"/>
 <node id="4184582376" visible="true" version="1" changeset="39303439" timestamp="2016-05-14T01:42:48Z" user="mcheckimport" uid="893327" lat="41.1001650" lon="16.8662674"/>
 <node id="4184582384" visible="true" version="1" changeset="39303439" timestamp="2016-05-14T01:42:48Z" user="mcheckimport" uid="893327" lat="41.1001682" lon="16.8662034"/>
 <node id="4184582421" visible="true" version="1" changeset="39303439" timestamp="2016-05-14T01:42:50Z" user="mcheckimport" uid="893327" lat="41.1001780" lon="16.8661316"/>
 <node id="4184582422" visible="true" version="1" changeset="39303439" timestamp="2016-05-14T01:42:50Z" user="mcheckimport" uid="893327" lat="41.1001786" lon="16.8661198"/>
 <node id="4184582451" visible="true" version="1" changeset="39303439" timestamp="2016-05-14T01:42:52Z" user="mcheckimport" uid="893327" lat="41.1001948" lon="16.8662963"/>
 <node id="4184582486" visible="true" version="1" changeset="39303439" timestamp="2016-05-14T01:42:54Z" user="mcheckimport" uid="893327" lat="41.1002081" lon="16.8662975"/>
 <node id="4184582512" visible="true" version="1" changeset="39303439" timestamp="2016-05-14T01:42:55Z" user="mcheckimport" uid="893327" lat="41.1002242" lon="16.8662989"/>
 <node id="4184582516" visible="true" version="1" changeset="39303439" timestamp="2016-05-14T01:42:55Z" user="mcheckimport" uid="893327" lat="41.1002276" lon="16.8662992"/>
 <node id="4184582519" visible="true" version="1" changeset="39303439" timestamp="2016-05-14T01:42:55Z" user="mcheckimport" uid="893327" lat="41.1002282" lon="16.8643761"/>
 <node id="4184582540" visible="true" version="1" changeset="39303439" timestamp="2016-05-14T01:42:57Z" user="mcheckimport" uid="893327" lat="41.1002350" lon="16.8662999"/>
 <node id="4184582541" visible="true" version="1" changeset="39303439" timestamp="2016-05-14T01:42:57Z" user="mcheckimport" uid="893327" lat="41.1002356" lon="16.8642651"/>
 <node id="4184582570" visible="true" version="1" changeset="39303439" timestamp="2016-05-14T01:42:58Z" user="mcheckimport" uid="893327" lat="41.1002426" lon="16.8661370"/>
 <node id="4184582579" visible="true" version="1" changeset="39303439" timestamp="2016-05-14T01:42:59Z" user="mcheckimport" uid="893327" lat="41.1002468" lon="16.8661373"/>
 <node id="4184582580" visible="true" version="1" changeset="39303439" timestamp="2016-05-14T01:42:59Z" user="mcheckimport" uid="893327" lat="41.1002473" lon="16.8661267"/>
 <node id="4184582605" visible="true" version="1" changeset="39303439" timestamp="2016-05-14T01:43:00Z" user="mcheckimport" uid="893327" lat="41.1002569" lon="16.8663018"/>
 <node id="4184582613" visible="true" version="1" changeset="39303439" timestamp="2016-05-14T01:43:01Z" user="mcheckimport" uid="893327" lat="41.1002607" lon="16.8663022"/>
 <node id="4184582621" visible="true" version="1" changeset="39303439" timestamp="2016-05-14T01:43:01Z" user="mcheckimport" uid="893327" lat="41.1002660" lon="16.8661393"/>
 <node id="4184582624" visible="true" version="1" changeset="39303439" timestamp="2016-05-14T01:43:02Z" user="mcheckimport" uid="893327" lat="41.1002665" lon="16.8661283"/>
 <node id="4184582630" visible="true" version="1" changeset="39303439" timestamp="2016-05-14T01:43:02Z" user="mcheckimport" uid="893327" lat="41.1002679" lon="16.8663028"/>
 <node id="4184582636" visible="true" version="1" changeset="39303439" timestamp="2016-05-14T01:43:03Z" user="mcheckimport" uid="893327" lat="41.1002700" lon="16.8641888"/>
 <node id="4184582646" visible="true" version="1" changeset="39303439" timestamp="2016-05-14T01:43:03Z" user="mcheckimport" uid="893327" lat="41.1002732" lon="16.8639820"/>
 <node id="4184582647" visible="true" version="1" changeset="39303439" timestamp="2016-05-14T01:43:03Z" user="mcheckimport" uid="893327" lat="41.1002733" lon="16.8641892"/>
 <node id="4184582653" visible="true" version="1" changeset="39303439" timestamp="2016-05-14T01:43:04Z" user="mcheckimport" uid="893327" lat="41.1002769" lon="16.8639223"/>
 <node id="4184582656" visible="true" version="1" changeset="39303439" timestamp="2016-05-14T01:43:04Z" user="mcheckimport" uid="893327" lat="41.1002776" lon="16.8642693"/>
 <node id="4184582658" visible="true" version="1" changeset="39303439" timestamp="2016-05-14T01:43:04Z" user="mcheckimport" uid="893327" lat="41.1002782" lon="16.8640587"/>
 <node id="4184582659" visible="true" version="1" changeset="39303439" timestamp="2016-05-14T01:43:04Z" user="mcheckimport" uid="893327" lat="41.1002783" lon="16.8638985"/>
 <node id="4184582665" visible="true" version="1" changeset="39303439" timestamp="2016-05-14T01:43:04Z" user="mcheckimport" uid="893327" lat="41.1002795" lon="16.8663037"/>
 <node id="4184582667" visible="true" version="1" changeset="39303439" timestamp="2016-05-14T01:43:05Z" user="mcheckimport" uid="893327" lat="41.1002802" lon="16.8640589"/>
 <node id="4184582676" visible="true" version="1" changeset="39303439" timestamp="2016-05-14T01:43:05Z" user="mcheckimport" uid="893327" lat="41.1002823" lon="16.8641901"/>
 <node id="4184582684" visible="true" version="1" changeset="39303439" timestamp="2016-05-14T01:43:07Z" user="mcheckimport" uid="893327" lat="41.1002858" lon="16.8639232"/>
 <node id="4184582686" visible="true" version="1" changeset="39303439" timestamp="2016-05-14T01:43:07Z" user="mcheckimport" uid="893327" lat="41.1002872" lon="16.8638995"/>
 <node id="4184582688" visible="true" version="1" changeset="39303439" timestamp="2016-05-14T01:43:08Z" user="mcheckimport" uid="893327" lat="41.1002874" lon="16.8637513"/>
 <node id="4184582694" visible="true" version="1" changeset="39303439" timestamp="2016-05-14T01:43:08Z" user="mcheckimport" uid="893327" lat="41.1002888" lon="16.8639831"/>
 <node id="4184582695" visible="true" version="1" changeset="39303439" timestamp="2016-05-14T01:43:08Z" user="mcheckimport" uid="893327" lat="41.1002889" lon="16.8637276"/>
 <node id="4184582697" visible="true" version="1" changeset="39303439" timestamp="2016-05-14T01:43:08Z" user="mcheckimport" uid="893327" lat="41.1002891" lon="16.8663045"/>
 <node id="4184582700" visible="true" version="1" changeset="39303439" timestamp="2016-05-14T01:43:08Z" user="mcheckimport" uid="893327" lat="41.1002902" lon="16.8640599"/>
 <node id="4184582707" visible="true" version="1" changeset="39303439" timestamp="2016-05-14T01:43:09Z" user="mcheckimport" uid="893327" lat="41.1002947" lon="16.8639840"/>
 <node id="4184582709" visible="true" version="1" changeset="39303439" timestamp="2016-05-14T01:43:09Z" user="mcheckimport" uid="893327" lat="41.1002954" lon="16.8663050"/>
 <node id="4184582712" visible="true" version="1" changeset="39303439" timestamp="2016-05-14T01:43:09Z" user="mcheckimport" uid="893327" lat="41.1002964" lon="16.8637522"/>
 <node id="4184582715" visible="true" version="1" changeset="39303439" timestamp="2016-05-14T01:43:09Z" user="mcheckimport" uid="893327" lat="41.1002977" lon="16.8662576"/>
 <node id="4184582716" visible="true" version="1" changeset="39303439" timestamp="2016-05-14T01:43:09Z" user="mcheckimport" uid="893327" lat="41.1002978" lon="16.8637285"/>
 <node id="4184582717" visible="true" version="1" changeset="39303439" timestamp="2016-05-14T01:43:09Z" user="mcheckimport" uid="893327" lat="41.1002981" lon="16.8635710"/>
 <node id="4184582723" visible="true" version="1" changeset="39303439" timestamp="2016-05-14T01:43:10Z" user="mcheckimport" uid="893327" lat="41.1003002" lon="16.8635349"/>
 <node id="4184582726" visible="true" version="1" changeset="39303439" timestamp="2016-05-14T01:43:10Z" user="mcheckimport" uid="893327" lat="41.1003005" lon="16.8644378"/>
 <node id="4184582730" visible="true" version="1" changeset="39303439" timestamp="2016-05-14T01:43:10Z" user="mcheckimport" uid="893327" lat="41.1003010" lon="16.8635201"/>
 <node id="4184582738" visible="true" version="1" changeset="39303439" timestamp="2016-05-14T01:43:11Z" user="mcheckimport" uid="893327" lat="41.1003025" lon="16.8657489"/>
 <node id="4184582744" visible="true" version="1" changeset="39303439" timestamp="2016-05-14T01:43:11Z" user="mcheckimport" uid="893327" lat="41.1003033" lon="16.8656589"/>
 <node id="4184582745" visible="true" version="1" changeset="39303439" timestamp="2016-05-14T01:43:11Z" user="mcheckimport" uid="893327" lat="41.1003034" lon="16.8655575"/>
 <node id="4184582747" visible="true" version="1" changeset="39303439" timestamp="2016-05-14T01:43:11Z" user="mcheckimport" uid="893327" lat="41.1003036" lon="16.8643846"/>
 <node id="4184582750" visible="true" version="1" changeset="39303439" timestamp="2016-05-14T01:43:11Z" user="mcheckimport" uid="893327" lat="41.1003040" lon="16.8656816"/>
 <node id="4184582755" visible="true" version="1" changeset="39303439" timestamp="2016-05-14T01:43:12Z" user="mcheckimport" uid="893327" lat="41.1003049" lon="16.8655927"/>
 <node id="4184582760" visible="true" version="1" changeset="39303439" timestamp="2016-05-14T01:43:12Z" user="mcheckimport" uid="893327" lat="41.1003072" lon="16.8643339"/>
 <node id="4184582761" visible="true" version="1" changeset="39303439" timestamp="2016-05-14T01:43:12Z" user="mcheckimport" uid="893327" lat="41.1003075" lon="16.8634092"/>
 <node id="4184582774" visible="true" version="1" changeset="39303439" timestamp="2016-05-14T01:43:13Z" user="mcheckimport" uid="893327" lat="41.1003116" lon="16.8642727"/>
 <node id="4184582775" visible="true" version="1" changeset="39303439" timestamp="2016-05-14T01:43:13Z" user="mcheckimport" uid="893327" lat="41.1003118" lon="16.8650014"/>
 <node id="4184582813" visible="true" version="2" changeset="169898598" timestamp="2025-08-03T10:59:22Z" user="Alexis04132" uid="20509407" lat="41.1003353" lon="16.8629522"/>
 <node id="4184582822" visible="true" version="1" changeset="39303439" timestamp="2016-05-14T01:43:16Z" user="mcheckimport" uid="893327" lat="41.1003304" lon="16.8662725"/>
 <node id="4184582826" visible="true" version="1" changeset="39303439" timestamp="2016-05-14T01:43:17Z" user="mcheckimport" uid="893327" lat="41.1003309" lon="16.8662604"/>
 <node id="4184582842" visible="true" version="1" changeset="39303439" timestamp="2016-05-14T01:43:17Z" user="mcheckimport" uid="893327" lat="41.1003347" lon="16.8661450"/>
 <node id="4184582844" visible="true" version="1" changeset="39303439" timestamp="2016-05-14T01:43:18Z" user="mcheckimport" uid="893327" lat="41.1003353" lon="16.8661332"/>
 <node id="4184582852" visible="true" version="1" changeset="39303439" timestamp="2016-05-14T01:43:18Z" user="mcheckimport" uid="893327" lat="41.1003370" lon="16.8655584"/>
 <node id="4184582853" visible="true" version="1" changeset="39303439" timestamp="2016-05-14T01:43:18Z" user="mcheckimport" uid="893327" lat="41.1003373" lon="16.8655376"/>
 <node id="4184582855" visible="true" version="1" changeset="39303439" timestamp="2016-05-14T01:43:18Z" user="mcheckimport" uid="893327" lat="41.1003376" lon="16.8655187"/>
 <node id="4184582872" visible="true" version="2" changeset="169898598" timestamp="2025-08-03T10:59:22Z" user="Alexis04132" uid="20509407" lat="41.1003524" lon="16.8626404"/>
 <node id="4184582884" visible="true" version="1" changeset="39303439" timestamp="2016-05-14T01:43:20Z" user="mcheckimport" uid="893327" lat="41.1003465" lon="16.8662738"/>
 <node id="4184582890" visible="true" version="1" changeset="39303439" timestamp="2016-05-14T01:43:21Z" user="mcheckimport" uid="893327" lat="41.1003492" lon="16.8662185"/>
 <node id="4184582893" visible="true" version="1" changeset="39303439" timestamp="2016-05-14T01:43:21Z" user="mcheckimport" uid="893327" lat="41.1003510" lon="16.8661801"/>
 <node id="4184582896" visible="true" version="1" changeset="39303439" timestamp="2016-05-14T01:43:21Z" user="mcheckimport" uid="893327" lat="41.1003532" lon="16.8661347"/>
 <node id="4184582899" visible="true" version="1" changeset="39303439" timestamp="2016-05-14T01:43:21Z" user="mcheckimport" uid="893327" lat="41.1003547" lon="16.8644786"/>
 <node id="4184582904" visible="true" version="1" changeset="39303439" timestamp="2016-05-14T01:43:22Z" user="mcheckimport" uid="893327" lat="41.1003562" lon="16.8661216"/>
 <node id="4184582909" visible="true" version="1" changeset="39303439" timestamp="2016-05-14T01:43:22Z" user="mcheckimport" uid="893327" lat="41.1003568" lon="16.8644436"/>
 <node id="4184582918" visible="true" version="1" changeset="39303439" timestamp="2016-05-14T01:43:22Z" user="mcheckimport" uid="893327" lat="41.1003613" lon="16.8655382"/>
 <node id="4184582919" visible="true" version="1" changeset="39303439" timestamp="2016-05-14T01:43:23Z" user="mcheckimport" uid="893327" lat="41.1003616" lon="16.8655194"/>
 <node id="4184582926" visible="true" version="1" changeset="39303439" timestamp="2016-05-14T01:43:23Z" user="mcheckimport" uid="893327" lat="41.1003652" lon="16.8643635"/>
 <node id="4184582937" visible="true" version="1" changeset="39303439" timestamp="2016-05-14T01:43:24Z" user="mcheckimport" uid="893327" lat="41.1003681" lon="16.8642795"/>
 <node id="4184582965" visible="true" version="1" changeset="39303439" timestamp="2016-05-14T01:43:25Z" user="mcheckimport" uid="893327" lat="41.1003805" lon="16.8642802"/>
 <node id="4184582979" visible="true" version="1" changeset="39303439" timestamp="2016-05-14T01:43:26Z" user="mcheckimport" uid="893327" lat="41.1003869" lon="16.8641713"/>
 <node id="4184582980" visible="true" version="1" changeset="39303439" timestamp="2016-05-14T01:43:26Z" user="mcheckimport" uid="893327" lat="41.1003872" lon="16.8641664"/>
 <node id="4184582987" visible="true" version="1" changeset="39303439" timestamp="2016-05-14T01:43:26Z" user="mcheckimport" uid="893327" lat="41.1003907" lon="16.8641067"/>
 <node id="4184582988" visible="true" version="1" changeset="39303439" timestamp="2016-05-14T01:43:26Z" user="mcheckimport" uid="893327" lat="41.1003909" lon="16.8661826"/>
 <node id="4184582989" visible="true" version="1" changeset="39303439" timestamp="2016-05-14T01:43:27Z" user="mcheckimport" uid="893327" lat="41.1003910" lon="16.8641019"/>
 <node id="4184582991" visible="true" version="1" changeset="39303439" timestamp="2016-05-14T01:43:27Z" user="mcheckimport" uid="893327" lat="41.1003912" lon="16.8661763"/>
 <node id="4184582992" visible="true" version="1" changeset="39303439" timestamp="2016-05-14T01:43:27Z" user="mcheckimport" uid="893327" lat="41.1003917" lon="16.8639931"/>
 <node id="4184582995" visible="true" version="1" changeset="39303439" timestamp="2016-05-14T01:43:27Z" user="mcheckimport" uid="893327" lat="41.1003928" lon="16.8661765"/>
 <node id="4184582997" visible="true" version="1" changeset="39303439" timestamp="2016-05-14T01:43:27Z" user="mcheckimport" uid="893327" lat="41.1003929" lon="16.8661297"/>
 <node id="4184582998" visible="true" version="1" changeset="39303439" timestamp="2016-05-14T01:43:27Z" user="mcheckimport" uid="893327" lat="41.1003931" lon="16.8661254"/>
 <node id="4184583004" visible="true" version="1" changeset="39303439" timestamp="2016-05-14T01:43:27Z" user="mcheckimport" uid="893327" lat="41.1003949" lon="16.8661298"/>
 <node id="4184583009" visible="true" version="1" changeset="39303439" timestamp="2016-05-14T01:43:28Z" user="mcheckimport" uid="893327" lat="41.1003973" lon="16.8639938"/>
 <node id="4184583015" visible="true" version="1" changeset="39303439" timestamp="2016-05-14T01:43:28Z" user="mcheckimport" uid="893327" lat="41.1004004" lon="16.8659436"/>
 <node id="4184583016" visible="true" version="1" changeset="39303439" timestamp="2016-05-14T01:43:28Z" user="mcheckimport" uid="893327" lat="41.1004006" lon="16.8659386"/>
 <node id="4184583019" visible="true" version="1" changeset="39303439" timestamp="2016-05-14T01:43:28Z" user="mcheckimport" uid="893327" lat="41.1004022" lon="16.8659387"/>
 <node id="4184583020" visible="true" version="1" changeset="39303439" timestamp="2016-05-14T01:43:28Z" user="mcheckimport" uid="893327" lat="41.1004023" lon="16.8658891"/>
 <node id="4184583021" visible="true" version="1" changeset="39303439" timestamp="2016-05-14T01:43:28Z" user="mcheckimport" uid="893327" lat="41.1004025" lon="16.8659327"/>
 <node id="4184583022" visible="true" version="1" changeset="39303439" timestamp="2016-05-14T01:43:28Z" user="mcheckimport" uid="893327" lat="41.1004026" lon="16.8658833"/>
 <node id="4184583031" visible="true" version="1" changeset="39303439" timestamp="2016-05-14T01:43:29Z" user="mcheckimport" uid="893327" lat="41.1004045" lon="16.8658893"/>
 <node id="4184583033" visible="true" version="1" changeset="39303439" timestamp="2016-05-14T01:43:29Z" user="mcheckimport" uid="893327" lat="41.1004052" lon="16.8659440"/>
 <node id="4184583035" visible="true" version="1" changeset="39303439" timestamp="2016-05-14T01:43:29Z" user="mcheckimport" uid="893327" lat="41.1004053" lon="16.8659424"/>
 <node id="4184583037" visible="true" version="1" changeset="39303439" timestamp="2016-05-14T01:43:29Z" user="mcheckimport" uid="893327" lat="41.1004055" lon="16.8645099"/>
 <node id="4184583038" visible="true" version="1" changeset="39303439" timestamp="2016-05-14T01:43:29Z" user="mcheckimport" uid="893327" lat="41.1004058" lon="16.8637052"/>
 <node id="4184583046" visible="true" version="1" changeset="39303439" timestamp="2016-05-14T01:43:30Z" user="mcheckimport" uid="893327" lat="41.1004071" lon="16.8644840"/>
 <node id="4184583048" visible="true" version="1" changeset="39303439" timestamp="2016-05-14T01:43:30Z" user="mcheckimport" uid="893327" lat="41.1004080" lon="16.8637057"/>
 <node id="4184583049" visible="true" version="1" changeset="39303439" timestamp="2016-05-14T01:43:30Z" user="mcheckimport" uid="893327" lat="41.1004083" lon="16.8636596"/>
 <node id="4184583050" visible="true" version="1" changeset="39303439" timestamp="2016-05-14T01:43:30Z" user="mcheckimport" uid="893327" lat="41.1004085" lon="16.8658838"/>
 <node id="4184583051" visible="true" version="1" changeset="39303439" timestamp="2016-05-14T01:43:30Z" user="mcheckimport" uid="893327" lat="41.1004085" lon="16.8658853"/>
 <node id="4184583066" visible="true" version="1" changeset="39303439" timestamp="2016-05-14T01:43:31Z" user="mcheckimport" uid="893327" lat="41.1004155" lon="16.8657533"/>
 <node id="4184583069" visible="true" version="1" changeset="39303439" timestamp="2016-05-14T01:43:31Z" user="mcheckimport" uid="893327" lat="41.1004170" lon="16.8656860"/>
 <node id="4184583071" visible="true" version="1" changeset="39303439" timestamp="2016-05-14T01:43:31Z" user="mcheckimport" uid="893327" lat="41.1004175" lon="16.8655159"/>
 <node id="4184583072" visible="true" version="1" changeset="39303439" timestamp="2016-05-14T01:43:31Z" user="mcheckimport" uid="893327" lat="41.1004175" lon="16.8655209"/>
 <node id="4184583074" visible="true" version="1" changeset="39303439" timestamp="2016-05-14T01:43:31Z" user="mcheckimport" uid="893327" lat="41.1004178" lon="16.8656638"/>
 <node id="4184583077" visible="true" version="1" changeset="39303439" timestamp="2016-05-14T01:43:32Z" user="mcheckimport" uid="893327" lat="41.1004189" lon="16.8634676"/>
 <node id="4184583078" visible="true" version="1" changeset="39303439" timestamp="2016-05-14T01:43:32Z" user="mcheckimport" uid="893327" lat="41.1004193" lon="16.8635754"/>
 <node id="4184583080" visible="true" version="1" changeset="39303439" timestamp="2016-05-14T01:43:32Z" user="mcheckimport" uid="893327" lat="41.1004194" lon="16.8655976"/>
 <node id="4184583085" visible="true" version="1" changeset="39303439" timestamp="2016-05-14T01:43:32Z" user="mcheckimport" uid="893327" lat="41.1004204" lon="16.8635538"/>
 <node id="4184583087" visible="true" version="1" changeset="39303439" timestamp="2016-05-14T01:43:32Z" user="mcheckimport" uid="893327" lat="41.1004207" lon="16.8634205"/>
 <node id="4184583088" visible="true" version="1" changeset="39303439" timestamp="2016-05-14T01:43:32Z" user="mcheckimport" uid="893327" lat="41.1004208" lon="16.8661265"/>
 <node id="4184583098" visible="true" version="1" changeset="39303439" timestamp="2016-05-14T01:43:33Z" user="mcheckimport" uid="893327" lat="41.1004224" lon="16.8636609"/>
 <node id="4184583112" visible="true" version="1" changeset="39303439" timestamp="2016-05-14T01:43:34Z" user="mcheckimport" uid="893327" lat="41.1004238" lon="16.8655160"/>
 <node id="4184583114" visible="true" version="1" changeset="39303439" timestamp="2016-05-14T01:43:34Z" user="mcheckimport" uid="893327" lat="41.1004240" lon="16.8660560"/>
 <node id="4184583122" visible="true" version="1" changeset="39303439" timestamp="2016-05-14T01:43:34Z" user="mcheckimport" uid="893327" lat="41.1004258" lon="16.8660147"/>
 <node id="4184583123" visible="true" version="1" changeset="39303439" timestamp="2016-05-14T01:43:34Z" user="mcheckimport" uid="893327" lat="41.1004259" lon="16.8650044"/>
 <node id="4184583124" visible="true" version="1" changeset="39303439" timestamp="2016-05-14T01:43:34Z" user="mcheckimport" uid="893327" lat="41.1004259" lon="16.8650093"/>
 <node id="4184583127" visible="true" version="1" changeset="39303439" timestamp="2016-05-14T01:43:34Z" user="mcheckimport" uid="893327" lat="41.1004264" lon="16.8641694"/>
 <node id="4184583131" visible="true" version="1" changeset="39303439" timestamp="2016-05-14T01:43:35Z" user="mcheckimport" uid="893327" lat="41.1004276" lon="16.8635765"/>
 <node id="4184583133" visible="true" version="1" changeset="39303439" timestamp="2016-05-14T01:43:35Z" user="mcheckimport" uid="893327" lat="41.1004281" lon="16.8635540"/>
 <node id="4184583134" visible="true" version="1" changeset="39303439" timestamp="2016-05-14T01:43:35Z" user="mcheckimport" uid="893327" lat="41.1004284" lon="16.8652125"/>
 <node id="4184583135" visible="true" version="1" changeset="39303439" timestamp="2016-05-14T01:43:35Z" user="mcheckimport" uid="893327" lat="41.1004290" lon="16.8659443"/>
 <node id="4184583138" visible="true" version="1" changeset="39303439" timestamp="2016-05-14T01:43:35Z" user="mcheckimport" uid="893327" lat="41.1004299" lon="16.8635238"/>
 <node id="4184583139" visible="true" version="1" changeset="39303439" timestamp="2016-05-14T01:43:35Z" user="mcheckimport" uid="893327" lat="41.1004299" lon="16.8641112"/>
 <node id="4184583147" visible="true" version="1" changeset="39303439" timestamp="2016-05-14T01:43:36Z" user="mcheckimport" uid="893327" lat="41.1004315" lon="16.8650095"/>
 <node id="4184583162" visible="true" version="1" changeset="39303439" timestamp="2016-05-14T01:43:37Z" user="mcheckimport" uid="893327" lat="41.1004331" lon="16.8634686"/>
 <node id="4184583245" visible="true" version="1" changeset="39303439" timestamp="2016-05-14T01:43:43Z" user="mcheckimport" uid="893327" lat="41.1004630" lon="16.8645537"/>
 <node id="4184583246" visible="true" version="1" changeset="39303439" timestamp="2016-05-14T01:43:43Z" user="mcheckimport" uid="893327" lat="41.1004632" lon="16.8645145"/>
 <node id="4184583254" visible="true" version="1" changeset="39303439" timestamp="2016-05-14T01:43:44Z" user="mcheckimport" uid="893327" lat="41.1004648" lon="16.8645146"/>
 <node id="4184583316" visible="true" version="1" changeset="39303439" timestamp="2016-05-14T01:43:47Z" user="mcheckimport" uid="893327" lat="41.1004888" lon="16.8645558"/>
 <node id="4184583318" visible="true" version="1" changeset="39303439" timestamp="2016-05-14T01:43:48Z" user="mcheckimport" uid="893327" lat="41.1004906" lon="16.8645166"/>
 <node id="4184583322" visible="true" version="1" changeset="39303439" timestamp="2016-05-14T01:43:48Z" user="mcheckimport" uid="893327" lat="41.1004926" lon="16.8645168"/>
 <node id="4184583345" visible="true" version="1" changeset="39303439" timestamp="2016-05-14T01:43:49Z" user="mcheckimport" uid="893327" lat="41.1005037" lon="16.8633568"/>
 <node id="4184583360" visible="true" version="1" changeset="39303439" timestamp="2016-05-14T01:43:50Z" user="mcheckimport" uid="893327" lat="41.1005082" lon="16.8632784"/>
 <node id="4184583366" visible="true" version="1" changeset="39303439" timestamp="2016-05-14T01:43:50Z" user="mcheckimport" uid="893327" lat="41.1005105" lon="16.8661921"/>
 <node id="4184583367" visible="true" version="1" changeset="39303439" timestamp="2016-05-14T01:43:50Z" user="mcheckimport" uid="893327" lat="41.1005106" lon="16.8632358"/>
 <node id="4184583377" visible="true" version="1" changeset="39303439" timestamp="2016-05-14T01:43:51Z" user="mcheckimport" uid="893327" lat="41.1005159" lon="16.8660742"/>
 <node id="4184583378" visible="true" version="1" changeset="39303439" timestamp="2016-05-14T01:43:51Z" user="mcheckimport" uid="893327" lat="41.1005164" lon="16.8660635"/>
 <node id="4184583381" visible="true" version="1" changeset="39303439" timestamp="2016-05-14T01:43:51Z" user="mcheckimport" uid="893327" lat="41.1005183" lon="16.8660211"/>
 <node id="4184583383" visible="true" version="1" changeset="39303439" timestamp="2016-05-14T01:43:51Z" user="mcheckimport" uid="893327" lat="41.1005190" lon="16.8653929"/>
 <node id="4184583388" visible="true" version="1" changeset="39303439" timestamp="2016-05-14T01:43:52Z" user="mcheckimport" uid="893327" lat="41.1005240" lon="16.8658945"/>
 <node id="4184583389" visible="true" version="1" changeset="39303439" timestamp="2016-05-14T01:43:52Z" user="mcheckimport" uid="893327" lat="41.1005242" lon="16.8651315"/>
 <node id="4184583414" visible="true" version="1" changeset="39303439" timestamp="2016-05-14T01:43:54Z" user="mcheckimport" uid="893327" lat="41.1005412" lon="16.8632817"/>
 <node id="4184583422" visible="true" version="1" changeset="39303439" timestamp="2016-05-14T01:43:54Z" user="mcheckimport" uid="893327" lat="41.1005436" lon="16.8632390"/>
 <node id="4184583425" visible="true" version="1" changeset="39303439" timestamp="2016-05-14T01:43:54Z" user="mcheckimport" uid="893327" lat="41.1005445" lon="16.8632244"/>
 <node id="4184583468" visible="true" version="1" changeset="39303439" timestamp="2016-05-14T01:43:57Z" user="mcheckimport" uid="893327" lat="41.1005696" lon="16.8643804"/>
 <node id="4184583485" visible="true" version="1" changeset="39303439" timestamp="2016-05-14T01:43:58Z" user="mcheckimport" uid="893327" lat="41.1005775" lon="16.8632337"/>
 <node id="4184583486" visible="true" version="1" changeset="39303439" timestamp="2016-05-14T01:43:58Z" user="mcheckimport" uid="893327" lat="41.1005778" lon="16.8632277"/>
 <node id="4184583590" visible="true" version="1" changeset="39303439" timestamp="2016-05-14T01:43:58Z" user="mcheckimport" uid="893327" lat="41.1005808" lon="16.8655567"/>
 <node id="4184583594" visible="true" version="1" changeset="39303439" timestamp="2016-05-14T01:43:58Z" user="mcheckimport" uid="893327" lat="41.1005814" lon="16.8666662"/>
 <node id="4184583599" visible="true" version="1" changeset="39303439" timestamp="2016-05-14T01:43:59Z" user="mcheckimport" uid="893327" lat="41.1005841" lon="16.8643841"/>
 <node id="4184583600" visible="true" version="1" changeset="39303439" timestamp="2016-05-14T01:43:59Z" user="mcheckimport" uid="893327" lat="41.1005842" lon="16.8654185"/>
 <node id="4184583601" visible="true" version="1" changeset="39303439" timestamp="2016-05-14T01:43:59Z" user="mcheckimport" uid="893327" lat="41.1005842" lon="16.8666018"/>
 <node id="4184583603" visible="true" version="1" changeset="39303439" timestamp="2016-05-14T01:43:59Z" user="mcheckimport" uid="893327" lat="41.1005844" lon="16.8643816"/>
 <node id="4184583616" visible="true" version="1" changeset="39303439" timestamp="2016-05-14T01:44:00Z" user="mcheckimport" uid="893327" lat="41.1005887" lon="16.8651130"/>
 <node id="4184583619" visible="true" version="1" changeset="39303439" timestamp="2016-05-14T01:44:00Z" user="mcheckimport" uid="893327" lat="41.1005900" lon="16.8663978"/>
 <node id="4184583622" visible="true" version="1" changeset="39303439" timestamp="2016-05-14T01:44:00Z" user="mcheckimport" uid="893327" lat="41.1005911" lon="16.8649709"/>
 <node id="4184583623" visible="true" version="1" changeset="39303439" timestamp="2016-05-14T01:44:00Z" user="mcheckimport" uid="893327" lat="41.1005911" lon="16.8663708"/>
 <node id="4184583627" visible="true" version="1" changeset="39303439" timestamp="2016-05-14T01:44:01Z" user="mcheckimport" uid="893327" lat="41.1005929" lon="16.8663980"/>
 <node id="4184583630" visible="true" version="1" changeset="39303439" timestamp="2016-05-14T01:44:01Z" user="mcheckimport" uid="893327" lat="41.1005936" lon="16.8654189"/>
 <node id="4184583631" visible="true" version="1" changeset="39303439" timestamp="2016-05-14T01:44:01Z" user="mcheckimport" uid="893327" lat="41.1005941" lon="16.8653961"/>
 <node id="4184583633" visible="true" version="1" changeset="39303439" timestamp="2016-05-14T01:44:01Z" user="mcheckimport" uid="893327" lat="41.1005945" lon="16.8663710"/>
 <node id="4184583636" visible="true" version="1" changeset="39303439" timestamp="2016-05-14T01:44:01Z" user="mcheckimport" uid="893327" lat="41.1005962" lon="16.8643850"/>
 <node id="4184583638" visible="true" version="1" changeset="39303439" timestamp="2016-05-14T01:44:02Z" user="mcheckimport" uid="893327" lat="41.1005972" lon="16.8651337"/>
 <node id="4184583640" visible="true" version="1" changeset="39303439" timestamp="2016-05-14T01:44:02Z" user="mcheckimport" uid="893327" lat="41.1005978" lon="16.8651125"/>
 <node id="4184583646" visible="true" version="1" changeset="39303439" timestamp="2016-05-14T01:44:02Z" user="mcheckimport" uid="893327" lat="41.1006014" lon="16.8662092"/>
 <node id="4184583663" visible="true" version="1" changeset="39303439" timestamp="2016-05-14T01:44:03Z" user="mcheckimport" uid="893327" lat="41.1006118" lon="16.8643861"/>
 <node id="4184583666" visible="true" version="1" changeset="39303439" timestamp="2016-05-14T01:44:04Z" user="mcheckimport" uid="893327" lat="41.1006125" lon="16.8643770"/>
 <node id="4184583696" visible="true" version="3" changeset="169898598" timestamp="2025-08-03T10:59:22Z" user="Alexis04132" uid="20509407" lat="41.1006327" lon="16.8593237"/>
 <node id="4184583719" visible="true" version="1" changeset="39303439" timestamp="2016-05-14T01:44:07Z" user="mcheckimport" uid="893327" lat="41.1006364" lon="16.8653062"/>
 <node id="4184583722" visible="true" version="1" changeset="39303439" timestamp="2016-05-14T01:44:07Z" user="mcheckimport" uid="893327" lat="41.1006382" lon="16.8652265"/>
 <node id="4184583744" visible="true" version="1" changeset="39303439" timestamp="2016-05-14T01:44:08Z" user="mcheckimport" uid="893327" lat="41.1006558" lon="16.8653292"/>
 <node id="4184583745" visible="true" version="1" changeset="39303439" timestamp="2016-05-14T01:44:08Z" user="mcheckimport" uid="893327" lat="41.1006563" lon="16.8653070"/>
 <node id="4184583748" visible="true" version="1" changeset="39303439" timestamp="2016-05-14T01:44:09Z" user="mcheckimport" uid="893327" lat="41.1006566" lon="16.8652272"/>
 <node id="4184583749" visible="true" version="1" changeset="39303439" timestamp="2016-05-14T01:44:09Z" user="mcheckimport" uid="893327" lat="41.1006571" lon="16.8652045"/>
 <node id="4184583764" visible="true" version="1" changeset="39303439" timestamp="2016-05-14T01:44:10Z" user="mcheckimport" uid="893327" lat="41.1006632" lon="16.8643794"/>
 <node id="4184583798" visible="true" version="1" changeset="39303439" timestamp="2016-05-14T01:44:15Z" user="mcheckimport" uid="893327" lat="41.1006807" lon="16.8663484"/>
 <node id="4184583799" visible="true" version="1" changeset="39303439" timestamp="2016-05-14T01:44:15Z" user="mcheckimport" uid="893327" lat="41.1006808" lon="16.8663456"/>
 <node id="4184583807" visible="true" version="1" changeset="39303439" timestamp="2016-05-14T01:44:16Z" user="mcheckimport" uid="893327" lat="41.1006864" lon="16.8662155"/>
 <node id="4184583813" visible="true" version="1" changeset="39303439" timestamp="2016-05-14T01:44:16Z" user="mcheckimport" uid="893327" lat="41.1006902" lon="16.8643807"/>
 <node id="4184583836" visible="true" version="1" changeset="39303439" timestamp="2016-05-14T01:44:18Z" user="mcheckimport" uid="893327" lat="41.1006994" lon="16.8666750"/>
 <node id="4184583840" visible="true" version="1" changeset="39303439" timestamp="2016-05-14T01:44:18Z" user="mcheckimport" uid="893327" lat="41.1007006" lon="16.8666478"/>
 <node id="4184583855" visible="true" version="1" changeset="39303439" timestamp="2016-05-14T01:44:19Z" user="mcheckimport" uid="893327" lat="41.1007071" lon="16.8663504"/>
 <node id="4184583856" visible="true" version="1" changeset="39303439" timestamp="2016-05-14T01:44:20Z" user="mcheckimport" uid="893327" lat="41.1007073" lon="16.8663457"/>
 <node id="4184583861" visible="true" version="1" changeset="39303439" timestamp="2016-05-14T01:44:20Z" user="mcheckimport" uid="893327" lat="41.1007091" lon="16.8663044"/>
 <node id="4184583880" visible="true" version="1" changeset="39303439" timestamp="2016-05-14T01:44:21Z" user="mcheckimport" uid="893327" lat="41.1007152" lon="16.8653315"/>
 <node id="4184583883" visible="true" version="1" changeset="39303439" timestamp="2016-05-14T01:44:21Z" user="mcheckimport" uid="893327" lat="41.1007156" lon="16.8653106"/>
 <node id="4184583884" visible="true" version="1" changeset="39303439" timestamp="2016-05-14T01:44:21Z" user="mcheckimport" uid="893327" lat="41.1007166" lon="16.8652296"/>
 <node id="4184583885" visible="true" version="1" changeset="39303439" timestamp="2016-05-14T01:44:21Z" user="mcheckimport" uid="893327" lat="41.1007171" lon="16.8652068"/>
 <node id="4184583886" visible="true" version="1" changeset="39303439" timestamp="2016-05-14T01:44:21Z" user="mcheckimport" uid="893327" lat="41.1007172" lon="16.8632474"/>
 <node id="4184583887" visible="true" version="1" changeset="39303439" timestamp="2016-05-14T01:44:21Z" user="mcheckimport" uid="893327" lat="41.1007175" lon="16.8632415"/>
 <node id="4184583993" visible="true" version="1" changeset="39303439" timestamp="2016-05-14T01:44:22Z" user="mcheckimport" uid="893327" lat="41.1007217" lon="16.8643822"/>
 <node id="4184583994" visible="true" version="1" changeset="39303439" timestamp="2016-05-14T01:44:22Z" user="mcheckimport" uid="893327" lat="41.1007217" lon="16.8643840"/>
 <node id="4184584033" visible="true" version="1" changeset="39303439" timestamp="2016-05-14T01:44:25Z" user="mcheckimport" uid="893327" lat="41.1007354" lon="16.8653114"/>
 <node id="4184584037" visible="true" version="1" changeset="39303439" timestamp="2016-05-14T01:44:25Z" user="mcheckimport" uid="893327" lat="41.1007372" lon="16.8652304"/>
 <node id="4184584038" visible="true" version="3" changeset="169898598" timestamp="2025-08-03T10:59:22Z" user="Alexis04132" uid="20509407" lat="41.1007440" lon="16.8593357"/>
 <node id="4184584053" visible="true" version="1" changeset="39303439" timestamp="2016-05-14T01:44:26Z" user="mcheckimport" uid="893327" lat="41.1007462" lon="16.8666512"/>
 <node id="4184584061" visible="true" version="1" changeset="39303439" timestamp="2016-05-14T01:44:27Z" user="mcheckimport" uid="893327" lat="41.1007507" lon="16.8632958"/>
 <node id="4184584065" visible="true" version="1" changeset="39303439" timestamp="2016-05-14T01:44:27Z" user="mcheckimport" uid="893327" lat="41.1007524" lon="16.8632588"/>
 <node id="4184584067" visible="true" version="1" changeset="39303439" timestamp="2016-05-14T01:44:27Z" user="mcheckimport" uid="893327" lat="41.1007531" lon="16.8632450"/>
 <node id="4184584075" visible="true" version="1" changeset="39303439" timestamp="2016-05-14T01:44:28Z" user="mcheckimport" uid="893327" lat="41.1007570" lon="16.8643874"/>
 <node id="4184584082" visible="true" version="3" changeset="169898598" timestamp="2025-08-03T10:59:22Z" user="Alexis04132" uid="20509407" lat="41.1007671" lon="16.8629894"/>
 <node id="4184584086" visible="true" version="1" changeset="39303439" timestamp="2016-05-14T01:44:28Z" user="mcheckimport" uid="893327" lat="41.1007608" lon="16.8663083"/>
 <node id="4184584111" visible="true" version="1" changeset="39303439" timestamp="2016-05-14T01:45:29Z" user="mcheckimport" uid="893327" lat="41.1011421" lon="16.8661283"/>
 <node id="4184584112" visible="true" version="1" changeset="39303439" timestamp="2016-05-14T01:45:29Z" user="mcheckimport" uid="893327" lat="41.1011424" lon="16.8664006"/>
 <node id="4184584114" visible="true" version="1" changeset="39303439" timestamp="2016-05-14T01:45:29Z" user="mcheckimport" uid="893327" lat="41.1011427" lon="16.8651110"/>
 <node id="4184584119" visible="true" version="1" changeset="39303439" timestamp="2016-05-14T01:45:29Z" user="mcheckimport" uid="893327" lat="41.1011442" lon="16.8664084"/>
 <node id="4184584121" visible="true" version="1" changeset="39303439" timestamp="2016-05-14T01:45:30Z" user="mcheckimport" uid="893327" lat="41.1011448" lon="16.8664009"/>
 <node id="4184584122" visible="true" version="1" changeset="39303439" timestamp="2016-05-14T01:45:30Z" user="mcheckimport" uid="893327" lat="41.1011454" lon="16.8660736"/>
 <node id="4184584123" visible="true" version="1" changeset="39303439" timestamp="2016-05-14T01:45:30Z" user="mcheckimport" uid="893327" lat="41.1011464" lon="16.8649989"/>
 <node id="4184584137" visible="true" version="1" changeset="39303439" timestamp="2016-05-14T01:45:31Z" user="mcheckimport" uid="893327" lat="41.1011504" lon="16.8659806"/>
 <node id="4184584141" visible="true" version="1" changeset="39303439" timestamp="2016-05-14T01:45:31Z" user="mcheckimport" uid="893327" lat="41.1011515" lon="16.8652987"/>
 <node id="4184584146" visible="true" version="1" changeset="39303439" timestamp="2016-05-14T01:45:31Z" user="mcheckimport" uid="893327" lat="41.1011526" lon="16.8651266"/>
 <node id="4184584148" visible="true" version="1" changeset="39303439" timestamp="2016-05-14T01:45:32Z" user="mcheckimport" uid="893327" lat="41.1011531" lon="16.8651116"/>
 <node id="4184584151" visible="true" version="1" changeset="39303439" timestamp="2016-05-14T01:45:32Z" user="mcheckimport" uid="893327" lat="41.1011540" lon="16.8652259"/>
 <node id="4184584152" visible="true" version="1" changeset="39303439" timestamp="2016-05-14T01:45:32Z" user="mcheckimport" uid="893327" lat="41.1011542" lon="16.8659252"/>
 <node id="4184584153" visible="true" version="1" changeset="39303439" timestamp="2016-05-14T01:45:32Z" user="mcheckimport" uid="893327" lat="41.1011544" lon="16.8660746"/>
 <node id="4184584156" visible="true" version="1" changeset="39303439" timestamp="2016-05-14T01:45:32Z" user="mcheckimport" uid="893327" lat="41.1011562" lon="16.8651273"/>
 <node id="4184584157" visible="true" version="1" changeset="39303439" timestamp="2016-05-14T01:45:32Z" user="mcheckimport" uid="893327" lat="41.1011568" lon="16.8649995"/>
 <node id="4184584160" visible="true" version="1" changeset="39303439" timestamp="2016-05-14T01:45:32Z" user="mcheckimport" uid="893327" lat="41.1011583" lon="16.8659219"/>
 <node id="4184584162" visible="true" version="1" changeset="39303439" timestamp="2016-05-14T01:45:33Z" user="mcheckimport" uid="893327" lat="41.1011590" lon="16.8659983"/>
 <node id="4184584165" visible="true" version="1" changeset="39303439" timestamp="2016-05-14T01:45:33Z" user="mcheckimport" uid="893327" lat="41.1011598" lon="16.8649081"/>
 <node id="4184584166" visible="true" version="1" changeset="39303439" timestamp="2016-05-14T01:45:33Z" user="mcheckimport" uid="893327" lat="41.1011601" lon="16.8659816"/>
 <node id="4184584168" visible="true" version="1" changeset="39303439" timestamp="2016-05-14T01:45:33Z" user="mcheckimport" uid="893327" lat="41.1011619" lon="16.8652262"/>
 <node id="4184584173" visible="true" version="1" changeset="39303439" timestamp="2016-05-14T01:45:33Z" user="mcheckimport" uid="893327" lat="41.1011652" lon="16.8651278"/>
 <node id="4184584174" visible="true" version="1" changeset="39303439" timestamp="2016-05-14T01:45:33Z" user="mcheckimport" uid="893327" lat="41.1011669" lon="16.8645702"/>
 <node id="4184584210" visible="true" version="1" changeset="39303439" timestamp="2016-05-14T01:44:30Z" user="mcheckimport" uid="893327" lat="41.1007704" lon="16.8654324"/>
 <node id="4184584216" visible="true" version="1" changeset="39303439" timestamp="2016-05-14T01:44:30Z" user="mcheckimport" uid="893327" lat="41.1007713" lon="16.8653994"/>
 <node id="4184584226" visible="true" version="1" changeset="39303439" timestamp="2016-05-14T01:44:31Z" user="mcheckimport" uid="893327" lat="41.1007732" lon="16.8654326"/>
 <node id="4184584227" visible="true" version="1" changeset="39303439" timestamp="2016-05-14T01:44:31Z" user="mcheckimport" uid="893327" lat="41.1007733" lon="16.8653996"/>
 <node id="4184584228" visible="true" version="1" changeset="39303439" timestamp="2016-05-14T01:44:31Z" user="mcheckimport" uid="893327" lat="41.1007734" lon="16.8643974"/>
 <node id="4184584233" visible="true" version="1" changeset="39303439" timestamp="2016-05-14T01:44:31Z" user="mcheckimport" uid="893327" lat="41.1007740" lon="16.8643891"/>
 <node id="4184584240" visible="true" version="2" changeset="169898598" timestamp="2025-08-03T10:59:22Z" user="Alexis04132" uid="20509407" lat="41.1007820" lon="16.8626840"/>
 <node id="4184584250" visible="true" version="1" changeset="39303439" timestamp="2016-05-14T01:44:32Z" user="mcheckimport" uid="893327" lat="41.1007791" lon="16.8655662"/>
 <node id="4184584253" visible="true" version="1" changeset="39303439" timestamp="2016-05-14T01:44:33Z" user="mcheckimport" uid="893327" lat="41.1007797" lon="16.8633840"/>
 <node id="4184584254" visible="true" version="1" changeset="39303439" timestamp="2016-05-14T01:44:33Z" user="mcheckimport" uid="893327" lat="41.1007797" lon="16.8651097"/>
 <node id="4184584255" visible="true" version="1" changeset="39303439" timestamp="2016-05-14T01:44:33Z" user="mcheckimport" uid="893327" lat="41.1007797" lon="16.8651400"/>
 <node id="4184584257" visible="true" version="1" changeset="39303439" timestamp="2016-05-14T01:44:33Z" user="mcheckimport" uid="893327" lat="41.1007805" lon="16.8654330"/>
 <node id="4184584268" visible="true" version="1" changeset="39303439" timestamp="2016-05-14T01:44:34Z" user="mcheckimport" uid="893327" lat="41.1007834" lon="16.8632990"/>
 <node id="4184584271" visible="true" version="1" changeset="39303439" timestamp="2016-05-14T01:44:34Z" user="mcheckimport" uid="893327" lat="41.1007844" lon="16.8651099"/>
 <node id="4184584273" visible="true" version="1" changeset="39303439" timestamp="2016-05-14T01:44:34Z" user="mcheckimport" uid="893327" lat="41.1007845" lon="16.8632992"/>
 <node id="4184584274" visible="true" version="1" changeset="39303439" timestamp="2016-05-14T01:44:34Z" user="mcheckimport" uid="893327" lat="41.1007849" lon="16.8632613"/>
 <node id="4184584391" visible="true" version="1" changeset="39303439" timestamp="2016-05-14T01:44:35Z" user="mcheckimport" uid="893327" lat="41.1007905" lon="16.8649806"/>
 <node id="4184584413" visible="true" version="1" changeset="39303439" timestamp="2016-05-14T01:44:36Z" user="mcheckimport" uid="893327" lat="41.1008002" lon="16.8645412"/>
 <node id="4184584419" visible="true" version="1" changeset="39303439" timestamp="2016-05-14T01:44:37Z" user="mcheckimport" uid="893327" lat="41.1008027" lon="16.8654022"/>
 <node id="4184584430" visible="true" version="1" changeset="39303439" timestamp="2016-05-14T01:44:38Z" user="mcheckimport" uid="893327" lat="41.1008068" lon="16.8643217"/>
 <node id="4184584431" visible="true" version="1" changeset="39303439" timestamp="2016-05-14T01:44:38Z" user="mcheckimport" uid="893327" lat="41.1008071" lon="16.8643148"/>
 <node id="4184584433" visible="true" version="1" changeset="39303439" timestamp="2016-05-14T01:44:38Z" user="mcheckimport" uid="893327" lat="41.1008077" lon="16.8644119"/>
 <node id="4184584434" visible="true" version="1" changeset="39303439" timestamp="2016-05-14T01:44:38Z" user="mcheckimport" uid="893327" lat="41.1008083" lon="16.8644006"/>
 <node id="4184584443" visible="true" version="1" changeset="39303439" timestamp="2016-05-14T01:44:39Z" user="mcheckimport" uid="893327" lat="41.1008122" lon="16.8642179"/>
 <node id="4184584453" visible="true" version="1" changeset="39303439" timestamp="2016-05-14T01:44:39Z" user="mcheckimport" uid="893327" lat="41.1008141" lon="16.8641815"/>
 <node id="4184584471" visible="true" version="1" changeset="39303439" timestamp="2016-05-14T01:44:41Z" user="mcheckimport" uid="893327" lat="41.1008209" lon="16.8640520"/>
 <node id="4184584482" visible="true" version="1" changeset="39303439" timestamp="2016-05-14T01:44:41Z" user="mcheckimport" uid="893327" lat="41.1008243" lon="16.8639871"/>
 <node id="4184584483" visible="true" version="1" changeset="39303439" timestamp="2016-05-14T01:44:41Z" user="mcheckimport" uid="893327" lat="41.1008246" lon="16.8639817"/>
 <node id="4184584594" visible="true" version="1" changeset="39303439" timestamp="2016-05-14T01:44:42Z" user="mcheckimport" uid="893327" lat="41.1008307" lon="16.8637519"/>
 <node id="4184584595" visible="true" version="1" changeset="39303439" timestamp="2016-05-14T01:44:42Z" user="mcheckimport" uid="893327" lat="41.1008313" lon="16.8636889"/>
 <node id="4184584596" visible="true" version="1" changeset="39303439" timestamp="2016-05-14T01:44:42Z" user="mcheckimport" uid="893327" lat="41.1008314" lon="16.8636853"/>
 <node id="4184584602" visible="true" version="1" changeset="39303439" timestamp="2016-05-14T01:44:43Z" user="mcheckimport" uid="893327" lat="41.1008330" lon="16.8638202"/>
 <node id="4184584605" visible="true" version="1" changeset="39303439" timestamp="2016-05-14T01:44:43Z" user="mcheckimport" uid="893327" lat="41.1008340" lon="16.8636891"/>
 <node id="4184584606" visible="true" version="1" changeset="39303439" timestamp="2016-05-14T01:44:43Z" user="mcheckimport" uid="893327" lat="41.1008342" lon="16.8637967"/>
 <node id="4184584609" visible="true" version="1" changeset="39303439" timestamp="2016-05-14T01:44:43Z" user="mcheckimport" uid="893327" lat="41.1008357" lon="16.8636032"/>
 <node id="4184584612" visible="true" version="1" changeset="39303439" timestamp="2016-05-14T01:44:44Z" user="mcheckimport" uid="893327" lat="41.1008365" lon="16.8637524"/>
 <node id="4184584616" visible="true" version="1" changeset="39303439" timestamp="2016-05-14T01:44:44Z" user="mcheckimport" uid="893327" lat="41.1008380" lon="16.8636034"/>
 <node id="4184584630" visible="true" version="1" changeset="39303439" timestamp="2016-05-14T01:44:45Z" user="mcheckimport" uid="893327" lat="41.1008415" lon="16.8635354"/>
 <node id="4184584638" visible="true" version="1" changeset="39303439" timestamp="2016-05-14T01:44:45Z" user="mcheckimport" uid="893327" lat="41.1008454" lon="16.8634617"/>
 <node id="4184584642" visible="true" version="1" changeset="39303439" timestamp="2016-05-14T01:44:45Z" user="mcheckimport" uid="893327" lat="41.1008471" lon="16.8651443"/>
 <node id="4184584643" visible="true" version="1" changeset="39303439" timestamp="2016-05-14T01:44:46Z" user="mcheckimport" uid="893327" lat="41.1008477" lon="16.8654063"/>
 <node id="4184584648" visible="true" version="1" changeset="39303439" timestamp="2016-05-14T01:44:46Z" user="mcheckimport" uid="893327" lat="41.1008510" lon="16.8652701"/>
 <node id="4184584649" visible="true" version="1" changeset="39303439" timestamp="2016-05-14T01:44:46Z" user="mcheckimport" uid="893327" lat="41.1008519" lon="16.8652323"/>
 <node id="4184584655" visible="true" version="1" changeset="39303439" timestamp="2016-05-14T01:44:46Z" user="mcheckimport" uid="893327" lat="41.1008541" lon="16.8651447"/>
 <node id="4184584895" visible="true" version="2" changeset="153196933" timestamp="2024-06-26T10:54:02Z" user="Alexis04132" uid="20509407" lat="41.1009026" lon="16.8650475"/>
 <node id="4184584899" visible="true" version="2" changeset="153196933" timestamp="2024-06-26T10:54:02Z" user="Alexis04132" uid="20509407" lat="41.1009030" lon="16.8649942"/>
 <node id="4184584947" visible="true" version="1" changeset="39303439" timestamp="2016-05-14T01:44:54Z" user="mcheckimport" uid="893327" lat="41.1009237" lon="16.8643324"/>
 <node id="4184584948" visible="true" version="2" changeset="153196933" timestamp="2024-06-26T10:54:02Z" user="Alexis04132" uid="20509407" lat="41.1009295" lon="16.8650478"/>
 <node id="4184584949" visible="true" version="3" changeset="148435796" timestamp="2024-03-09T18:48:13Z" user="Alexis04132" uid="20509407" lat="41.1009304" lon="16.8593568"/>
 <node id="4184584950" visible="true" version="2" changeset="153196933" timestamp="2024-06-26T10:54:02Z" user="Alexis04132" uid="20509407" lat="41.1009298" lon="16.8649946"/>
 <node id="4184584954" visible="true" version="1" changeset="39303439" timestamp="2016-05-14T01:44:54Z" user="mcheckimport" uid="893327" lat="41.1009292" lon="16.8642288"/>
 <node id="4184584957" visible="true" version="1" changeset="39303439" timestamp="2016-05-14T01:44:54Z" user="mcheckimport" uid="893327" lat="41.1009316" lon="16.8641811"/>
 <node id="4184584961" visible="true" version="1" changeset="39303439" timestamp="2016-05-14T01:44:55Z" user="mcheckimport" uid="893327" lat="41.1009348" lon="16.8641211"/>
 <node id="4184584963" visible="true" version="1" changeset="39303439" timestamp="2016-05-14T01:44:55Z" user="mcheckimport" uid="893327" lat="41.1009373" lon="16.8640734"/>
 <node id="4184584965" visible="true" version="1" changeset="39303439" timestamp="2016-05-14T01:44:55Z" user="mcheckimport" uid="893327" lat="41.1009387" lon="16.8640462"/>
 <node id="4184584970" visible="true" version="1" changeset="39303439" timestamp="2016-05-14T01:44:55Z" user="mcheckimport" uid="893327" lat="41.1009433" lon="16.8642301"/>
 <node id="4184584975" visible="true" version="1" changeset="39303439" timestamp="2016-05-14T01:44:55Z" user="mcheckimport" uid="893327" lat="41.1009458" lon="16.8641825"/>
 <node id="4184584977" visible="true" version="1" changeset="39303439" timestamp="2016-05-14T01:44:56Z" user="mcheckimport" uid="893327" lat="41.1009465" lon="16.8639229"/>
 <node id="4184584978" visible="true" version="1" changeset="39303439" timestamp="2016-05-14T01:44:56Z" user="mcheckimport" uid="893327" lat="41.1009467" lon="16.8639209"/>
 <node id="4184584980" visible="true" version="1" changeset="39303439" timestamp="2016-05-14T01:44:56Z" user="mcheckimport" uid="893327" lat="41.1009489" lon="16.8638859"/>
 <node id="4184584981" visible="true" version="1" changeset="39303439" timestamp="2016-05-14T01:44:56Z" user="mcheckimport" uid="893327" lat="41.1009490" lon="16.8638846"/>
 <node id="4184584982" visible="true" version="1" changeset="39303439" timestamp="2016-05-14T01:44:56Z" user="mcheckimport" uid="893327" lat="41.1009491" lon="16.8641224"/>
 <node id="4184584985" visible="true" version="1" changeset="39303439" timestamp="2016-05-14T01:44:56Z" user="mcheckimport" uid="893327" lat="41.1009516" lon="16.8640748"/>
 <node id="4184584998" visible="true" version="1" changeset="39303439" timestamp="2016-05-14T01:44:57Z" user="mcheckimport" uid="893327" lat="41.1009567" lon="16.8637617"/>
 <node id="4184585011" visible="true" version="1" changeset="39303439" timestamp="2016-05-14T01:44:58Z" user="mcheckimport" uid="893327" lat="41.1009634" lon="16.8639229"/>
 <node id="4184585013" visible="true" version="1" changeset="39303439" timestamp="2016-05-14T01:44:58Z" user="mcheckimport" uid="893327" lat="41.1009636" lon="16.8639194"/>
 <node id="4184585018" visible="true" version="1" changeset="39303439" timestamp="2016-05-14T01:44:58Z" user="mcheckimport" uid="893327" lat="41.1009653" lon="16.8638913"/>
 <node id="4184585019" visible="true" version="1" changeset="39303439" timestamp="2016-05-14T01:44:58Z" user="mcheckimport" uid="893327" lat="41.1009655" lon="16.8638879"/>
 <node id="4184585026" visible="true" version="1" changeset="39303439" timestamp="2016-05-14T01:44:59Z" user="mcheckimport" uid="893327" lat="41.1009684" lon="16.8635390"/>
 <node id="4184585040" visible="true" version="1" changeset="39303439" timestamp="2016-05-14T01:45:00Z" user="mcheckimport" uid="893327" lat="41.1009719" lon="16.8634733"/>
 <node id="4184585178" visible="true" version="2" changeset="148435796" timestamp="2024-03-09T18:48:13Z" user="Alexis04132" uid="20509407" lat="41.1010427" lon="16.8593657"/>
 <node id="4184585329" visible="true" version="1" changeset="39303439" timestamp="2016-05-14T01:45:15Z" user="mcheckimport" uid="893327" lat="41.1010620" lon="16.8664014"/>
 <node id="4184585347" visible="true" version="1" changeset="39303439" timestamp="2016-05-14T01:45:16Z" user="mcheckimport" uid="893327" lat="41.1010679" lon="16.8663249"/>
 <node id="4184585358" visible="true" version="1" changeset="39303439" timestamp="2016-05-14T01:45:17Z" user="mcheckimport" uid="893327" lat="41.1010752" lon="16.8663259"/>
 <node id="4184585359" visible="true" version="1" changeset="39303439" timestamp="2016-05-14T01:45:17Z" user="mcheckimport" uid="893327" lat="41.1010754" lon="16.8661978"/>
 <node id="4184585364" visible="true" version="1" changeset="39303439" timestamp="2016-05-14T01:45:17Z" user="mcheckimport" uid="893327" lat="41.1010766" lon="16.8663262"/>
 <node id="4184585373" visible="true" version="1" changeset="39303439" timestamp="2016-05-14T01:45:18Z" user="mcheckimport" uid="893327" lat="41.1010802" lon="16.8661220"/>
 <node id="4184585381" visible="true" version="1" changeset="39303439" timestamp="2016-05-14T01:45:19Z" user="mcheckimport" uid="893327" lat="41.1010828" lon="16.8662296"/>
 <node id="4184585385" visible="true" version="1" changeset="39303439" timestamp="2016-05-14T01:45:19Z" user="mcheckimport" uid="893327" lat="41.1010844" lon="16.8661988"/>
 <node id="4184585410" visible="true" version="1" changeset="39303439" timestamp="2016-05-14T01:45:21Z" user="mcheckimport" uid="893327" lat="41.1011022" lon="16.8664070"/>
 <node id="4184585413" visible="true" version="1" changeset="39303439" timestamp="2016-05-14T01:45:21Z" user="mcheckimport" uid="893327" lat="41.1011031" lon="16.8663951"/>
 <node id="4184585446" visible="true" version="1" changeset="39303439" timestamp="2016-05-14T01:45:24Z" user="mcheckimport" uid="893327" lat="41.1011210" lon="16.8663976"/>
 <node id="4184585599" visible="true" version="1" changeset="39303439" timestamp="2016-05-14T01:45:35Z" user="mcheckimport" uid="893327" lat="41.1011869" lon="16.8642229"/>
 <node id="4184585603" visible="true" version="1" changeset="39303439" timestamp="2016-05-14T01:45:35Z" user="mcheckimport" uid="893327" lat="41.1011906" lon="16.8664138"/>
 <node id="4184585605" visible="true" version="1" changeset="39303439" timestamp="2016-05-14T01:45:36Z" user="mcheckimport" uid="893327" lat="41.1011923" lon="16.8664093"/>
 <node id="4184585611" visible="true" version="1" changeset="39303439" timestamp="2016-05-14T01:45:36Z" user="mcheckimport" uid="893327" lat="41.1011961" lon="16.8640626"/>
 <node id="4184585612" visible="true" version="1" changeset="39303439" timestamp="2016-05-14T01:45:36Z" user="mcheckimport" uid="893327" lat="41.1011964" lon="16.8663535"/>
 <node id="4184585613" visible="true" version="1" changeset="39303439" timestamp="2016-05-14T01:45:36Z" user="mcheckimport" uid="893327" lat="41.1011966" lon="16.8659439"/>
 <node id="4184585614" visible="true" version="1" changeset="39303439" timestamp="2016-05-14T01:45:36Z" user="mcheckimport" uid="893327" lat="41.1011977" lon="16.8659278"/>
 <node id="4184585619" visible="true" version="1" changeset="39303439" timestamp="2016-05-14T01:45:37Z" user="mcheckimport" uid="893327" lat="41.1011998" lon="16.8639983"/>
 <node id="4184585620" visible="true" version="1" changeset="39303439" timestamp="2016-05-14T01:45:37Z" user="mcheckimport" uid="893327" lat="41.1012021" lon="16.8639585"/>
 <node id="4184585622" visible="true" version="1" changeset="39303439" timestamp="2016-05-14T01:45:37Z" user="mcheckimport" uid="893327" lat="41.1012029" lon="16.8639455"/>
 <node id="4184585623" visible="true" version="1" changeset="39303439" timestamp="2016-05-14T01:45:37Z" user="mcheckimport" uid="893327" lat="41.1012036" lon="16.8639326"/>
 <node id="4184585627" visible="true" version="1" changeset="39303439" timestamp="2016-05-14T01:45:37Z" user="mcheckimport" uid="893327" lat="41.1012057" lon="16.8661558"/>
 <node id="4184585630" visible="true" version="1" changeset="39303439" timestamp="2016-05-14T01:45:38Z" user="mcheckimport" uid="893327" lat="41.1012068" lon="16.8661374"/>
 <node id="4184585631" visible="true" version="1" changeset="39303439" timestamp="2016-05-14T01:45:38Z" user="mcheckimport" uid="893327" lat="41.1012068" lon="16.8663545"/>
 <node id="4184585633" visible="true" version="1" changeset="39303439" timestamp="2016-05-14T01:45:38Z" user="mcheckimport" uid="893327" lat="41.1012080" lon="16.8642215"/>
 <node id="4184585642" visible="true" version="1" changeset="39303439" timestamp="2016-05-14T01:45:39Z" user="mcheckimport" uid="893327" lat="41.1012148" lon="16.8663549"/>
 <node id="4184585646" visible="true" version="1" changeset="39303439" timestamp="2016-05-14T01:45:39Z" user="mcheckimport" uid="893327" lat="41.1012187" lon="16.8659467"/>
 <node id="4184585648" visible="true" version="1" changeset="39303439" timestamp="2016-05-14T01:45:39Z" user="mcheckimport" uid="893327" lat="41.1012200" lon="16.8659290"/>
 <node id="4184585650" visible="true" version="1" changeset="39303439" timestamp="2016-05-14T01:45:39Z" user="mcheckimport" uid="893327" lat="41.1012207" lon="16.8662440"/>
 <node id="4184585653" visible="true" version="1" changeset="39303439" timestamp="2016-05-14T01:45:40Z" user="mcheckimport" uid="893327" lat="41.1012219" lon="16.8662284"/>
 <node id="4184585657" visible="true" version="1" changeset="39303439" timestamp="2016-05-14T01:45:40Z" user="mcheckimport" uid="893327" lat="41.1012244" lon="16.8635721"/>
 <node id="4184585658" visible="true" version="1" changeset="39303439" timestamp="2016-05-14T01:45:40Z" user="mcheckimport" uid="893327" lat="41.1012248" lon="16.8642223"/>
 <node id="4184585661" visible="true" version="1" changeset="39303439" timestamp="2016-05-14T01:45:40Z" user="mcheckimport" uid="893327" lat="41.1012255" lon="16.8661573"/>
 <node id="4184585663" visible="true" version="1" changeset="39303439" timestamp="2016-05-14T01:45:41Z" user="mcheckimport" uid="893327" lat="41.1012258" lon="16.8635463"/>
 <node id="4184585668" visible="true" version="1" changeset="39303439" timestamp="2016-05-14T01:45:41Z" user="mcheckimport" uid="893327" lat="41.1012285" lon="16.8663565"/>
 <node id="4184585673" visible="true" version="1" changeset="39303439" timestamp="2016-05-14T01:45:41Z" user="mcheckimport" uid="893327" lat="41.1012293" lon="16.8663418"/>
 <node id="4184585675" visible="true" version="1" changeset="39303439" timestamp="2016-05-14T01:45:42Z" user="mcheckimport" uid="893327" lat="41.1012309" lon="16.8634514"/>
 <node id="4184585680" visible="true" version="1" changeset="39303439" timestamp="2016-05-14T01:45:42Z" user="mcheckimport" uid="893327" lat="41.1012330" lon="16.8634156"/>
 <node id="4184585684" visible="true" version="1" changeset="39303439" timestamp="2016-05-14T01:45:42Z" user="mcheckimport" uid="893327" lat="41.1012334" lon="16.8639356"/>
 <node id="4184585685" visible="true" version="1" changeset="39303439" timestamp="2016-05-14T01:45:42Z" user="mcheckimport" uid="893327" lat="41.1012339" lon="16.8639242"/>
 <node id="4184585689" visible="true" version="1" changeset="39303439" timestamp="2016-05-14T01:45:43Z" user="mcheckimport" uid="893327" lat="41.1012352" lon="16.8661398"/>
 <node id="4184585692" visible="true" version="1" changeset="39303439" timestamp="2016-05-14T01:45:43Z" user="mcheckimport" uid="893327" lat="41.1012369" lon="16.8662288"/>
 <node id="4184585702" visible="true" version="1" changeset="39303439" timestamp="2016-05-14T01:45:44Z" user="mcheckimport" uid="893327" lat="41.1012409" lon="16.8632802"/>
 <node id="4184585713" visible="true" version="1" changeset="39303439" timestamp="2016-05-14T01:45:45Z" user="mcheckimport" uid="893327" lat="41.1012474" lon="16.8631606"/>
 <node id="4184585714" visible="true" version="1" changeset="39303439" timestamp="2016-05-14T01:45:45Z" user="mcheckimport" uid="893327" lat="41.1012479" lon="16.8661408"/>
 <node id="4184585716" visible="true" version="1" changeset="39303439" timestamp="2016-05-14T01:45:45Z" user="mcheckimport" uid="893327" lat="41.1012490" lon="16.8661193"/>
 <node id="4184585719" visible="true" version="1" changeset="39303439" timestamp="2016-05-14T01:45:45Z" user="mcheckimport" uid="893327" lat="41.1012496" lon="16.8661077"/>
 <node id="4184585725" visible="true" version="1" changeset="39303439" timestamp="2016-05-14T01:45:46Z" user="mcheckimport" uid="893327" lat="41.1012530" lon="16.8660405"/>
 <node id="4184585730" visible="true" version="1" changeset="39303439" timestamp="2016-05-14T01:45:46Z" user="mcheckimport" uid="893327" lat="41.1012543" lon="16.8653047"/>
 <node id="4184585731" visible="true" version="1" changeset="39303439" timestamp="2016-05-14T01:45:46Z" user="mcheckimport" uid="893327" lat="41.1012543" lon="16.8660177"/>
 <node id="4184585734" visible="true" version="1" changeset="39303439" timestamp="2016-05-14T01:45:47Z" user="mcheckimport" uid="893327" lat="41.1012549" lon="16.8660069"/>
 <node id="4184585738" visible="true" version="1" changeset="39303439" timestamp="2016-05-14T01:45:47Z" user="mcheckimport" uid="893327" lat="41.1012564" lon="16.8659502"/>
 <node id="4184585740" visible="true" version="1" changeset="39303439" timestamp="2016-05-14T01:45:47Z" user="mcheckimport" uid="893327" lat="41.1012566" lon="16.8650855"/>
 <node id="4184585742" visible="true" version="1" changeset="39303439" timestamp="2016-05-14T01:45:47Z" user="mcheckimport" uid="893327" lat="41.1012572" lon="16.8659338"/>
 <node id="4184585743" visible="true" version="1" changeset="39303439" timestamp="2016-05-14T01:45:47Z" user="mcheckimport" uid="893327" lat="41.1012578" lon="16.8659504"/>
 <node id="4184585746" visible="true" version="1" changeset="39303439" timestamp="2016-05-14T01:45:47Z" user="mcheckimport" uid="893327" lat="41.1012584" lon="16.8651798"/>
 <node id="4184585753" visible="true" version="1" changeset="39303439" timestamp="2016-05-14T01:45:48Z" user="mcheckimport" uid="893327" lat="41.1012624" lon="16.8649141"/>
 <node id="4184585761" visible="true" version="1" changeset="39303439" timestamp="2016-05-14T01:45:49Z" user="mcheckimport" uid="893327" lat="41.1012643" lon="16.8660413"/>
 <node id="4184585762" visible="true" version="1" changeset="39303439" timestamp="2016-05-14T01:45:49Z" user="mcheckimport" uid="893327" lat="41.1012654" lon="16.8660186"/>
 <node id="4184585767" visible="true" version="1" changeset="39303439" timestamp="2016-05-14T01:45:49Z" user="mcheckimport" uid="893327" lat="41.1012679" lon="16.8643948"/>
 <node id="4184585773" visible="true" version="1" changeset="39303439" timestamp="2016-05-14T01:45:50Z" user="mcheckimport" uid="893327" lat="41.1012693" lon="16.8651804"/>
 <node id="4184585774" visible="true" version="1" changeset="39303439" timestamp="2016-05-14T01:45:50Z" user="mcheckimport" uid="893327" lat="41.1012696" lon="16.8643966"/>
 <node id="4184585776" visible="true" version="1" changeset="39303439" timestamp="2016-05-14T01:45:50Z" user="mcheckimport" uid="893327" lat="41.1012710" lon="16.8651295"/>
 <node id="4184585778" visible="true" version="1" changeset="39303439" timestamp="2016-05-14T01:45:50Z" user="mcheckimport" uid="893327" lat="41.1012713" lon="16.8643836"/>
 <node id="4184585781" visible="true" version="1" changeset="39303439" timestamp="2016-05-14T01:45:50Z" user="mcheckimport" uid="893327" lat="41.1012724" lon="16.8650864"/>
 <node id="4184585787" visible="true" version="1" changeset="39303439" timestamp="2016-05-14T01:45:51Z" user="mcheckimport" uid="893327" lat="41.1012747" lon="16.8640907"/>
 <node id="4184585788" visible="true" version="1" changeset="39303439" timestamp="2016-05-14T01:45:51Z" user="mcheckimport" uid="893327" lat="41.1012748" lon="16.8640845"/>
 <node id="4184585790" visible="true" version="1" changeset="39303439" timestamp="2016-05-14T01:45:51Z" user="mcheckimport" uid="893327" lat="41.1012751" lon="16.8640688"/>
 <node id="4184585793" visible="true" version="1" changeset="39303439" timestamp="2016-05-14T01:45:51Z" user="mcheckimport" uid="893327" lat="41.1012762" lon="16.8645789"/>
 <node id="4184585795" visible="true" version="1" changeset="39303439" timestamp="2016-05-14T01:45:51Z" user="mcheckimport" uid="893327" lat="41.1012771" lon="16.8639401"/>
 <node id="4184585796" visible="true" version="1" changeset="39303439" timestamp="2016-05-14T01:45:51Z" user="mcheckimport" uid="893327" lat="41.1012771" lon="16.8643409"/>
 <node id="4184585798" visible="true" version="1" changeset="39303439" timestamp="2016-05-14T01:45:51Z" user="mcheckimport" uid="893327" lat="41.1012773" lon="16.8643395"/>
 <node id="4184585799" visible="true" version="1" changeset="39303439" timestamp="2016-05-14T01:45:52Z" user="mcheckimport" uid="893327" lat="41.1012773" lon="16.8645124"/>
 <node id="4184585802" visible="true" version="1" changeset="39303439" timestamp="2016-05-14T01:45:52Z" user="mcheckimport" uid="893327" lat="41.1012782" lon="16.8639283"/>
 <node id="4184585803" visible="true" version="1" changeset="39303439" timestamp="2016-05-14T01:45:52Z" user="mcheckimport" uid="893327" lat="41.1012785" lon="16.8640691"/>
 <node id="4184585804" visible="true" version="1" changeset="39303439" timestamp="2016-05-14T01:45:52Z" user="mcheckimport" uid="893327" lat="41.1012787" lon="16.8640604"/>
 <node id="4184585820" visible="true" version="1" changeset="39303439" timestamp="2016-05-14T01:45:53Z" user="mcheckimport" uid="893327" lat="41.1012844" lon="16.8643061"/>
 <node id="4184585826" visible="true" version="1" changeset="39303439" timestamp="2016-05-14T01:45:54Z" user="mcheckimport" uid="893327" lat="41.1012866" lon="16.8662311"/>
 <node id="4184585827" visible="true" version="1" changeset="39303439" timestamp="2016-05-14T01:45:54Z" user="mcheckimport" uid="893327" lat="41.1012869" lon="16.8642291"/>
 <node id="4184585828" visible="true" version="1" changeset="39303439" timestamp="2016-05-14T01:45:54Z" user="mcheckimport" uid="893327" lat="41.1012871" lon="16.8662210"/>
 <node id="4184585833" visible="true" version="1" changeset="39303439" timestamp="2016-05-14T01:45:54Z" user="mcheckimport" uid="893327" lat="41.1012906" lon="16.8643406"/>
 <node id="4184585837" visible="true" version="1" changeset="39303439" timestamp="2016-05-14T01:45:54Z" user="mcheckimport" uid="893327" lat="41.1012912" lon="16.8643062"/>
 <node id="4184585839" visible="true" version="1" changeset="39303439" timestamp="2016-05-14T01:45:55Z" user="mcheckimport" uid="893327" lat="41.1012947" lon="16.8663678"/>
 <node id="4184585841" visible="true" version="1" changeset="39303439" timestamp="2016-05-14T01:45:55Z" user="mcheckimport" uid="893327" lat="41.1012958" lon="16.8663480"/>
 <node id="4184585846" visible="true" version="2" changeset="162023247" timestamp="2025-02-01T19:22:32Z" user="Alexis04132" uid="20509407" lat="41.1013335" lon="16.8666890"/>
 <node id="4184585849" visible="true" version="1" changeset="39303439" timestamp="2016-05-14T01:45:55Z" user="mcheckimport" uid="893327" lat="41.1012995" lon="16.8640719"/>
 <node id="4184585850" visible="true" version="1" changeset="39303439" timestamp="2016-05-14T01:45:55Z" user="mcheckimport" uid="893327" lat="41.1012998" lon="16.8640928"/>
 <node id="4184585851" visible="true" version="1" changeset="39303439" timestamp="2016-05-14T01:45:55Z" user="mcheckimport" uid="893327" lat="41.1013000" lon="16.8640622"/>
 <node id="4184585852" visible="true" version="1" changeset="39303439" timestamp="2016-05-14T01:45:56Z" user="mcheckimport" uid="893327" lat="41.1013000" lon="16.8640872"/>
 <node id="4184585854" visible="true" version="1" changeset="39303439" timestamp="2016-05-14T01:45:56Z" user="mcheckimport" uid="893327" lat="41.1013006" lon="16.8640720"/>
 <node id="4184585866" visible="true" version="2" changeset="162023247" timestamp="2025-02-01T19:22:32Z" user="Alexis04132" uid="20509407" lat="41.1013096" lon="16.8670745"/>
 <node id="4184585871" visible="true" version="1" changeset="39303439" timestamp="2016-05-14T01:45:57Z" user="mcheckimport" uid="893327" lat="41.1013058" lon="16.8662322"/>
 <node id="4184585873" visible="true" version="1" changeset="39303439" timestamp="2016-05-14T01:45:57Z" user="mcheckimport" uid="893327" lat="41.1013062" lon="16.8662236"/>
 <node id="4184585882" visible="true" version="1" changeset="39303439" timestamp="2016-05-14T01:45:58Z" user="mcheckimport" uid="893327" lat="41.1013138" lon="16.8662327"/>
 <node id="4184585884" visible="true" version="1" changeset="39303439" timestamp="2016-05-14T01:45:58Z" user="mcheckimport" uid="893327" lat="41.1013150" lon="16.8643998"/>
 <node id="4184585885" visible="true" version="1" changeset="39303439" timestamp="2016-05-14T01:45:58Z" user="mcheckimport" uid="893327" lat="41.1013158" lon="16.8643843"/>
 <node id="4184585889" visible="true" version="1" changeset="39303439" timestamp="2016-05-14T01:45:58Z" user="mcheckimport" uid="893327" lat="41.1013225" lon="16.8663704"/>
 <node id="4184585894" visible="true" version="1" changeset="39303439" timestamp="2016-05-14T01:45:59Z" user="mcheckimport" uid="893327" lat="41.1013277" lon="16.8635819"/>
 <node id="4184585897" visible="true" version="1" changeset="39303439" timestamp="2016-05-14T01:45:59Z" user="mcheckimport" uid="893327" lat="41.1013294" lon="16.8635492"/>
 <node id="4184585900" visible="true" version="1" changeset="39303439" timestamp="2016-05-14T01:45:59Z" user="mcheckimport" uid="893327" lat="41.1013317" lon="16.8635065"/>
 <node id="4184585903" visible="true" version="1" changeset="39303439" timestamp="2016-05-14T01:45:59Z" user="mcheckimport" uid="893327" lat="41.1013338" lon="16.8634684"/>
 <node id="4184585907" visible="true" version="1" changeset="39303439" timestamp="2016-05-14T01:46:00Z" user="mcheckimport" uid="893327" lat="41.1013370" lon="16.8634018"/>
 <node id="4184585908" visible="true" version="1" changeset="39303439" timestamp="2016-05-14T01:46:00Z" user="mcheckimport" uid="893327" lat="41.1013371" lon="16.8633998"/>
 <node id="4184585911" visible="true" version="1" changeset="39303439" timestamp="2016-05-14T01:46:00Z" user="mcheckimport" uid="893327" lat="41.1013394" lon="16.8633511"/>
 <node id="4184585921" visible="true" version="1" changeset="39303439" timestamp="2016-05-14T01:46:01Z" user="mcheckimport" uid="893327" lat="41.1013426" lon="16.8632848"/>
 <node id="4184585928" visible="true" version="1" changeset="39303439" timestamp="2016-05-14T01:46:01Z" user="mcheckimport" uid="893327" lat="41.1013467" lon="16.8663666"/>
 <node id="4184585929" visible="true" version="1" changeset="39303439" timestamp="2016-05-14T01:46:01Z" user="mcheckimport" uid="893327" lat="41.1013470" lon="16.8662351"/>
 <node id="4184585930" visible="true" version="1" changeset="39303439" timestamp="2016-05-14T01:46:01Z" user="mcheckimport" uid="893327" lat="41.1013474" lon="16.8663727"/>
 <node id="4184585933" visible="true" version="1" changeset="39303439" timestamp="2016-05-14T01:46:01Z" user="mcheckimport" uid="893327" lat="41.1013488" lon="16.8631702"/>
 <node id="4184585936" visible="true" version="2" changeset="162023247" timestamp="2025-02-01T19:22:32Z" user="Alexis04132" uid="20509407" lat="41.1013546" lon="16.8670789"/>
 <node id="4184585954" visible="true" version="1" changeset="39303439" timestamp="2016-05-14T01:46:03Z" user="mcheckimport" uid="893327" lat="41.1013592" lon="16.8663636"/>
 <node id="4184585961" visible="true" version="1" changeset="39303439" timestamp="2016-05-14T01:46:04Z" user="mcheckimport" uid="893327" lat="41.1013609" lon="16.8662309"/>
 <node id="4184585984" visible="true" version="1" changeset="39303439" timestamp="2016-05-14T01:46:06Z" user="mcheckimport" uid="893327" lat="41.1013719" lon="16.8639489"/>
 <node id="4184585985" visible="true" version="1" changeset="39303439" timestamp="2016-05-14T01:46:06Z" user="mcheckimport" uid="893327" lat="41.1013719" lon="16.8663606"/>
 <node id="4184585988" visible="true" version="1" changeset="39303439" timestamp="2016-05-14T01:46:06Z" user="mcheckimport" uid="893327" lat="41.1013735" lon="16.8663723"/>
 <node id="4184586301" visible="true" version="1" changeset="39303439" timestamp="2016-05-14T01:46:08Z" user="mcheckimport" uid="893327" lat="41.1013806" lon="16.8662234"/>
 <node id="4184586311" visible="true" version="1" changeset="39303439" timestamp="2016-05-14T01:46:09Z" user="mcheckimport" uid="893327" lat="41.1013842" lon="16.8657226"/>
 <node id="4184586327" visible="true" version="1" changeset="39303439" timestamp="2016-05-14T01:46:10Z" user="mcheckimport" uid="893327" lat="41.1013926" lon="16.8655145"/>
 <node id="4184586328" visible="true" version="1" changeset="39303439" timestamp="2016-05-14T01:46:10Z" user="mcheckimport" uid="893327" lat="41.1013928" lon="16.8655096"/>
 <node id="4184586335" visible="true" version="1" changeset="39303439" timestamp="2016-05-14T01:46:11Z" user="mcheckimport" uid="893327" lat="41.1013990" lon="16.8653566"/>
 <node id="4184586355" visible="true" version="2" changeset="162023247" timestamp="2025-02-01T19:22:32Z" user="Alexis04132" uid="20509407" lat="41.1014167" lon="16.8670854"/>
 <node id="4184586361" visible="true" version="2" changeset="162023247" timestamp="2025-02-01T19:22:32Z" user="Alexis04132" uid="20509407" lat="41.1014187" lon="16.8670387"/>
 <node id="4184586364" visible="true" version="1" changeset="39303439" timestamp="2016-05-14T01:46:13Z" user="mcheckimport" uid="893327" lat="41.1014166" lon="16.8663590"/>
 <node id="4184586366" visible="true" version="1" changeset="39303439" timestamp="2016-05-14T01:46:13Z" user="mcheckimport" uid="893327" lat="41.1014174" lon="16.8663624"/>
 <node id="4184586371" visible="true" version="1" changeset="39303439" timestamp="2016-05-14T01:46:13Z" user="mcheckimport" uid="893327" lat="41.1014209" lon="16.8661996"/>
 <node id="4184586374" visible="true" version="1" changeset="39303439" timestamp="2016-05-14T01:46:13Z" user="mcheckimport" uid="893327" lat="41.1014226" lon="16.8662075"/>
 <node id="4184586378" visible="true" version="1" changeset="39303439" timestamp="2016-05-14T01:46:14Z" user="mcheckimport" uid="893327" lat="41.1014256" lon="16.8643891"/>
 <node id="4184586384" visible="true" version="1" changeset="39303439" timestamp="2016-05-14T01:46:14Z" user="mcheckimport" uid="893327" lat="41.1014284" lon="16.8642729"/>
 <node id="4184586493" visible="true" version="1" changeset="39303439" timestamp="2016-05-14T01:46:15Z" user="mcheckimport" uid="893327" lat="41.1014348" lon="16.8661882"/>
 <node id="4184586495" visible="true" version="1" changeset="39303439" timestamp="2016-05-14T01:46:15Z" user="mcheckimport" uid="893327" lat="41.1014354" lon="16.8661945"/>
 <node id="4184586497" visible="true" version="1" changeset="39303439" timestamp="2016-05-14T01:46:15Z" user="mcheckimport" uid="893327" lat="41.1014377" lon="16.8663559"/>
 <node id="4184586502" visible="true" version="1" changeset="39303439" timestamp="2016-05-14T01:46:15Z" user="mcheckimport" uid="893327" lat="41.1014405" lon="16.8661863"/>
 <node id="4184586513" visible="true" version="1" changeset="39303439" timestamp="2016-05-14T01:46:16Z" user="mcheckimport" uid="893327" lat="41.1014479" lon="16.8657278"/>
 <node id="4184586516" visible="true" version="1" changeset="39303439" timestamp="2016-05-14T01:46:16Z" user="mcheckimport" uid="893327" lat="41.1014538" lon="16.8653606"/>
 <node id="4184586537" visible="true" version="1" changeset="39303439" timestamp="2016-05-14T01:46:18Z" user="mcheckimport" uid="893327" lat="41.1014657" lon="16.8636784"/>
 <node id="4184586541" visible="true" version="1" changeset="39303439" timestamp="2016-05-14T01:46:18Z" user="mcheckimport" uid="893327" lat="41.1014672" lon="16.8642707"/>
 <node id="4184586542" visible="true" version="1" changeset="39303439" timestamp="2016-05-14T01:46:18Z" user="mcheckimport" uid="893327" lat="41.1014675" lon="16.8645154"/>
 <node id="4184586545" visible="true" version="1" changeset="39303439" timestamp="2016-05-14T01:46:19Z" user="mcheckimport" uid="893327" lat="41.1014682" lon="16.8641022"/>
 <node id="4184586546" visible="true" version="1" changeset="39303439" timestamp="2016-05-14T01:46:19Z" user="mcheckimport" uid="893327" lat="41.1014683" lon="16.8640996"/>
 <node id="4184586550" visible="true" version="1" changeset="39303439" timestamp="2016-05-14T01:46:19Z" user="mcheckimport" uid="893327" lat="41.1014688" lon="16.8639532"/>
 <node id="4184586551" visible="true" version="1" changeset="39303439" timestamp="2016-05-14T01:46:19Z" user="mcheckimport" uid="893327" lat="41.1014688" lon="16.8640870"/>
 <node id="4184586557" visible="true" version="1" changeset="39303439" timestamp="2016-05-14T01:46:20Z" user="mcheckimport" uid="893327" lat="41.1014708" lon="16.8663455"/>
 <node id="4184586559" visible="true" version="1" changeset="39303439" timestamp="2016-05-14T01:46:20Z" user="mcheckimport" uid="893327" lat="41.1014714" lon="16.8642704"/>
 <node id="4184586560" visible="true" version="1" changeset="39303439" timestamp="2016-05-14T01:46:20Z" user="mcheckimport" uid="893327" lat="41.1014715" lon="16.8635532"/>
 <node id="4184586564" visible="true" version="1" changeset="39303439" timestamp="2016-05-14T01:46:20Z" user="mcheckimport" uid="893327" lat="41.1014742" lon="16.8641027"/>
 <node id="4184586565" visible="true" version="1" changeset="39303439" timestamp="2016-05-14T01:46:20Z" user="mcheckimport" uid="893327" lat="41.1014744" lon="16.8640875"/>
 <node id="4184586568" visible="true" version="1" changeset="39303439" timestamp="2016-05-14T01:46:20Z" user="mcheckimport" uid="893327" lat="41.1014766" lon="16.8639534"/>
 <node id="4184586569" visible="true" version="1" changeset="39303439" timestamp="2016-05-14T01:46:20Z" user="mcheckimport" uid="893327" lat="41.1014773" lon="16.8658740"/>
 <node id="4184586582" visible="true" version="1" changeset="39303439" timestamp="2016-05-14T01:46:21Z" user="mcheckimport" uid="893327" lat="41.1014809" lon="16.8636848"/>
 <node id="4184586690" visible="true" version="1" changeset="39303439" timestamp="2016-05-14T01:46:22Z" user="mcheckimport" uid="893327" lat="41.1014829" lon="16.8642695"/>
 <node id="4184586698" visible="true" version="1" changeset="39303439" timestamp="2016-05-14T01:46:23Z" user="mcheckimport" uid="893327" lat="41.1014869" lon="16.8632208"/>
 <node id="4184586703" visible="true" version="1" changeset="39303439" timestamp="2016-05-14T01:46:23Z" user="mcheckimport" uid="893327" lat="41.1014882" lon="16.8661697"/>
 <node id="4184586705" visible="true" version="1" changeset="39303439" timestamp="2016-05-14T01:46:23Z" user="mcheckimport" uid="893327" lat="41.1014884" lon="16.8632203"/>
 <node id="4184586706" visible="true" version="1" changeset="39303439" timestamp="2016-05-14T01:46:23Z" user="mcheckimport" uid="893327" lat="41.1014885" lon="16.8663363"/>
 <node id="4184586707" visible="true" version="1" changeset="39303439" timestamp="2016-05-14T01:46:23Z" user="mcheckimport" uid="893327" lat="41.1014889" lon="16.8663397"/>
 <node id="4184586711" visible="true" version="1" changeset="39303439" timestamp="2016-05-14T01:46:24Z" user="mcheckimport" uid="893327" lat="41.1014910" lon="16.8641041"/>
 <node id="4184586712" visible="true" version="1" changeset="39303439" timestamp="2016-05-14T01:46:24Z" user="mcheckimport" uid="893327" lat="41.1014913" lon="16.8641005"/>
 <node id="4184586713" visible="true" version="1" changeset="39303439" timestamp="2016-05-14T01:46:24Z" user="mcheckimport" uid="893327" lat="41.1014915" lon="16.8661913"/>
 <node id="4184586715" visible="true" version="1" changeset="39303439" timestamp="2016-05-14T01:46:24Z" user="mcheckimport" uid="893327" lat="41.1014924" lon="16.8640891"/>
 <node id="4184586724" visible="true" version="1" changeset="39303439" timestamp="2016-05-14T01:46:25Z" user="mcheckimport" uid="893327" lat="41.1014972" lon="16.8639538"/>
 <node id="4184586730" visible="true" version="1" changeset="39303439" timestamp="2016-05-14T01:46:25Z" user="mcheckimport" uid="893327" lat="41.1015000" lon="16.8639569"/>
 <node id="4184586731" visible="true" version="1" changeset="39303439" timestamp="2016-05-14T01:46:25Z" user="mcheckimport" uid="893327" lat="41.1015000" lon="16.8659131"/>
 <node id="4184586733" visible="true" version="1" changeset="39303439" timestamp="2016-05-14T01:46:25Z" user="mcheckimport" uid="893327" lat="41.1015005" lon="16.8657321"/>
 <node id="4184586734" visible="true" version="1" changeset="39303439" timestamp="2016-05-14T01:46:25Z" user="mcheckimport" uid="893327" lat="41.1015009" lon="16.8659121"/>
 <node id="4184586735" visible="true" version="1" changeset="39303439" timestamp="2016-05-14T01:46:25Z" user="mcheckimport" uid="893327" lat="41.1015018" lon="16.8657032"/>
 <node id="4184586738" visible="true" version="1" changeset="39303439" timestamp="2016-05-14T01:46:26Z" user="mcheckimport" uid="893327" lat="41.1015041" lon="16.8645159"/>
 <node id="4184586743" visible="true" version="1" changeset="39303439" timestamp="2016-05-14T01:46:26Z" user="mcheckimport" uid="893327" lat="41.1015051" lon="16.8661883"/>
 <node id="4184586769" visible="true" version="1" changeset="39303439" timestamp="2016-05-14T01:46:28Z" user="mcheckimport" uid="893327" lat="41.1015131" lon="16.8662334"/>
 <node id="4184586773" visible="true" version="1" changeset="39303439" timestamp="2016-05-14T01:46:28Z" user="mcheckimport" uid="893327" lat="41.1015141" lon="16.8642744"/>
 <node id="4184586786" visible="true" version="1" changeset="39303439" timestamp="2016-05-14T01:46:30Z" user="mcheckimport" uid="893327" lat="41.1015171" lon="16.8653696"/>
 <node id="4184586787" visible="true" version="1" changeset="39303439" timestamp="2016-05-14T01:46:30Z" user="mcheckimport" uid="893327" lat="41.1015173" lon="16.8653653"/>
 <node id="4184586796" visible="true" version="1" changeset="39303439" timestamp="2016-05-14T01:46:30Z" user="mcheckimport" uid="893327" lat="41.1015201" lon="16.8645162"/>
 <node id="4184586797" visible="true" version="1" changeset="39303439" timestamp="2016-05-14T01:46:30Z" user="mcheckimport" uid="893327" lat="41.1015204" lon="16.8662671"/>
 <node id="4184586804" visible="true" version="1" changeset="39303439" timestamp="2016-05-14T01:46:31Z" user="mcheckimport" uid="893327" lat="41.1015212" lon="16.8662359"/>
 <node id="4184586806" visible="true" version="1" changeset="39303439" timestamp="2016-05-14T01:46:31Z" user="mcheckimport" uid="893327" lat="41.1015216" lon="16.8644512"/>
 <node id="4184586812" visible="true" version="1" changeset="39303439" timestamp="2016-05-14T01:46:31Z" user="mcheckimport" uid="893327" lat="41.1015228" lon="16.8643992"/>
 <node id="4184586822" visible="true" version="1" changeset="39303439" timestamp="2016-05-14T01:46:32Z" user="mcheckimport" uid="893327" lat="41.1015256" lon="16.8642762"/>
 <node id="4184586823" visible="true" version="1" changeset="39303439" timestamp="2016-05-14T01:46:32Z" user="mcheckimport" uid="893327" lat="41.1015258" lon="16.8662608"/>
 <node id="4184586826" visible="true" version="1" changeset="39303439" timestamp="2016-05-14T01:46:33Z" user="mcheckimport" uid="893327" lat="41.1015265" lon="16.8637038"/>
 <node id="4184586828" visible="true" version="1" changeset="39303439" timestamp="2016-05-14T01:46:33Z" user="mcheckimport" uid="893327" lat="41.1015279" lon="16.8663252"/>
 <node id="4184586829" visible="true" version="1" changeset="39303439" timestamp="2016-05-14T01:46:33Z" user="mcheckimport" uid="893327" lat="41.1015282" lon="16.8639553"/>
 <node id="4184586830" visible="true" version="1" changeset="39303439" timestamp="2016-05-14T01:46:33Z" user="mcheckimport" uid="893327" lat="41.1015284" lon="16.8663128"/>
 <node id="4184586835" visible="true" version="1" changeset="39303439" timestamp="2016-05-14T01:46:33Z" user="mcheckimport" uid="893327" lat="41.1015299" lon="16.8663214"/>
 <node id="4184586852" visible="true" version="1" changeset="39303439" timestamp="2016-05-14T01:46:35Z" user="mcheckimport" uid="893327" lat="41.1015410" lon="16.8659790"/>
 <node id="4184586855" visible="true" version="1" changeset="39303439" timestamp="2016-05-14T01:46:35Z" user="mcheckimport" uid="893327" lat="41.1015422" lon="16.8659778"/>
 <node id="4184586857" visible="true" version="1" changeset="39303439" timestamp="2016-05-14T01:46:35Z" user="mcheckimport" uid="893327" lat="41.1015425" lon="16.8641944"/>
 <node id="4184586863" visible="true" version="1" changeset="39303439" timestamp="2016-05-14T01:46:36Z" user="mcheckimport" uid="893327" lat="41.1015443" lon="16.8643791"/>
 <node id="4184586864" visible="true" version="1" changeset="39303439" timestamp="2016-05-14T01:46:36Z" user="mcheckimport" uid="893327" lat="41.1015444" lon="16.8641533"/>
 <node id="4184586866" visible="true" version="1" changeset="39303439" timestamp="2016-05-14T01:46:36Z" user="mcheckimport" uid="893327" lat="41.1015456" lon="16.8643240"/>
 <node id="4184586869" visible="true" version="1" changeset="39303439" timestamp="2016-05-14T01:46:36Z" user="mcheckimport" uid="893327" lat="41.1015500" lon="16.8632058"/>
 <node id="4184586871" visible="true" version="1" changeset="39303439" timestamp="2016-05-14T01:46:36Z" user="mcheckimport" uid="893327" lat="41.1015513" lon="16.8644093"/>
 <node id="4184586873" visible="true" version="1" changeset="39303439" timestamp="2016-05-14T01:46:36Z" user="mcheckimport" uid="893327" lat="41.1015515" lon="16.8644003"/>
 <node id="4184586885" visible="true" version="1" changeset="39303439" timestamp="2016-05-14T01:46:37Z" user="mcheckimport" uid="893327" lat="41.1015555" lon="16.8639568"/>
 <node id="4184586887" visible="true" version="1" changeset="39303439" timestamp="2016-05-14T01:46:37Z" user="mcheckimport" uid="893327" lat="41.1015563" lon="16.8660005"/>
 <node id="4184586892" visible="true" version="1" changeset="39303439" timestamp="2016-05-14T01:46:38Z" user="mcheckimport" uid="893327" lat="41.1015573" lon="16.8657872"/>
 <node id="4184586898" visible="true" version="1" changeset="39303439" timestamp="2016-05-14T01:46:38Z" user="mcheckimport" uid="893327" lat="41.1015610" lon="16.8644528"/>
 <node id="4184586901" visible="true" version="1" changeset="39303439" timestamp="2016-05-14T01:46:38Z" user="mcheckimport" uid="893327" lat="41.1015620" lon="16.8644097"/>
 <node id="4184586905" visible="true" version="1" changeset="39303439" timestamp="2016-05-14T01:46:38Z" user="mcheckimport" uid="893327" lat="41.1015634" lon="16.8659928"/>
 <node id="4184586907" visible="true" version="1" changeset="39303439" timestamp="2016-05-14T01:46:39Z" user="mcheckimport" uid="893327" lat="41.1015646" lon="16.8660132"/>
 <node id="4184586911" visible="true" version="1" changeset="39303439" timestamp="2016-05-14T01:46:39Z" user="mcheckimport" uid="893327" lat="41.1015654" lon="16.8660144"/>
 <node id="4184586917" visible="true" version="1" changeset="39303439" timestamp="2016-05-14T01:46:39Z" user="mcheckimport" uid="893327" lat="41.1015673" lon="16.8657759"/>
 <node id="4184586931" visible="true" version="1" changeset="39303439" timestamp="2016-05-14T01:46:40Z" user="mcheckimport" uid="893327" lat="41.1015715" lon="16.8660057"/>
 <node id="4184586941" visible="true" version="1" changeset="39303439" timestamp="2016-05-14T01:46:41Z" user="mcheckimport" uid="893327" lat="41.1015741" lon="16.8660049"/>
 <node id="4184586976" visible="true" version="1" changeset="39303439" timestamp="2016-05-14T01:46:44Z" user="mcheckimport" uid="893327" lat="41.1015875" lon="16.8643809"/>
 <node id="4184586981" visible="true" version="1" changeset="39303439" timestamp="2016-05-14T01:46:44Z" user="mcheckimport" uid="893327" lat="41.1015887" lon="16.8636901"/>
 <node id="4184586983" visible="true" version="1" changeset="39303439" timestamp="2016-05-14T01:46:45Z" user="mcheckimport" uid="893327" lat="41.1015888" lon="16.8643257"/>
 <node id="4184586994" visible="true" version="1" changeset="39303439" timestamp="2016-05-14T01:46:46Z" user="mcheckimport" uid="893327" lat="41.1015948" lon="16.8635567"/>
 <node id="4184586996" visible="true" version="1" changeset="39303439" timestamp="2016-05-14T01:46:46Z" user="mcheckimport" uid="893327" lat="41.1015959" lon="16.8660401"/>
 <node id="4184587097" visible="true" version="1" changeset="39303439" timestamp="2016-05-14T01:46:56Z" user="mcheckimport" uid="893327" lat="41.1016199" lon="16.8645586"/>
 <node id="4184587100" visible="true" version="1" changeset="39303439" timestamp="2016-05-14T01:46:56Z" user="mcheckimport" uid="893327" lat="41.1016211" lon="16.8645316"/>
 <node id="4184587101" visible="true" version="1" changeset="39303439" timestamp="2016-05-14T01:46:56Z" user="mcheckimport" uid="893327" lat="41.1016212" lon="16.8641171"/>
 <node id="4184587104" visible="true" version="1" changeset="39303439" timestamp="2016-05-14T01:46:57Z" user="mcheckimport" uid="893327" lat="41.1016215" lon="16.8641225"/>
 <node id="4184587105" visible="true" version="1" changeset="39303439" timestamp="2016-05-14T01:46:57Z" user="mcheckimport" uid="893327" lat="41.1016216" lon="16.8641140"/>
 <node id="4184587109" visible="true" version="1" changeset="39303439" timestamp="2016-05-14T01:46:57Z" user="mcheckimport" uid="893327" lat="41.1016220" lon="16.8641308"/>
 <node id="4184587111" visible="true" version="1" changeset="39303439" timestamp="2016-05-14T01:46:57Z" user="mcheckimport" uid="893327" lat="41.1016222" lon="16.8641091"/>
 <node id="4184587113" visible="true" version="1" changeset="39303439" timestamp="2016-05-14T01:46:57Z" user="mcheckimport" uid="893327" lat="41.1016228" lon="16.8643320"/>
 <node id="4184587114" visible="true" version="1" changeset="39303439" timestamp="2016-05-14T01:46:57Z" user="mcheckimport" uid="893327" lat="41.1016229" lon="16.8641007"/>
 <node id="4184587115" visible="true" version="1" changeset="39303439" timestamp="2016-05-14T01:46:57Z" user="mcheckimport" uid="893327" lat="41.1016229" lon="16.8641026"/>
 <node id="4184587118" visible="true" version="1" changeset="39303439" timestamp="2016-05-14T01:46:58Z" user="mcheckimport" uid="893327" lat="41.1016245" lon="16.8660088"/>
 <node id="4184587122" visible="true" version="1" changeset="39303439" timestamp="2016-05-14T01:46:58Z" user="mcheckimport" uid="893327" lat="41.1016256" lon="16.8660076"/>
 <node id="4184587123" visible="true" version="1" changeset="39303439" timestamp="2016-05-14T01:46:58Z" user="mcheckimport" uid="893327" lat="41.1016258" lon="16.8658701"/>
 <node id="4184587125" visible="true" version="1" changeset="39303439" timestamp="2016-05-14T01:46:58Z" user="mcheckimport" uid="893327" lat="41.1016270" lon="16.8642244"/>
 <node id="4184587126" visible="true" version="1" changeset="39303439" timestamp="2016-05-14T01:46:58Z" user="mcheckimport" uid="893327" lat="41.1016277" lon="16.8641620"/>
 <node id="4184587155" visible="true" version="1" changeset="39303439" timestamp="2016-05-14T01:47:01Z" user="mcheckimport" uid="893327" lat="41.1016381" lon="16.8646302"/>
 <node id="4184587165" visible="true" version="1" changeset="39303439" timestamp="2016-05-14T01:47:01Z" user="mcheckimport" uid="893327" lat="41.1016409" lon="16.8645599"/>
 <node id="4184587167" visible="true" version="1" changeset="39303439" timestamp="2016-05-14T01:47:02Z" user="mcheckimport" uid="893327" lat="41.1016419" lon="16.8645332"/>
 <node id="4184587179" visible="true" version="1" changeset="39303439" timestamp="2016-05-14T01:47:03Z" user="mcheckimport" uid="893327" lat="41.1016455" lon="16.8641339"/>
 <node id="4184587181" visible="true" version="1" changeset="39303439" timestamp="2016-05-14T01:47:03Z" user="mcheckimport" uid="893327" lat="41.1016459" lon="16.8641274"/>
 <node id="4184587182" visible="true" version="1" changeset="39303439" timestamp="2016-05-14T01:47:03Z" user="mcheckimport" uid="893327" lat="41.1016464" lon="16.8641162"/>
 <node id="4184587183" visible="true" version="1" changeset="39303439" timestamp="2016-05-14T01:47:03Z" user="mcheckimport" uid="893327" lat="41.1016466" lon="16.8641140"/>
 <node id="4184587186" visible="true" version="1" changeset="39303439" timestamp="2016-05-14T01:47:03Z" user="mcheckimport" uid="893327" lat="41.1016470" lon="16.8641048"/>
 <node id="4184587188" visible="true" version="1" changeset="39303439" timestamp="2016-05-14T01:47:04Z" user="mcheckimport" uid="893327" lat="41.1016476" lon="16.8659052"/>
 <node id="4184587355" visible="true" version="1" changeset="39303439" timestamp="2016-05-14T01:47:35Z" user="mcheckimport" uid="893327" lat="41.1017150" lon="16.8635254"/>
 <node id="4184587375" visible="true" version="1" changeset="39303439" timestamp="2016-05-14T01:47:36Z" user="mcheckimport" uid="893327" lat="41.1017215" lon="16.8646095"/>
 <node id="4184587377" visible="true" version="1" changeset="39303439" timestamp="2016-05-14T01:47:36Z" user="mcheckimport" uid="893327" lat="41.1017219" lon="16.8634176"/>
 <node id="4184587378" visible="true" version="1" changeset="39303439" timestamp="2016-05-14T01:47:37Z" user="mcheckimport" uid="893327" lat="41.1017221" lon="16.8645947"/>
 <node id="4184587382" visible="true" version="1" changeset="39303439" timestamp="2016-05-14T01:47:37Z" user="mcheckimport" uid="893327" lat="41.1017251" lon="16.8633658"/>
 <node id="4184587386" visible="true" version="1" changeset="39303439" timestamp="2016-05-14T01:47:37Z" user="mcheckimport" uid="893327" lat="41.1017266" lon="16.8633432"/>
 <node id="4184587389" visible="true" version="1" changeset="39303439" timestamp="2016-05-14T01:47:04Z" user="mcheckimport" uid="893327" lat="41.1016477" lon="16.8641029"/>
 <node id="4184587404" visible="true" version="1" changeset="39303439" timestamp="2016-05-14T01:47:05Z" user="mcheckimport" uid="893327" lat="41.1016499" lon="16.8643339"/>
 <node id="4184587412" visible="true" version="1" changeset="39303439" timestamp="2016-05-14T01:47:05Z" user="mcheckimport" uid="893327" lat="41.1016517" lon="16.8642666"/>
 <node id="4184587417" visible="true" version="1" changeset="39303439" timestamp="2016-05-14T01:47:06Z" user="mcheckimport" uid="893327" lat="41.1016541" lon="16.8642157"/>
 <node id="4184587427" visible="true" version="1" changeset="39303439" timestamp="2016-05-14T01:47:07Z" user="mcheckimport" uid="893327" lat="41.1016561" lon="16.8658960"/>
 <node id="4184587433" visible="true" version="1" changeset="39303439" timestamp="2016-05-14T01:47:07Z" user="mcheckimport" uid="893327" lat="41.1016578" lon="16.8654427"/>
 <node id="4184587439" visible="true" version="1" changeset="39303439" timestamp="2016-05-14T01:47:08Z" user="mcheckimport" uid="893327" lat="41.1016587" lon="16.8646316"/>
 <node id="4184587441" visible="true" version="1" changeset="39303439" timestamp="2016-05-14T01:47:08Z" user="mcheckimport" uid="893327" lat="41.1016593" lon="16.8659012"/>
 <node id="4184587443" visible="true" version="1" changeset="39303439" timestamp="2016-05-14T01:47:08Z" user="mcheckimport" uid="893327" lat="41.1016596" lon="16.8646104"/>
 <node id="4184587455" visible="true" version="1" changeset="39303439" timestamp="2016-05-14T01:47:09Z" user="mcheckimport" uid="893327" lat="41.1016632" lon="16.8654431"/>
 <node id="4184587458" visible="true" version="1" changeset="39303439" timestamp="2016-05-14T01:47:09Z" user="mcheckimport" uid="893327" lat="41.1016639" lon="16.8652924"/>
 <node id="4184587459" visible="true" version="1" changeset="39303439" timestamp="2016-05-14T01:47:09Z" user="mcheckimport" uid="893327" lat="41.1016643" lon="16.8660728"/>
 <node id="4184587464" visible="true" version="1" changeset="39303439" timestamp="2016-05-14T01:47:10Z" user="mcheckimport" uid="893327" lat="41.1016652" lon="16.8660718"/>
 <node id="4184587468" visible="true" version="1" changeset="39303439" timestamp="2016-05-14T01:47:10Z" user="mcheckimport" uid="893327" lat="41.1016664" lon="16.8658842"/>
 <node id="4184587476" visible="true" version="1" changeset="39303439" timestamp="2016-05-14T01:47:11Z" user="mcheckimport" uid="893327" lat="41.1016698" lon="16.8658898"/>
 <node id="4184587482" visible="true" version="1" changeset="39303439" timestamp="2016-05-14T01:47:11Z" user="mcheckimport" uid="893327" lat="41.1016707" lon="16.8651487"/>
 <node id="4184587483" visible="true" version="1" changeset="39303439" timestamp="2016-05-14T01:47:11Z" user="mcheckimport" uid="893327" lat="41.1016709" lon="16.8660804"/>
 <node id="4184587484" visible="true" version="1" changeset="39303439" timestamp="2016-05-14T01:47:11Z" user="mcheckimport" uid="893327" lat="41.1016711" lon="16.8643330"/>
 <node id="4184587487" visible="true" version="1" changeset="39303439" timestamp="2016-05-14T01:47:11Z" user="mcheckimport" uid="893327" lat="41.1016721" lon="16.8660643"/>
 <node id="4184587511" visible="true" version="1" changeset="39303439" timestamp="2016-05-14T01:47:13Z" user="mcheckimport" uid="893327" lat="41.1016776" lon="16.8660732"/>
 <node id="4184587512" visible="true" version="1" changeset="39303439" timestamp="2016-05-14T01:47:13Z" user="mcheckimport" uid="893327" lat="41.1016781" lon="16.8649436"/>
 <node id="4184587519" visible="true" version="1" changeset="39303439" timestamp="2016-05-14T01:47:14Z" user="mcheckimport" uid="893327" lat="41.1016799" lon="16.8658696"/>
 <node id="4184587521" visible="true" version="2" changeset="162023247" timestamp="2025-02-01T19:22:32Z" user="Alexis04132" uid="20509407" lat="41.1016900" lon="16.8670664"/>
 <node id="4184587559" visible="true" version="1" changeset="39303439" timestamp="2016-05-14T01:47:17Z" user="mcheckimport" uid="893327" lat="41.1016883" lon="16.8661084"/>
 <node id="4184587567" visible="true" version="1" changeset="39303439" timestamp="2016-05-14T01:47:17Z" user="mcheckimport" uid="893327" lat="41.1016905" lon="16.8642841"/>
 <node id="4184587576" visible="true" version="1" changeset="39303439" timestamp="2016-05-14T01:47:18Z" user="mcheckimport" uid="893327" lat="41.1016915" lon="16.8642689"/>
 <node id="4184587923" visible="true" version="1" changeset="39303439" timestamp="2016-05-14T01:47:22Z" user="mcheckimport" uid="893327" lat="41.1016971" lon="16.8641796"/>
 <node id="4184587941" visible="true" version="1" changeset="39303439" timestamp="2016-05-14T01:47:23Z" user="mcheckimport" uid="893327" lat="41.1016990" lon="16.8641689"/>
 <node id="4184587954" visible="true" version="1" changeset="39303439" timestamp="2016-05-14T01:47:26Z" user="mcheckimport" uid="893327" lat="41.1017009" lon="16.8639776"/>
 <node id="4184587969" visible="true" version="1" changeset="39303439" timestamp="2016-05-14T01:47:27Z" user="mcheckimport" uid="893327" lat="41.1017019" lon="16.8641529"/>
 <node id="4184587981" visible="true" version="1" changeset="39303439" timestamp="2016-05-14T01:47:27Z" user="mcheckimport" uid="893327" lat="41.1017029" lon="16.8639768"/>
 <node id="4184588373" visible="true" version="1" changeset="39303439" timestamp="2016-05-14T01:48:19Z" user="mcheckimport" uid="893327" lat="41.1019059" lon="16.8638524"/>
 <node id="4184588495" visible="true" version="1" changeset="39303439" timestamp="2016-05-14T01:47:28Z" user="mcheckimport" uid="893327" lat="41.1017047" lon="16.8641213"/>
 <node id="4184588497" visible="true" version="1" changeset="39303439" timestamp="2016-05-14T01:47:29Z" user="mcheckimport" uid="893327" lat="41.1017049" lon="16.8639619"/>
 <node id="4184588503" visible="true" version="1" changeset="39303439" timestamp="2016-05-14T01:47:29Z" user="mcheckimport" uid="893327" lat="41.1017059" lon="16.8641080"/>
 <node id="4184589093" visible="true" version="1" changeset="39303439" timestamp="2016-05-14T01:47:38Z" user="mcheckimport" uid="893327" lat="41.1017312" lon="16.8643772"/>
 <node id="4184589101" visible="true" version="1" changeset="39303439" timestamp="2016-05-14T01:47:38Z" user="mcheckimport" uid="893327" lat="41.1017371" lon="16.8643770"/>
 <node id="4184589104" visible="true" version="1" changeset="39303439" timestamp="2016-05-14T01:47:38Z" user="mcheckimport" uid="893327" lat="41.1017382" lon="16.8643496"/>
 <node id="4184589134" visible="true" version="1" changeset="39303439" timestamp="2016-05-14T01:47:41Z" user="mcheckimport" uid="893327" lat="41.1017524" lon="16.8639592"/>
 <node id="4184589159" visible="true" version="1" changeset="39303439" timestamp="2016-05-14T01:47:42Z" user="mcheckimport" uid="893327" lat="41.1017594" lon="16.8642994"/>
 <node id="4184589161" visible="true" version="1" changeset="39303439" timestamp="2016-05-14T01:47:43Z" user="mcheckimport" uid="893327" lat="41.1017600" lon="16.8642904"/>
 <node id="4184589180" visible="true" version="1" changeset="39303439" timestamp="2016-05-14T01:47:44Z" user="mcheckimport" uid="893327" lat="41.1017639" lon="16.8636323"/>
 <node id="4184589592" visible="true" version="1" changeset="39303439" timestamp="2016-05-14T01:47:45Z" user="mcheckimport" uid="893327" lat="41.1017683" lon="16.8635616"/>
 <node id="4184589595" visible="true" version="1" changeset="39303439" timestamp="2016-05-14T01:47:45Z" user="mcheckimport" uid="893327" lat="41.1017695" lon="16.8635424"/>
 <node id="4184589601" visible="true" version="1" changeset="39303439" timestamp="2016-05-14T01:47:46Z" user="mcheckimport" uid="893327" lat="41.1017723" lon="16.8660182"/>
 <node id="4184589602" visible="true" version="1" changeset="39303439" timestamp="2016-05-14T01:47:46Z" user="mcheckimport" uid="893327" lat="41.1017724" lon="16.8635489"/>
 <node id="4184589604" visible="true" version="1" changeset="39303439" timestamp="2016-05-14T01:47:46Z" user="mcheckimport" uid="893327" lat="41.1017730" lon="16.8635427"/>
 <node id="4184589606" visible="true" version="1" changeset="39303439" timestamp="2016-05-14T01:47:46Z" user="mcheckimport" uid="893327" lat="41.1017735" lon="16.8654509"/>
 <node id="4184589626" visible="true" version="1" changeset="39303439" timestamp="2016-05-14T01:47:48Z" user="mcheckimport" uid="893327" lat="41.1017787" lon="16.8651158"/>
 <node id="4184589628" visible="true" version="1" changeset="39303439" timestamp="2016-05-14T01:47:48Z" user="mcheckimport" uid="893327" lat="41.1017797" lon="16.8650905"/>
 <node id="4184589648" visible="true" version="1" changeset="39303439" timestamp="2016-05-14T01:47:50Z" user="mcheckimport" uid="893327" lat="41.1017854" lon="16.8651567"/>
 <node id="4184589657" visible="true" version="1" changeset="39303439" timestamp="2016-05-14T01:47:51Z" user="mcheckimport" uid="893327" lat="41.1017870" lon="16.8651164"/>
 <node id="4184589662" visible="true" version="1" changeset="39303439" timestamp="2016-05-14T01:47:51Z" user="mcheckimport" uid="893327" lat="41.1017892" lon="16.8642931"/>
 <node id="4184589664" visible="true" version="1" changeset="39303439" timestamp="2016-05-14T01:47:51Z" user="mcheckimport" uid="893327" lat="41.1017900" lon="16.8642803"/>
 <node id="4184589676" visible="true" version="1" changeset="39303439" timestamp="2016-05-14T01:47:52Z" user="mcheckimport" uid="893327" lat="41.1017947" lon="16.8642079"/>
 <node id="4184589677" visible="true" version="1" changeset="39303439" timestamp="2016-05-14T01:47:52Z" user="mcheckimport" uid="893327" lat="41.1017950" lon="16.8640278"/>
 <node id="4184589679" visible="true" version="1" changeset="39303439" timestamp="2016-05-14T01:47:52Z" user="mcheckimport" uid="893327" lat="41.1017958" lon="16.8636904"/>
 <node id="4184589680" visible="true" version="1" changeset="39303439" timestamp="2016-05-14T01:47:52Z" user="mcheckimport" uid="893327" lat="41.1017958" lon="16.8641100"/>
 <node id="4184589681" visible="true" version="1" changeset="39303439" timestamp="2016-05-14T01:47:52Z" user="mcheckimport" uid="893327" lat="41.1017960" lon="16.8641335"/>
 <node id="4184589684" visible="true" version="1" changeset="39303439" timestamp="2016-05-14T01:47:53Z" user="mcheckimport" uid="893327" lat="41.1017982" lon="16.8642084"/>
 <node id="4184589691" visible="true" version="1" changeset="39303439" timestamp="2016-05-14T01:47:53Z" user="mcheckimport" uid="893327" lat="41.1018016" lon="16.8640280"/>
 <node id="4184589693" visible="true" version="1" changeset="39303439" timestamp="2016-05-14T01:47:53Z" user="mcheckimport" uid="893327" lat="41.1018018" lon="16.8639710"/>
 <node id="4184589695" visible="true" version="1" changeset="39303439" timestamp="2016-05-14T01:47:54Z" user="mcheckimport" uid="893327" lat="41.1018021" lon="16.8641332"/>
 <node id="4184589696" visible="true" version="1" changeset="39303439" timestamp="2016-05-14T01:47:54Z" user="mcheckimport" uid="893327" lat="41.1018024" lon="16.8636825"/>
 <node id="4184589717" visible="true" version="1" changeset="39303439" timestamp="2016-05-14T01:47:55Z" user="mcheckimport" uid="893327" lat="41.1018101" lon="16.8651040"/>
 <node id="4184589719" visible="true" version="1" changeset="39303439" timestamp="2016-05-14T01:47:55Z" user="mcheckimport" uid="893327" lat="41.1018106" lon="16.8650927"/>
 <node id="4184589744" visible="true" version="1" changeset="39303439" timestamp="2016-05-14T01:47:57Z" user="mcheckimport" uid="893327" lat="41.1018200" lon="16.8636122"/>
 <node id="4184589751" visible="true" version="1" changeset="39303439" timestamp="2016-05-14T01:47:58Z" user="mcheckimport" uid="893327" lat="41.1018235" lon="16.8635632"/>
 <node id="4184589756" visible="true" version="1" changeset="39303439" timestamp="2016-05-14T01:47:59Z" user="mcheckimport" uid="893327" lat="41.1018242" lon="16.8635532"/>
 <node id="4184589757" visible="true" version="1" changeset="39303439" timestamp="2016-05-14T01:47:59Z" user="mcheckimport" uid="893327" lat="41.1018253" lon="16.8635361"/>
 <node id="4184589783" visible="true" version="1" changeset="39303439" timestamp="2016-05-14T01:48:01Z" user="mcheckimport" uid="893327" lat="41.1018323" lon="16.8636388"/>
 <node id="4184589785" visible="true" version="1" changeset="39303439" timestamp="2016-05-14T01:48:01Z" user="mcheckimport" uid="893327" lat="41.1018330" lon="16.8634146"/>
 <node id="4184589794" visible="true" version="1" changeset="39303439" timestamp="2016-05-14T01:48:02Z" user="mcheckimport" uid="893327" lat="41.1018352" lon="16.8636431"/>
 <node id="4184589795" visible="true" version="1" changeset="39303439" timestamp="2016-05-14T01:48:02Z" user="mcheckimport" uid="893327" lat="41.1018354" lon="16.8636351"/>
 <node id="4184589808" visible="true" version="1" changeset="39303439" timestamp="2016-05-14T01:48:03Z" user="mcheckimport" uid="893327" lat="41.1018451" lon="16.8643574"/>
 <node id="4184589818" visible="true" version="1" changeset="39303439" timestamp="2016-05-14T01:48:03Z" user="mcheckimport" uid="893327" lat="41.1018480" lon="16.8642861"/>
 <node id="4184589823" visible="true" version="1" changeset="39303439" timestamp="2016-05-14T01:48:04Z" user="mcheckimport" uid="893327" lat="41.1018495" lon="16.8642520"/>
 <node id="4184589864" visible="true" version="1" changeset="39303439" timestamp="2016-05-14T01:48:06Z" user="mcheckimport" uid="893327" lat="41.1018648" lon="16.8632378"/>
 <node id="4184589883" visible="true" version="1" changeset="39303439" timestamp="2016-05-14T01:48:08Z" user="mcheckimport" uid="893327" lat="41.1018713" lon="16.8631218"/>
 <node id="4184589886" visible="true" version="1" changeset="39303439" timestamp="2016-05-14T01:48:08Z" user="mcheckimport" uid="893327" lat="41.1018718" lon="16.8631136"/>
 <node id="4184589889" visible="true" version="1" changeset="39303439" timestamp="2016-05-14T01:48:08Z" user="mcheckimport" uid="893327" lat="41.1018720" lon="16.8642536"/>
 <node id="4184589909" visible="true" version="1" changeset="39303439" timestamp="2016-05-14T01:48:09Z" user="mcheckimport" uid="893327" lat="41.1018777" lon="16.8635820"/>
 <node id="4184589911" visible="true" version="1" changeset="39303439" timestamp="2016-05-14T01:48:10Z" user="mcheckimport" uid="893327" lat="41.1018781" lon="16.8635846"/>
 <node id="4184589917" visible="true" version="1" changeset="39303439" timestamp="2016-05-14T01:48:10Z" user="mcheckimport" uid="893327" lat="41.1018803" lon="16.8635792"/>
 <node id="4184589931" visible="true" version="1" changeset="39303439" timestamp="2016-05-14T01:48:11Z" user="mcheckimport" uid="893327" lat="41.1018839" lon="16.8631153"/>
 <node id="4184590011" visible="true" version="1" changeset="39303439" timestamp="2016-05-14T01:48:22Z" user="mcheckimport" uid="893327" lat="41.1019201" lon="16.8633508"/>
 <node id="4184590015" visible="true" version="1" changeset="39303439" timestamp="2016-05-14T01:48:22Z" user="mcheckimport" uid="893327" lat="41.1019210" lon="16.8631179"/>
 <node id="4184590019" visible="true" version="1" changeset="39303439" timestamp="2016-05-14T01:48:23Z" user="mcheckimport" uid="893327" lat="41.1019219" lon="16.8636401"/>
 <node id="4184590054" visible="true" version="1" changeset="39303439" timestamp="2016-05-14T01:48:26Z" user="mcheckimport" uid="893327" lat="41.1019280" lon="16.8636323"/>
 <node id="4184590286" visible="true" version="1" changeset="39303439" timestamp="2016-05-14T01:49:03Z" user="mcheckimport" uid="893327" lat="41.1020399" lon="16.8646288"/>
 <node id="4184590399" visible="true" version="1" changeset="39303439" timestamp="2016-05-14T01:48:29Z" user="mcheckimport" uid="893327" lat="41.1019400" lon="16.8651132"/>
 <node id="4184590430" visible="true" version="1" changeset="39303439" timestamp="2016-05-14T01:48:32Z" user="mcheckimport" uid="893327" lat="41.1019472" lon="16.8651141"/>
 <node id="4184590461" visible="true" version="1" changeset="39303439" timestamp="2016-05-14T01:48:35Z" user="mcheckimport" uid="893327" lat="41.1019531" lon="16.8649689"/>
 <node id="4184590463" visible="true" version="1" changeset="39303439" timestamp="2016-05-14T01:48:35Z" user="mcheckimport" uid="893327" lat="41.1019533" lon="16.8649631"/>
 <node id="4184590477" visible="true" version="1" changeset="39303439" timestamp="2016-05-14T01:48:37Z" user="mcheckimport" uid="893327" lat="41.1019571" lon="16.8633238"/>
 <node id="4184590480" visible="true" version="1" changeset="39303439" timestamp="2016-05-14T01:48:37Z" user="mcheckimport" uid="893327" lat="41.1019580" lon="16.8646228"/>
 <node id="4184590481" visible="true" version="1" changeset="39303439" timestamp="2016-05-14T01:48:37Z" user="mcheckimport" uid="893327" lat="41.1019585" lon="16.8632960"/>
 <node id="4184590693" visible="true" version="1" changeset="39303439" timestamp="2016-05-14T01:48:38Z" user="mcheckimport" uid="893327" lat="41.1019609" lon="16.8632507"/>
 <node id="4184590697" visible="true" version="1" changeset="39303439" timestamp="2016-05-14T01:48:38Z" user="mcheckimport" uid="893327" lat="41.1019621" lon="16.8632272"/>
 <node id="4184590703" visible="true" version="1" changeset="39303439" timestamp="2016-05-14T01:48:39Z" user="mcheckimport" uid="893327" lat="41.1019629" lon="16.8632118"/>
 <node id="4184590712" visible="true" version="1" changeset="39303439" timestamp="2016-05-14T01:48:39Z" user="mcheckimport" uid="893327" lat="41.1019671" lon="16.8631227"/>
 <node id="4184590720" visible="true" version="1" changeset="39303439" timestamp="2016-05-14T01:48:40Z" user="mcheckimport" uid="893327" lat="41.1019693" lon="16.8636927"/>
 <node id="4184591141" visible="true" version="1" changeset="39303439" timestamp="2016-05-14T01:49:07Z" user="mcheckimport" uid="893327" lat="41.1020551" lon="16.8642670"/>
 <node id="4184591168" visible="true" version="1" changeset="39303439" timestamp="2016-05-14T01:49:09Z" user="mcheckimport" uid="893327" lat="41.1020623" lon="16.8637092"/>
 <node id="4184591169" visible="true" version="1" changeset="39303439" timestamp="2016-05-14T01:49:09Z" user="mcheckimport" uid="893327" lat="41.1020628" lon="16.8637033"/>
 <node id="4184591432" visible="true" version="1" changeset="39303439" timestamp="2016-05-14T01:49:28Z" user="mcheckimport" uid="893327" lat="41.1021367" lon="16.8638789"/>
 <node id="4184591446" visible="true" version="1" changeset="39303439" timestamp="2016-05-14T01:49:29Z" user="mcheckimport" uid="893327" lat="41.1021410" lon="16.8638045"/>
 <node id="4184591459" visible="true" version="1" changeset="39303439" timestamp="2016-05-14T01:49:30Z" user="mcheckimport" uid="893327" lat="41.1021467" lon="16.8638053"/>
 <node id="4184591475" visible="true" version="1" changeset="39303439" timestamp="2016-05-14T01:49:32Z" user="mcheckimport" uid="893327" lat="41.1021519" lon="16.8637247"/>
 <node id="4184591486" visible="true" version="1" changeset="39303439" timestamp="2016-05-14T01:49:32Z" user="mcheckimport" uid="893327" lat="41.1021535" lon="16.8637250"/>
 <node id="4184591589" visible="true" version="1" changeset="39303439" timestamp="2016-05-14T01:49:33Z" user="mcheckimport" uid="893327" lat="41.1021540" lon="16.8637191"/>
 <node id="4184592699" visible="true" version="1" changeset="39303439" timestamp="2016-05-14T01:50:45Z" user="mcheckimport" uid="893327" lat="41.1024047" lon="16.8646871"/>
 <node id="4456246590" visible="true" version="2" changeset="47991598" timestamp="2017-04-21T05:54:13Z" user="gscholz" uid="109705" lat="41.1011402" lon="16.8620484"/>
 <node id="4456253193" visible="true" version="3" changeset="148435796" timestamp="2024-03-09T18:48:13Z" user="Alexis04132" uid="20509407" lat="41.1009921" lon="16.8646863">
  <tag k="highway" v="traffic_signals"/>
 </node>
 <node id="4456255422" visible="true" version="3" changeset="144068273" timestamp="2023-11-15T20:42:25Z" user="Alexis04132" uid="20509407" lat="41.1018261" lon="16.8568866"/>
 <node id="4456255423" visible="true" version="3" changeset="144068273" timestamp="2023-11-15T20:42:25Z" user="Alexis04132" uid="20509407" lat="41.1015566" lon="16.8580495"/>
 <node id="4462041776" visible="true" version="1" changeset="43127169" timestamp="2016-10-24T15:38:21Z" user="calfarome" uid="2511706" lat="41.1010955" lon="16.8646691"/>
 <node id="4462485147" visible="true" version="5" changeset="169868828" timestamp="2025-08-02T15:39:35Z" user="Alexis04132" uid="20509407" lat="41.1001538" lon="16.8645131">
  <tag k="crossing" v="traffic_signals"/>
  <tag k="crossing_ref" v="zebra"/>
  <tag k="highway" v="crossing"/>
 </node>
 <node id="4806960017" visible="true" version="1" changeset="47991598" timestamp="2017-04-21T05:54:13Z" user="gscholz" uid="109705" lat="41.1011138" lon="16.8631777"/>
 <node id="4806960018" visible="true" version="1" changeset="47991598" timestamp="2017-04-21T05:54:13Z" user="gscholz" uid="109705" lat="41.1011593" lon="16.8631823"/>
 <node id="4806967708" visible="true" version="1" changeset="47991648" timestamp="2017-04-21T05:56:42Z" user="gscholz" uid="109705" lat="41.1007328" lon="16.8693954"/>
 <node id="5395558208" visible="true" version="2" changeset="173975429" timestamp="2025-10-30T13:05:10Z" user="SerPe1976" uid="23449513" lat="41.0996006" lon="16.8672887"/>
 <node id="5440189628" visible="true" version="3" changeset="169868887" timestamp="2025-08-02T15:41:15Z" user="Alexis04132" uid="20509407" lat="41.1000469" lon="16.8647730">
  <tag k="crossing" v="traffic_signals"/>
  <tag k="crossing_ref" v="zebra"/>
  <tag k="highway" v="crossing"/>
 </node>
 <node id="5440189629" visible="true" version="3" changeset="169868887" timestamp="2025-08-02T15:41:15Z" user="Alexis04132" uid="20509407" lat="41.1000524" lon="16.8646172">
  <tag k="crossing" v="traffic_signals"/>
  <tag k="crossing_ref" v="zebra"/>
  <tag k="highway" v="crossing"/>
 </node>
 <node id="5440189630" visible="true" version="3" changeset="169868828" timestamp="2025-08-02T15:39:35Z" user="Alexis04132" uid="20509407" lat="41.1002422" lon="16.8646326">
  <tag k="crossing" v="traffic_signals"/>
  <tag k="crossing_ref" v="zebra"/>
  <tag k="highway" v="crossing"/>
 </node>
 <node id="5440189640" visible="true" version="3" changeset="169868887" timestamp="2025-08-02T15:41:15Z" user="Alexis04132" uid="20509407" lat="41.0993086" lon="16.8647175">
  <tag k="crossing" v="traffic_signals"/>
  <tag k="crossing_ref" v="zebra"/>
  <tag k="highway" v="crossing"/>
 </node>
 <node id="5440189641" visible="true" version="3" changeset="169868887" timestamp="2025-08-02T15:41:15Z" user="Alexis04132" uid="20509407" lat="41.0993050" lon="16.8645645">
  <tag k="crossing" v="traffic_signals"/>
  <tag k="crossing_ref" v="zebra"/>
  <tag k="highway" v="crossing"/>
 </node>
 <node id="5440189647" visible="true" version="1" changeset="56723572" timestamp="2018-02-27T13:42:22Z" user="corfede" uid="1960233" lat="41.1000252" lon="16.8672194"/>
 <node id="5824819461" visible="true" version="3" changeset="153106771" timestamp="2024-06-24T11:01:56Z" user="Alexis04132" uid="20509407" lat="41.1017501" lon="16.8645857">
  <tag k="addr:city" v="Bari"/>
  <tag k="addr:housenumber" v="87"/>
  <tag k="addr:postcode" v="70124"/>
  <tag k="addr:street" v="Viale del Concilio Vaticano II"/>
  <tag k="brand" v="Carrefour Market"/>
  <tag k="brand:wikidata" v="Q2689639"/>
  <tag k="name" v="Carrefour Market"/>
  <tag k="shop" v="supermarket"/>
  <tag k="website" v="https://www.carrefour.it/"/>
 </node>
 <node id="7159052503" visible="true" version="4" changeset="143178117" timestamp="2023-10-26T19:36:38Z" user="MapSpot" uid="10183030" lat="41.1013763" lon="16.8594269">
  <tag k="crossing" v="uncontrolled"/>
  <tag k="crossing:markings" v="yes"/>
  <tag k="highway" v="crossing"/>
  <tag k="tactile_paving" v="no"/>
 </node>
 <node id="7159052506" visible="true" version="2" changeset="144068273" timestamp="2023-11-15T20:42:25Z" user="Alexis04132" uid="20509407" lat="41.1014071" lon="16.8592143">
  <tag k="highway" v="crossing"/>
 </node>
 <node id="7159052508" visible="true" version="4" changeset="143178117" timestamp="2023-10-26T19:36:38Z" user="MapSpot" uid="10183030" lat="41.1014720" lon="16.8594321">
  <tag k="crossing" v="uncontrolled"/>
  <tag k="crossing:markings" v="yes"/>
  <tag k="highway" v="crossing"/>
  <tag k="tactile_paving" v="no"/>
 </node>
 <node id="7415293207" visible="true" version="1" changeset="83719501" timestamp="2020-04-17T17:30:28Z" user="mad_map" uid="693626" lat="41.0999580" lon="16.8651172"/>
 <node id="7415293208" visible="true" version="1" changeset="83719501" timestamp="2020-04-17T17:30:28Z" user="mad_map" uid="693626" lat="41.1000378" lon="16.8651212">
  <tag k="barrier" v="gate"/>
 </node>
 <node id="7415293209" visible="true" version="1" changeset="83719501" timestamp="2020-04-17T17:30:28Z" user="mad_map" uid="693626" lat="41.1001145" lon="16.8651251"/>
 <node id="7415293211" visible="true" version="1" changeset="83719501" timestamp="2020-04-17T17:30:28Z" user="mad_map" uid="693626" lat="41.1000456" lon="16.8648612"/>
 <node id="7415293214" visible="true" version="1" changeset="83719501" timestamp="2020-04-17T17:30:28Z" user="mad_map" uid="693626" lat="41.0998892" lon="16.8651105"/>
 <node id="7415382393" visible="true" version="4" changeset="172607379" timestamp="2025-09-29T11:14:19Z" user="Alexis04132" uid="20509407" lat="41.0940510" lon="16.8643197">
  <tag k="crossing" v="uncontrolled"/>
  <tag k="crossing:markings" v="yes"/>
  <tag k="highway" v="crossing"/>
 </node>
 <node id="11352369091" visible="true" version="2" changeset="169899012" timestamp="2025-08-03T11:08:01Z" user="Alexis04132" uid="20509407" lat="41.1017925" lon="16.8570311">
  <tag k="crossing" v="uncontrolled"/>
  <tag k="highway" v="crossing"/>
 </node>
 <node id="11396388644" visible="true" version="1" changeset="144798884" timestamp="2023-12-05T16:36:57Z" user="Irene Moretti" uid="20628231" lat="41.1010357" lon="16.8633237">
  <tag k="amenity" v="recycling"/>
 </node>
 <node id="11396389785" visible="true" version="1" changeset="144798875" timestamp="2023-12-05T16:36:41Z" user="Irene Moretti" uid="20628231" lat="41.1012083" lon="16.8631822">
  <tag k="amenity" v="recycling"/>
 </node>
 <node id="11516310138" visible="true" version="1" changeset="146246422" timestamp="2024-01-14T14:10:07Z" user="lukerock124" uid="15158546" lat="41.1005479" lon="16.8711438"/>
 <node id="11516310144" visible="true" version="2" changeset="173965180" timestamp="2025-10-30T09:18:22Z" user="SerPe1976" uid="23449513" lat="41.1006652" lon="16.8700344">
  <tag k="crossing" v="uncontrolled"/>
  <tag k="crossing:markings" v="yes"/>
  <tag k="highway" v="crossing"/>
 </node>
 <node id="11516310151" visible="true" version="2" changeset="157752716" timestamp="2024-10-11T11:29:28Z" user="_mrp_" uid="218322" lat="41.1007553" lon="16.8691768">
  <tag k="crossing" v="uncontrolled"/>
  <tag k="crossing:markings" v="yes"/>
  <tag k="highway" v="crossing"/>
 </node>
 <node id="11516310161" visible="true" version="2" changeset="162023247" timestamp="2025-02-01T19:22:32Z" user="Alexis04132" uid="20509407" lat="41.1007993" lon="16.8671667"/>
 <node id="11516310162" visible="true" version="2" changeset="173966007" timestamp="2025-10-30T09:34:58Z" user="SerPe1976" uid="23449513" lat="41.1007588" lon="16.8671751"/>
 <node id="11709021770" visible="true" version="2" changeset="169898598" timestamp="2025-08-03T10:59:22Z" user="Alexis04132" uid="20509407" lat="41.1003311" lon="16.8630267"/>
 <node id="11709021771" visible="true" version="2" changeset="169898598" timestamp="2025-08-03T10:59:22Z" user="Alexis04132" uid="20509407" lat="41.1003283" lon="16.8626384"/>
 <node id="11709021772" visible="true" version="1" changeset="148435796" timestamp="2024-03-09T18:48:13Z" user="Alexis04132" uid="20509407" lat="41.1003756" lon="16.8618087"/>
 <node id="11709021773" visible="true" version="1" changeset="148435796" timestamp="2024-03-09T18:48:13Z" user="Alexis04132" uid="20509407" lat="41.1003889" lon="16.8615815"/>
 <node id="11709021774" visible="true" version="1" changeset="148435796" timestamp="2024-03-09T18:48:13Z" user="Alexis04132" uid="20509407" lat="41.1003976" lon="16.8614860"/>
 <node id="11709021775" visible="true" version="1" changeset="148435796" timestamp="2024-03-09T18:48:13Z" user="Alexis04132" uid="20509407" lat="41.1004771" lon="16.8606063"/>
 <node id="11709021776" visible="true" version="1" changeset="148435796" timestamp="2024-03-09T18:48:13Z" user="Alexis04132" uid="20509407" lat="41.1005131" lon="16.8602281"/>
 <node id="11709021777" visible="true" version="1" changeset="148435796" timestamp="2024-03-09T18:48:13Z" user="Alexis04132" uid="20509407" lat="41.1005421" lon="16.8599455"/>
 <node id="11709021778" visible="true" version="2" changeset="169898598" timestamp="2025-08-03T10:59:22Z" user="Alexis04132" uid="20509407" lat="41.1006007" lon="16.8593200"/>
 <node id="11709021779" visible="true" version="1" changeset="148435796" timestamp="2024-03-09T18:48:13Z" user="Alexis04132" uid="20509407" lat="41.1010761" lon="16.8593690"/>
 <node id="11709021780" visible="true" version="1" changeset="148435796" timestamp="2024-03-09T18:48:13Z" user="Alexis04132" uid="20509407" lat="41.1009920" lon="16.8602659"/>
 <node id="11709021781" visible="true" version="1" changeset="148435796" timestamp="2024-03-09T18:48:13Z" user="Alexis04132" uid="20509407" lat="41.1009142" lon="16.8610901"/>
 <node id="11709021782" visible="true" version="1" changeset="148435796" timestamp="2024-03-09T18:48:13Z" user="Alexis04132" uid="20509407" lat="41.1008718" lon="16.8615568"/>
 <node id="11709021783" visible="true" version="1" changeset="148435796" timestamp="2024-03-09T18:48:13Z" user="Alexis04132" uid="20509407" lat="41.1008231" lon="16.8623179"/>
 <node id="11709021784" visible="true" version="2" changeset="169898598" timestamp="2025-08-03T10:59:22Z" user="Alexis04132" uid="20509407" lat="41.1007626" lon="16.8630701"/>
 <node id="11709021785" visible="true" version="2" changeset="169898598" timestamp="2025-08-03T10:59:22Z" user="Alexis04132" uid="20509407" lat="41.1008034" lon="16.8626857"/>
 <node id="11709021831" visible="true" version="1" changeset="148435796" timestamp="2024-03-09T18:48:13Z" user="Alexis04132" uid="20509407" lat="41.0993205" lon="16.8619915"/>
 <node id="11709021832" visible="true" version="1" changeset="148435796" timestamp="2024-03-09T18:48:13Z" user="Alexis04132" uid="20509407" lat="41.1002125" lon="16.8620751"/>
 <node id="11709021854" visible="true" version="1" changeset="148435796" timestamp="2024-03-09T18:48:13Z" user="Alexis04132" uid="20509407" lat="41.1001565" lon="16.8631583"/>
 <node id="11709021855" visible="true" version="1" changeset="148435796" timestamp="2024-03-09T18:48:13Z" user="Alexis04132" uid="20509407" lat="41.0993699" lon="16.8630832"/>
 <node id="11709081679" visible="true" version="1" changeset="148436488" timestamp="2024-03-09T19:10:32Z" user="Alexis04132" uid="20509407" lat="41.0993641" lon="16.8629547"/>
 <node id="11709081682" visible="true" version="1" changeset="148436488" timestamp="2024-03-09T19:10:32Z" user="Alexis04132" uid="20509407" lat="41.0993936" lon="16.8635877"/>
 <node id="11709081688" visible="true" version="2" changeset="153111442" timestamp="2024-06-24T12:57:49Z" user="Alexis04132" uid="20509407" lat="41.0991597" lon="16.8606630"/>
 <node id="11709081689" visible="true" version="1" changeset="148436488" timestamp="2024-03-09T19:10:32Z" user="Alexis04132" uid="20509407" lat="41.0991423" lon="16.8621080"/>
 <node id="11709081690" visible="true" version="1" changeset="148436488" timestamp="2024-03-09T19:10:32Z" user="Alexis04132" uid="20509407" lat="41.0991475" lon="16.8623645"/>
 <node id="11709081691" visible="true" version="1" changeset="148436488" timestamp="2024-03-09T19:10:32Z" user="Alexis04132" uid="20509407" lat="41.0991684" lon="16.8626873"/>
 <node id="11709081692" visible="true" version="1" changeset="148436488" timestamp="2024-03-09T19:10:32Z" user="Alexis04132" uid="20509407" lat="41.0991940" lon="16.8629807"/>
 <node id="11709081693" visible="true" version="1" changeset="148436488" timestamp="2024-03-09T19:10:32Z" user="Alexis04132" uid="20509407" lat="41.0992497" lon="16.8636840"/>
 <node id="11709081694" visible="true" version="1" changeset="148436488" timestamp="2024-03-09T19:10:32Z" user="Alexis04132" uid="20509407" lat="41.0992804" lon="16.8640984"/>
 <node id="11709081695" visible="true" version="1" changeset="148436488" timestamp="2024-03-09T19:10:32Z" user="Alexis04132" uid="20509407" lat="41.0993095" lon="16.8644850"/>
 <node id="11709081696" visible="true" version="2" changeset="173975429" timestamp="2025-10-30T13:05:10Z" user="SerPe1976" uid="23449513" lat="41.0993188" lon="16.8647981"/>
 <node id="11709081697" visible="true" version="1" changeset="148436488" timestamp="2024-03-09T19:10:32Z" user="Alexis04132" uid="20509407" lat="41.1000873" lon="16.8645419"/>
 <node id="11709081698" visible="true" version="1" changeset="148436488" timestamp="2024-03-09T19:10:32Z" user="Alexis04132" uid="20509407" lat="41.1002525" lon="16.8615944"/>
 <node id="11709081699" visible="true" version="1" changeset="148436488" timestamp="2024-03-09T19:10:32Z" user="Alexis04132" uid="20509407" lat="41.1001612" lon="16.8632508"/>
 <node id="11709081700" visible="true" version="1" changeset="148436488" timestamp="2024-03-09T19:10:32Z" user="Alexis04132" uid="20509407" lat="41.0992162" lon="16.8606536"/>
 <node id="11709081701" visible="true" version="1" changeset="148436488" timestamp="2024-03-09T19:10:32Z" user="Alexis04132" uid="20509407" lat="41.0993613" lon="16.8607890"/>
 <node id="11709081702" visible="true" version="1" changeset="148436488" timestamp="2024-03-09T19:10:32Z" user="Alexis04132" uid="20509407" lat="41.0993420" lon="16.8608380"/>
 <node id="11709081703" visible="true" version="2" changeset="148437116" timestamp="2024-03-09T19:28:35Z" user="Alexis04132" uid="20509407" lat="41.0993283" lon="16.8608899"/>
 <node id="11709081704" visible="true" version="1" changeset="148436488" timestamp="2024-03-09T19:10:32Z" user="Alexis04132" uid="20509407" lat="41.0993164" lon="16.8609793"/>
 <node id="11709081705" visible="true" version="1" changeset="148436488" timestamp="2024-03-09T19:10:32Z" user="Alexis04132" uid="20509407" lat="41.0993068" lon="16.8610937"/>
 <node id="11709081706" visible="true" version="1" changeset="148436488" timestamp="2024-03-09T19:10:32Z" user="Alexis04132" uid="20509407" lat="41.0993006" lon="16.8612070"/>
 <node id="11709081707" visible="true" version="1" changeset="148436488" timestamp="2024-03-09T19:10:32Z" user="Alexis04132" uid="20509407" lat="41.0992984" lon="16.8613151"/>
 <node id="11709081708" visible="true" version="1" changeset="148436488" timestamp="2024-03-09T19:10:32Z" user="Alexis04132" uid="20509407" lat="41.0993129" lon="16.8613809"/>
 <node id="11709081709" visible="true" version="1" changeset="148436488" timestamp="2024-03-09T19:10:32Z" user="Alexis04132" uid="20509407" lat="41.0993464" lon="16.8614591"/>
 <node id="11709081710" visible="true" version="1" changeset="148436488" timestamp="2024-03-09T19:10:32Z" user="Alexis04132" uid="20509407" lat="41.0993965" lon="16.8615094"/>
 <node id="11709081711" visible="true" version="1" changeset="148436488" timestamp="2024-03-09T19:10:32Z" user="Alexis04132" uid="20509407" lat="41.0994563" lon="16.8615385"/>
 <node id="11709081712" visible="true" version="1" changeset="148436488" timestamp="2024-03-09T19:10:32Z" user="Alexis04132" uid="20509407" lat="41.0995109" lon="16.8615397"/>
 <node id="11709081713" visible="true" version="1" changeset="148436488" timestamp="2024-03-09T19:10:32Z" user="Alexis04132" uid="20509407" lat="41.0995637" lon="16.8615187"/>
 <node id="11709081714" visible="true" version="1" changeset="148436488" timestamp="2024-03-09T19:10:32Z" user="Alexis04132" uid="20509407" lat="41.0996059" lon="16.8614837"/>
 <node id="11709081715" visible="true" version="1" changeset="148436488" timestamp="2024-03-09T19:10:32Z" user="Alexis04132" uid="20509407" lat="41.0996305" lon="16.8614323"/>
 <node id="11709081716" visible="true" version="1" changeset="148436488" timestamp="2024-03-09T19:10:32Z" user="Alexis04132" uid="20509407" lat="41.0996543" lon="16.8613541"/>
 <node id="11709081717" visible="true" version="1" changeset="148436488" timestamp="2024-03-09T19:10:32Z" user="Alexis04132" uid="20509407" lat="41.0996728" lon="16.8613132"/>
 <node id="11709081718" visible="true" version="1" changeset="148436488" timestamp="2024-03-09T19:10:32Z" user="Alexis04132" uid="20509407" lat="41.0997036" lon="16.8612677"/>
 <node id="11709081719" visible="true" version="1" changeset="148436488" timestamp="2024-03-09T19:10:32Z" user="Alexis04132" uid="20509407" lat="41.0997352" lon="16.8612350"/>
 <node id="11709081720" visible="true" version="1" changeset="148436488" timestamp="2024-03-09T19:10:32Z" user="Alexis04132" uid="20509407" lat="41.0997757" lon="16.8612140"/>
 <node id="11709081721" visible="true" version="1" changeset="148436488" timestamp="2024-03-09T19:10:32Z" user="Alexis04132" uid="20509407" lat="41.0998232" lon="16.8612163"/>
 <node id="11709081722" visible="true" version="1" changeset="148436488" timestamp="2024-03-09T19:10:32Z" user="Alexis04132" uid="20509407" lat="41.0998602" lon="16.8612385"/>
 <node id="11709081723" visible="true" version="1" changeset="148436488" timestamp="2024-03-09T19:10:32Z" user="Alexis04132" uid="20509407" lat="41.1000552" lon="16.8645395"/>
 <node id="11709081724" visible="true" version="2" changeset="173975429" timestamp="2025-10-30T13:05:10Z" user="SerPe1976" uid="23449513" lat="41.1000454" lon="16.8648442"/>
 <node id="11827956856" visible="true" version="1" changeset="150170379" timestamp="2024-04-18T11:21:36Z" user="Alexis04132" uid="20509407" lat="41.1014125" lon="16.8591720">
  <tag k="highway" v="traffic_signals"/>
  <tag k="traffic_signals" v="signal"/>
  <tag k="traffic_signals:direction" v="forward"/>
 </node>
 <node id="11827956858" visible="true" version="1" changeset="150170379" timestamp="2024-04-18T11:21:36Z" user="Alexis04132" uid="20509407" lat="41.1014626" lon="16.8595320">
  <tag k="highway" v="traffic_signals"/>
  <tag k="traffic_signals" v="signal"/>
  <tag k="traffic_signals:direction" v="forward"/>
 </node>
 <node id="11827956859" visible="true" version="1" changeset="150170379" timestamp="2024-04-18T11:21:36Z" user="Alexis04132" uid="20509407" lat="41.1013933" lon="16.8593146"/>
 <node id="11865787618" visible="true" version="1" changeset="150653927" timestamp="2024-04-29T09:43:46Z" user="giubar" uid="416478" lat="41.1031895" lon="16.8648686">
  <tag k="crossing" v="uncontrolled"/>
  <tag k="crossing:markings" v="zebra"/>
  <tag k="highway" v="crossing"/>
 </node>
 <node id="11865787619" visible="true" version="2" changeset="153106928" timestamp="2024-06-24T11:05:43Z" user="Alexis04132" uid="20509407" lat="41.1031813" lon="16.8649905">
  <tag k="crossing" v="uncontrolled"/>
  <tag k="crossing:markings" v="zebra"/>
  <tag k="highway" v="crossing"/>
 </node>
 <node id="11957804723" visible="true" version="2" changeset="153111628" timestamp="2024-06-24T13:01:45Z" user="Alexis04132" uid="20509407" lat="41.0993086" lon="16.8644724"/>
 <node id="11989825804" visible="true" version="2" changeset="172607379" timestamp="2025-09-29T11:14:19Z" user="Alexis04132" uid="20509407" lat="41.0947542" lon="16.8643749">
  <tag k="crossing" v="uncontrolled"/>
  <tag k="crossing:markings" v="yes"/>
  <tag k="highway" v="crossing"/>
 </node>
 <node id="11989825809" visible="true" version="2" changeset="162013253" timestamp="2025-02-01T14:36:19Z" user="Alexis04132" uid="20509407" lat="41.0932327" lon="16.8642587">
  <tag k="crossing" v="traffic_signals"/>
  <tag k="crossing:markings" v="yes"/>
  <tag k="highway" v="crossing"/>
 </node>
 <node id="11989825811" visible="true" version="2" changeset="162013253" timestamp="2025-02-01T14:36:19Z" user="Alexis04132" uid="20509407" lat="41.0929988" lon="16.8642406">
  <tag k="crossing" v="traffic_signals"/>
  <tag k="crossing:markings" v="yes"/>
  <tag k="highway" v="crossing"/>
 </node>
 <node id="12006313954" visible="true" version="1" changeset="153111442" timestamp="2024-06-24T12:57:49Z" user="Alexis04132" uid="20509407" lat="41.1001224" lon="16.8637449"/>
 <node id="12006313955" visible="true" version="1" changeset="153111442" timestamp="2024-06-24T12:57:49Z" user="Alexis04132" uid="20509407" lat="41.0997828" lon="16.8636328"/>
 <node id="12006313956" visible="true" version="1" changeset="153111442" timestamp="2024-06-24T12:57:49Z" user="Alexis04132" uid="20509407" lat="41.0998084" lon="16.8631251"/>
 <node id="12006355123" visible="true" version="1" changeset="153110145" timestamp="2024-06-24T12:29:06Z" user="Alexis04132" uid="20509407" lat="41.1024965" lon="16.8630764"/>
 <node id="12006355124" visible="true" version="1" changeset="153110145" timestamp="2024-06-24T12:29:06Z" user="Alexis04132" uid="20509407" lat="41.1012440" lon="16.8630583"/>
 <node id="12006355125" visible="true" version="1" changeset="153110145" timestamp="2024-06-24T12:29:06Z" user="Alexis04132" uid="20509407" lat="41.1011717" lon="16.8646100"/>
 <node id="12006355126" visible="true" version="1" changeset="153110145" timestamp="2024-06-24T12:29:06Z" user="Alexis04132" uid="20509407" lat="41.1024260" lon="16.8646879"/>
 <node id="12006355127" visible="true" version="1" changeset="153110145" timestamp="2024-06-24T12:29:06Z" user="Alexis04132" uid="20509407" lat="41.1016636" lon="16.8646428"/>
 <node id="12006355128" visible="true" version="1" changeset="153110145" timestamp="2024-06-24T12:29:06Z" user="Alexis04132" uid="20509407" lat="41.1016650" lon="16.8646072"/>
 <node id="12006355129" visible="true" version="1" changeset="153110145" timestamp="2024-06-24T12:29:06Z" user="Alexis04132" uid="20509407" lat="41.1021152" lon="16.8646542"/>
 <node id="12006355130" visible="true" version="1" changeset="153110145" timestamp="2024-06-24T12:29:06Z" user="Alexis04132" uid="20509407" lat="41.1021149" lon="16.8646832"/>
 <node id="12006425619" visible="true" version="3" changeset="173976017" timestamp="2025-10-30T13:17:09Z" user="SerPe1976" uid="23449513" lat="41.0993727" lon="16.8645703">
  <tag k="highway" v="traffic_signals"/>
  <tag k="traffic_signals" v="traffic_lights"/>
  <tag k="traffic_signals:direction" v="forward"/>
 </node>
 <node id="12006425622" visible="true" version="2" changeset="173976017" timestamp="2025-10-30T13:17:09Z" user="SerPe1976" uid="23449513" lat="41.0988985" lon="16.8646872">
  <tag k="highway" v="traffic_signals"/>
  <tag k="traffic_signals" v="traffic_lights"/>
  <tag k="traffic_signals:direction" v="forward"/>
 </node>
 <node id="12006425625" visible="true" version="1" changeset="153111628" timestamp="2024-06-24T13:01:45Z" user="Alexis04132" uid="20509407" lat="41.0991303" lon="16.8647024"/>
 <node id="12006425627" visible="true" version="1" changeset="153111628" timestamp="2024-06-24T13:01:45Z" user="Alexis04132" uid="20509407" lat="41.0992342" lon="16.8645545"/>
 <node id="12006425628" visible="true" version="1" changeset="153111628" timestamp="2024-06-24T13:01:45Z" user="Alexis04132" uid="20509407" lat="41.0992495" lon="16.8647133"/>
 <node id="12006425629" visible="true" version="1" changeset="153111628" timestamp="2024-06-24T13:01:45Z" user="Alexis04132" uid="20509407" lat="41.0990087" lon="16.8646954"/>
 <node id="12010347858" visible="true" version="1" changeset="153176890" timestamp="2024-06-25T21:48:08Z" user="Alexis04132" uid="20509407" lat="41.1010171" lon="16.8632446"/>
 <node id="12010347859" visible="true" version="1" changeset="153176890" timestamp="2024-06-25T21:48:08Z" user="Alexis04132" uid="20509407" lat="41.1002992" lon="16.8631710"/>
 <node id="12010347860" visible="true" version="1" changeset="153176890" timestamp="2024-06-25T21:48:08Z" user="Alexis04132" uid="20509407" lat="41.1002231" lon="16.8645463"/>
 <node id="12010347861" visible="true" version="1" changeset="153176890" timestamp="2024-06-25T21:48:08Z" user="Alexis04132" uid="20509407" lat="41.1009384" lon="16.8646015"/>
 <node id="12012171059" visible="true" version="1" changeset="153196933" timestamp="2024-06-26T10:54:02Z" user="Alexis04132" uid="20509407" lat="41.1008592" lon="16.8649914"/>
 <node id="12012171060" visible="true" version="1" changeset="153196933" timestamp="2024-06-26T10:54:02Z" user="Alexis04132" uid="20509407" lat="41.1008607" lon="16.8649190"/>
 <node id="12012171061" visible="true" version="1" changeset="153196933" timestamp="2024-06-26T10:54:02Z" user="Alexis04132" uid="20509407" lat="41.1006004" lon="16.8649017"/>
 <node id="12012171062" visible="true" version="1" changeset="153196933" timestamp="2024-06-26T10:54:02Z" user="Alexis04132" uid="20509407" lat="41.1004479" lon="16.8658006"/>
 <node id="12012171063" visible="true" version="1" changeset="153196933" timestamp="2024-06-26T10:54:02Z" user="Alexis04132" uid="20509407" lat="41.1001640" lon="16.8657887"/>
 <node id="12012171064" visible="true" version="1" changeset="153196933" timestamp="2024-06-26T10:54:02Z" user="Alexis04132" uid="20509407" lat="41.1000967" lon="16.8672465"/>
 <node id="12012171065" visible="true" version="1" changeset="153196933" timestamp="2024-06-26T10:54:02Z" user="Alexis04132" uid="20509407" lat="41.1005009" lon="16.8672157"/>
 <node id="12012171066" visible="true" version="1" changeset="153196933" timestamp="2024-06-26T10:54:02Z" user="Alexis04132" uid="20509407" lat="41.1005742" lon="16.8658908"/>
 <node id="12012171067" visible="true" version="1" changeset="153196933" timestamp="2024-06-26T10:54:02Z" user="Alexis04132" uid="20509407" lat="41.1008733" lon="16.8649988"/>
 <node id="12012171068" visible="true" version="1" changeset="153196933" timestamp="2024-06-26T10:54:02Z" user="Alexis04132" uid="20509407" lat="41.1008852" lon="16.8650129"/>
 <node id="12012195769" visible="true" version="1" changeset="153196933" timestamp="2024-06-26T10:54:02Z" user="Alexis04132" uid="20509407" lat="41.1008906" lon="16.8650337"/>
 <node id="12012195770" visible="true" version="1" changeset="153196933" timestamp="2024-06-26T10:54:02Z" user="Alexis04132" uid="20509407" lat="41.1008730" lon="16.8655946"/>
 <node id="12012195771" visible="true" version="1" changeset="153196933" timestamp="2024-06-26T10:54:02Z" user="Alexis04132" uid="20509407" lat="41.1008823" lon="16.8655951"/>
 <node id="12012195772" visible="true" version="1" changeset="153196933" timestamp="2024-06-26T10:54:02Z" user="Alexis04132" uid="20509407" lat="41.1008639" lon="16.8659162"/>
 <node id="12012195773" visible="true" version="1" changeset="153196933" timestamp="2024-06-26T10:54:02Z" user="Alexis04132" uid="20509407" lat="41.1005164" lon="16.8672120"/>
 <node id="12012195774" visible="true" version="1" changeset="153196933" timestamp="2024-06-26T10:54:02Z" user="Alexis04132" uid="20509407" lat="41.1007930" lon="16.8671473"/>
 <node id="12012195775" visible="true" version="1" changeset="153196933" timestamp="2024-06-26T10:54:02Z" user="Alexis04132" uid="20509407" lat="41.1005996" lon="16.8649547"/>
 <node id="12012195776" visible="true" version="1" changeset="153196933" timestamp="2024-06-26T10:54:02Z" user="Alexis04132" uid="20509407" lat="41.1005716" lon="16.8649539"/>
 <node id="12012195777" visible="true" version="1" changeset="153196933" timestamp="2024-06-26T10:54:02Z" user="Alexis04132" uid="20509407" lat="41.1004884" lon="16.8651080"/>
 <node id="12012195778" visible="true" version="1" changeset="153196933" timestamp="2024-06-26T10:54:02Z" user="Alexis04132" uid="20509407" lat="41.1004863" lon="16.8652260"/>
 <node id="12012195779" visible="true" version="1" changeset="153196933" timestamp="2024-06-26T10:54:02Z" user="Alexis04132" uid="20509407" lat="41.1004580" lon="16.8652253"/>
 <node id="12012195780" visible="true" version="1" changeset="153196933" timestamp="2024-06-26T10:54:02Z" user="Alexis04132" uid="20509407" lat="41.1002835" lon="16.8648786"/>
 <node id="12012195781" visible="true" version="1" changeset="153196933" timestamp="2024-06-26T10:54:02Z" user="Alexis04132" uid="20509407" lat="41.1002279" lon="16.8657914"/>
 <node id="12074992393" visible="true" version="1" changeset="154435588" timestamp="2024-07-26T10:23:57Z" user="Alexis04132" uid="20509407" lat="41.1023867" lon="16.8657214"/>
 <node id="12074992394" visible="true" version="1" changeset="154435588" timestamp="2024-07-26T10:23:57Z" user="Alexis04132" uid="20509407" lat="41.1023554" lon="16.8657391"/>
 <node id="12074992395" visible="true" version="1" changeset="154435588" timestamp="2024-07-26T10:23:57Z" user="Alexis04132" uid="20509407" lat="41.1023461" lon="16.8659086"/>
 <node id="12074992396" visible="true" version="1" changeset="154435588" timestamp="2024-07-26T10:23:57Z" user="Alexis04132" uid="20509407" lat="41.1023753" lon="16.8659113"/>
 <node id="12074992397" visible="true" version="1" changeset="154435588" timestamp="2024-07-26T10:23:57Z" user="Alexis04132" uid="20509407" lat="41.1023637" lon="16.8661567"/>
 <node id="12074992398" visible="true" version="1" changeset="154435588" timestamp="2024-07-26T10:23:57Z" user="Alexis04132" uid="20509407" lat="41.1023453" lon="16.8661980"/>
 <node id="12074992399" visible="true" version="1" changeset="154435588" timestamp="2024-07-26T10:23:57Z" user="Alexis04132" uid="20509407" lat="41.1023136" lon="16.8662229"/>
 <node id="12074992400" visible="true" version="1" changeset="154435588" timestamp="2024-07-26T10:23:57Z" user="Alexis04132" uid="20509407" lat="41.1019694" lon="16.8662637"/>
 <node id="12074992401" visible="true" version="1" changeset="154435588" timestamp="2024-07-26T10:23:57Z" user="Alexis04132" uid="20509407" lat="41.1018492" lon="16.8659825"/>
 <node id="12074992402" visible="true" version="1" changeset="154435588" timestamp="2024-07-26T10:23:57Z" user="Alexis04132" uid="20509407" lat="41.1016571" lon="16.8656706"/>
 <node id="12074992403" visible="true" version="1" changeset="154435588" timestamp="2024-07-26T10:23:57Z" user="Alexis04132" uid="20509407" lat="41.1016911" lon="16.8649603"/>
 <node id="12074992404" visible="true" version="1" changeset="154435588" timestamp="2024-07-26T10:23:57Z" user="Alexis04132" uid="20509407" lat="41.1023876" lon="16.8650104"/>
 <node id="12074992405" visible="true" version="1" changeset="154435588" timestamp="2024-07-26T10:23:57Z" user="Alexis04132" uid="20509407" lat="41.1023858" lon="16.8650553"/>
 <node id="12074992406" visible="true" version="1" changeset="154435588" timestamp="2024-07-26T10:23:57Z" user="Alexis04132" uid="20509407" lat="41.1024132" lon="16.8650567"/>
 <node id="12074992407" visible="true" version="1" changeset="154435588" timestamp="2024-07-26T10:23:57Z" user="Alexis04132" uid="20509407" lat="41.1016911" lon="16.8649445"/>
 <node id="12075042718" visible="true" version="1" changeset="154435795" timestamp="2024-07-26T10:29:27Z" user="Alexis04132" uid="20509407" lat="41.1013564" lon="16.8648999"/>
 <node id="12075042719" visible="true" version="1" changeset="154435795" timestamp="2024-07-26T10:29:27Z" user="Alexis04132" uid="20509407" lat="41.1011323" lon="16.8648839"/>
 <node id="12075042720" visible="true" version="1" changeset="154435795" timestamp="2024-07-26T10:29:27Z" user="Alexis04132" uid="20509407" lat="41.1011160" lon="16.8658302"/>
 <node id="12075042721" visible="true" version="1" changeset="154435795" timestamp="2024-07-26T10:29:27Z" user="Alexis04132" uid="20509407" lat="41.1011736" lon="16.8658325"/>
 <node id="12075042722" visible="true" version="1" changeset="154435795" timestamp="2024-07-26T10:29:27Z" user="Alexis04132" uid="20509407" lat="41.1011576" lon="16.8661305"/>
 <node id="12075042723" visible="true" version="1" changeset="154435795" timestamp="2024-07-26T10:29:27Z" user="Alexis04132" uid="20509407" lat="41.1015770" lon="16.8663108"/>
 <node id="12075042724" visible="true" version="1" changeset="154435795" timestamp="2024-07-26T10:29:27Z" user="Alexis04132" uid="20509407" lat="41.1018086" lon="16.8660617"/>
 <node id="12075042725" visible="true" version="1" changeset="154435795" timestamp="2024-07-26T10:29:27Z" user="Alexis04132" uid="20509407" lat="41.1015849" lon="16.8657118"/>
 <node id="12075042726" visible="true" version="1" changeset="154435795" timestamp="2024-07-26T10:29:27Z" user="Alexis04132" uid="20509407" lat="41.1015352" lon="16.8657609"/>
 <node id="12075042727" visible="true" version="1" changeset="154435795" timestamp="2024-07-26T10:29:27Z" user="Alexis04132" uid="20509407" lat="41.1015547" lon="16.8653330"/>
 <node id="12075042728" visible="true" version="1" changeset="154435795" timestamp="2024-07-26T10:29:27Z" user="Alexis04132" uid="20509407" lat="41.1015202" lon="16.8653309"/>
 <node id="12075042729" visible="true" version="1" changeset="154435795" timestamp="2024-07-26T10:29:27Z" user="Alexis04132" uid="20509407" lat="41.1013924" lon="16.8649412"/>
 <node id="12075042730" visible="true" version="1" changeset="154435795" timestamp="2024-07-26T10:29:27Z" user="Alexis04132" uid="20509407" lat="41.1013548" lon="16.8649386"/>
 <node id="12264647015" visible="true" version="1" changeset="158068665" timestamp="2024-10-18T21:31:55Z" user="Alexis04132" uid="20509407" lat="41.1023125" lon="16.8669666"/>
 <node id="12264647016" visible="true" version="1" changeset="158068665" timestamp="2024-10-18T21:31:55Z" user="Alexis04132" uid="20509407" lat="41.1020781" lon="16.8670214"/>
 <node id="12264647017" visible="true" version="1" changeset="158068665" timestamp="2024-10-18T21:31:55Z" user="Alexis04132" uid="20509407" lat="41.1017688" lon="16.8669998"/>
 <node id="12264647018" visible="true" version="1" changeset="158068665" timestamp="2024-10-18T21:31:55Z" user="Alexis04132" uid="20509407" lat="41.1017688" lon="16.8669204"/>
 <node id="12264647019" visible="true" version="1" changeset="158068665" timestamp="2024-10-18T21:31:55Z" user="Alexis04132" uid="20509407" lat="41.1017591" lon="16.8668095"/>
 <node id="12264647020" visible="true" version="1" changeset="158068665" timestamp="2024-10-18T21:31:55Z" user="Alexis04132" uid="20509407" lat="41.1018766" lon="16.8668177"/>
 <node id="12264647021" visible="true" version="1" changeset="158068665" timestamp="2024-10-18T21:31:55Z" user="Alexis04132" uid="20509407" lat="41.1018775" lon="16.8667313"/>
 <node id="12264647022" visible="true" version="1" changeset="158068665" timestamp="2024-10-18T21:31:55Z" user="Alexis04132" uid="20509407" lat="41.1018616" lon="16.8663922"/>
 <node id="12264647023" visible="true" version="1" changeset="158068665" timestamp="2024-10-18T21:31:55Z" user="Alexis04132" uid="20509407" lat="41.1023433" lon="16.8663402"/>
 <node id="12521230283" visible="true" version="1" changeset="161613151" timestamp="2025-01-21T19:33:04Z" user="Alexis04132" uid="20509407" lat="41.0994019" lon="16.8637929"/>
 <node id="12521230284" visible="true" version="1" changeset="161613151" timestamp="2025-01-21T19:33:04Z" user="Alexis04132" uid="20509407" lat="41.0993700" lon="16.8630815"/>
 <node id="12546192816" visible="true" version="1" changeset="161972964" timestamp="2025-01-31T11:10:12Z" user="Alexis04132" uid="20509407" lat="41.0912291" lon="16.8641107"/>
 <node id="12546192826" visible="true" version="1" changeset="161972964" timestamp="2025-01-31T11:10:12Z" user="Alexis04132" uid="20509407" lat="41.0914302" lon="16.8641279">
  <tag k="crossing" v="traffic_signals"/>
  <tag k="highway" v="crossing"/>
 </node>
 <node id="12549081862" visible="true" version="1" changeset="162013253" timestamp="2025-02-01T14:36:19Z" user="Alexis04132" uid="20509407" lat="41.0930686" lon="16.8642445"/>
 <node id="12549081863" visible="true" version="1" changeset="162013253" timestamp="2025-02-01T14:36:19Z" user="Alexis04132" uid="20509407" lat="41.0931559" lon="16.8642530"/>
 <node id="12549581330" visible="true" version="1" changeset="162023247" timestamp="2025-02-01T19:22:32Z" user="Alexis04132" uid="20509407" lat="41.1008478" lon="16.8672654"/>
 <node id="12549581331" visible="true" version="1" changeset="162023247" timestamp="2025-02-01T19:22:32Z" user="Alexis04132" uid="20509407" lat="41.1009429" lon="16.8672486"/>
 <node id="12549581332" visible="true" version="1" changeset="162023247" timestamp="2025-02-01T19:22:32Z" user="Alexis04132" uid="20509407" lat="41.1008549" lon="16.8670945">
  <tag k="highway" v="traffic_signals"/>
  <tag k="traffic_signals" v="signal"/>
  <tag k="traffic_signals:direction" v="forward"/>
 </node>
 <node id="12549581335" visible="true" version="1" changeset="162023247" timestamp="2025-02-01T19:22:32Z" user="Alexis04132" uid="20509407" lat="41.1013388" lon="16.8665704"/>
 <node id="12549581336" visible="true" version="1" changeset="162023247" timestamp="2025-02-01T19:22:32Z" user="Alexis04132" uid="20509407" lat="41.1016662" lon="16.8664649"/>
 <node id="12549581337" visible="true" version="1" changeset="162023247" timestamp="2025-02-01T19:22:32Z" user="Alexis04132" uid="20509407" lat="41.1017161" lon="16.8669309"/>
 <node id="12549581338" visible="true" version="1" changeset="162023247" timestamp="2025-02-01T19:22:32Z" user="Alexis04132" uid="20509407" lat="41.1016993" lon="16.8669298"/>
 <node id="12857568944" visible="true" version="1" changeset="166655246" timestamp="2025-05-23T12:57:36Z" user="Alexis04132" uid="20509407" lat="41.0962462" lon="16.8644833"/>
 <node id="12857568949" visible="true" version="1" changeset="166655246" timestamp="2025-05-23T12:57:36Z" user="Alexis04132" uid="20509407" lat="41.0961122" lon="16.8644736">
  <tag k="highway" v="traffic_signals"/>
  <tag k="traffic_signals" v="signal"/>
  <tag k="traffic_signals:direction" v="forward"/>
 </node>
 <node id="12857568968" visible="true" version="1" changeset="166655246" timestamp="2025-05-23T12:57:36Z" user="Alexis04132" uid="20509407" lat="41.0963660" lon="16.8644943">
  <tag k="crossing" v="traffic_signals"/>
  <tag k="highway" v="crossing"/>
 </node>
 <node id="12857568974" visible="true" version="2" changeset="172607379" timestamp="2025-09-29T11:14:19Z" user="Alexis04132" uid="20509407" lat="41.0961575" lon="16.8644769">
  <tag k="crossing" v="traffic_signals"/>
  <tag k="highway" v="crossing"/>
 </node>
 <node id="13043148747" visible="true" version="1" changeset="169868828" timestamp="2025-08-02T15:39:35Z" user="Alexis04132" uid="20509407" lat="41.1010268" lon="16.8632351"/>
 <node id="13043148748" visible="true" version="1" changeset="169868828" timestamp="2025-08-02T15:39:35Z" user="Alexis04132" uid="20509407" lat="41.1002919" lon="16.8631609"/>
 <node id="13043148749" visible="true" version="1" changeset="169868828" timestamp="2025-08-02T15:39:35Z" user="Alexis04132" uid="20509407" lat="41.1002151" lon="16.8645553"/>
 <node id="13043148750" visible="true" version="1" changeset="169868828" timestamp="2025-08-02T15:39:35Z" user="Alexis04132" uid="20509407" lat="41.1009478" lon="16.8646092"/>
 <node id="13043148751" visible="true" version="1" changeset="169868828" timestamp="2025-08-02T15:39:35Z" user="Alexis04132" uid="20509407" lat="41.1010111" lon="16.8632335"/>
 <node id="13043148752" visible="true" version="1" changeset="169868828" timestamp="2025-08-02T15:39:35Z" user="Alexis04132" uid="20509407" lat="41.1010195" lon="16.8630864"/>
 <node id="13043148753" visible="true" version="2" changeset="169898598" timestamp="2025-08-03T10:59:22Z" user="Alexis04132" uid="20509407" lat="41.1010150" lon="16.8631674">
  <tag k="crossing" v="uncontrolled"/>
  <tag k="crossing:markings" v="yes"/>
  <tag k="highway" v="crossing"/>
 </node>
 <node id="13043148754" visible="true" version="1" changeset="169868828" timestamp="2025-08-02T15:39:35Z" user="Alexis04132" uid="20509407" lat="41.1002749" lon="16.8634687"/>
 <node id="13043148755" visible="true" version="1" changeset="169868828" timestamp="2025-08-02T15:39:35Z" user="Alexis04132" uid="20509407" lat="41.1001489" lon="16.8634663"/>
 <node id="13043148756" visible="true" version="1" changeset="169868828" timestamp="2025-08-02T15:39:35Z" user="Alexis04132" uid="20509407" lat="41.1002092" lon="16.8634674">
  <tag k="crossing" v="uncontrolled"/>
  <tag k="crossing:markings" v="yes"/>
  <tag k="highway" v="crossing"/>
 </node>
 <node id="13043148757" visible="true" version="1" changeset="169868828" timestamp="2025-08-02T15:39:35Z" user="Alexis04132" uid="20509407" lat="41.1002171" lon="16.8645190"/>
 <node id="13043148758" visible="true" version="1" changeset="169868828" timestamp="2025-08-02T15:39:35Z" user="Alexis04132" uid="20509407" lat="41.1000893" lon="16.8645071"/>
 <node id="13043148759" visible="true" version="1" changeset="169868828" timestamp="2025-08-02T15:39:35Z" user="Alexis04132" uid="20509407" lat="41.1002462" lon="16.8645576"/>
 <node id="13043148760" visible="true" version="2" changeset="173976017" timestamp="2025-10-30T13:17:09Z" user="SerPe1976" uid="23449513" lat="41.1002302" lon="16.8648589"/>
 <node id="13043148761" visible="true" version="1" changeset="169868828" timestamp="2025-08-02T15:39:35Z" user="Alexis04132" uid="20509407" lat="41.1009258" lon="16.8646076"/>
 <node id="13043148762" visible="true" version="2" changeset="173966007" timestamp="2025-10-30T09:34:58Z" user="SerPe1976" uid="23449513" lat="41.1009108" lon="16.8649109"/>
 <node id="13043148763" visible="true" version="1" changeset="169868828" timestamp="2025-08-02T15:39:35Z" user="Alexis04132" uid="20509407" lat="41.1009493" lon="16.8645824"/>
 <node id="13043148764" visible="true" version="1" changeset="169868828" timestamp="2025-08-02T15:39:35Z" user="Alexis04132" uid="20509407" lat="41.1011527" lon="16.8645975"/>
 <node id="13043148765" visible="true" version="1" changeset="169868828" timestamp="2025-08-02T15:39:35Z" user="Alexis04132" uid="20509407" lat="41.1009977" lon="16.8645860">
  <tag k="crossing" v="traffic_signals"/>
  <tag k="highway" v="crossing"/>
 </node>
 <node id="13043154224" visible="true" version="2" changeset="169898598" timestamp="2025-08-03T10:59:22Z" user="Alexis04132" uid="20509407" lat="41.1003015" lon="16.8630073"/>
 <node id="13043154225" visible="true" version="1" changeset="169869011" timestamp="2025-08-02T15:45:03Z" user="Alexis04132" uid="20509407" lat="41.1001752" lon="16.8629970"/>
 <node id="13043154226" visible="true" version="1" changeset="169869011" timestamp="2025-08-02T15:45:03Z" user="Alexis04132" uid="20509407" lat="41.1002351" lon="16.8630023">
  <tag k="crossing" v="uncontrolled"/>
  <tag k="crossing:markings" v="yes"/>
  <tag k="highway" v="crossing"/>
 </node>
 <node id="13043154227" visible="true" version="2" changeset="169898598" timestamp="2025-08-03T10:59:22Z" user="Alexis04132" uid="20509407" lat="41.1003251" lon="16.8625392"/>
 <node id="13043154228" visible="true" version="1" changeset="169869011" timestamp="2025-08-02T15:45:03Z" user="Alexis04132" uid="20509407" lat="41.1002010" lon="16.8625291"/>
 <node id="13043154229" visible="true" version="2" changeset="169898598" timestamp="2025-08-03T10:59:22Z" user="Alexis04132" uid="20509407" lat="41.1003479" lon="16.8621409"/>
 <node id="13043154230" visible="true" version="1" changeset="169869011" timestamp="2025-08-02T15:45:03Z" user="Alexis04132" uid="20509407" lat="41.1002231" lon="16.8621280"/>
 <node id="13043154231" visible="true" version="1" changeset="169869011" timestamp="2025-08-02T15:45:03Z" user="Alexis04132" uid="20509407" lat="41.1002832" lon="16.8621343">
  <tag k="crossing" v="uncontrolled"/>
  <tag k="crossing:markings" v="yes"/>
  <tag k="highway" v="crossing"/>
 </node>
 <node id="13043154232" visible="true" version="2" changeset="169898598" timestamp="2025-08-03T10:59:22Z" user="Alexis04132" uid="20509407" lat="41.1003743" lon="16.8616491"/>
 <node id="13043154233" visible="true" version="1" changeset="169869011" timestamp="2025-08-02T15:45:03Z" user="Alexis04132" uid="20509407" lat="41.1002504" lon="16.8616332"/>
 <node id="13043154234" visible="true" version="1" changeset="169869011" timestamp="2025-08-02T15:45:03Z" user="Alexis04132" uid="20509407" lat="41.1003120" lon="16.8616411">
  <tag k="crossing" v="uncontrolled"/>
  <tag k="crossing:markings" v="yes"/>
  <tag k="highway" v="crossing"/>
 </node>
 <node id="13043154236" visible="true" version="1" changeset="169869011" timestamp="2025-08-02T15:45:03Z" user="Alexis04132" uid="20509407" lat="41.1001339" lon="16.8614868"/>
 <node id="13043154239" visible="true" version="1" changeset="169869011" timestamp="2025-08-02T15:45:03Z" user="Alexis04132" uid="20509407" lat="41.0991876" lon="16.8606584"/>
 <node id="13043154242" visible="true" version="1" changeset="169869011" timestamp="2025-08-02T15:45:03Z" user="Alexis04132" uid="20509407" lat="41.0991648" lon="16.8626312"/>
 <node id="13045303439" visible="true" version="1" changeset="169896063" timestamp="2025-08-03T09:59:19Z" user="Alexis04132" uid="20509407" lat="41.0984654" lon="16.8646571"/>
 <node id="13045376305" visible="true" version="1" changeset="169898598" timestamp="2025-08-03T10:59:22Z" user="Alexis04132" uid="20509407" lat="41.1010822" lon="16.8593628"/>
 <node id="13045376306" visible="true" version="1" changeset="169898598" timestamp="2025-08-03T10:59:22Z" user="Alexis04132" uid="20509407" lat="41.1005932" lon="16.8593085"/>
 <node id="13045376307" visible="true" version="1" changeset="169898598" timestamp="2025-08-03T10:59:22Z" user="Alexis04132" uid="20509407" lat="41.1003002" lon="16.8630329"/>
 <node id="13045376308" visible="true" version="1" changeset="169898598" timestamp="2025-08-03T10:59:22Z" user="Alexis04132" uid="20509407" lat="41.1007881" lon="16.8630816"/>
 <node id="13045376309" visible="true" version="1" changeset="169898598" timestamp="2025-08-03T10:59:22Z" user="Alexis04132" uid="20509407" lat="41.1005387" lon="16.8598766"/>
 <node id="13045376310" visible="true" version="1" changeset="169898598" timestamp="2025-08-03T10:59:22Z" user="Alexis04132" uid="20509407" lat="41.1005094" lon="16.8601869"/>
 <node id="13045376311" visible="true" version="1" changeset="169898598" timestamp="2025-08-03T10:59:22Z" user="Alexis04132" uid="20509407" lat="41.1004719" lon="16.8605842"/>
 <node id="13045376312" visible="true" version="1" changeset="169898598" timestamp="2025-08-03T10:59:22Z" user="Alexis04132" uid="20509407" lat="41.1004405" lon="16.8609206"/>
 <node id="13045376313" visible="true" version="1" changeset="169898598" timestamp="2025-08-03T10:59:22Z" user="Alexis04132" uid="20509407" lat="41.1004090" lon="16.8612644"/>
 <node id="13045376314" visible="true" version="1" changeset="169898598" timestamp="2025-08-03T10:59:22Z" user="Alexis04132" uid="20509407" lat="41.1003870" lon="16.8614893"/>
 <node id="13045376315" visible="true" version="1" changeset="169898598" timestamp="2025-08-03T10:59:22Z" user="Alexis04132" uid="20509407" lat="41.1008780" lon="16.8615537"/>
 <node id="13045376316" visible="true" version="1" changeset="169898598" timestamp="2025-08-03T10:59:22Z" user="Alexis04132" uid="20509407" lat="41.1008319" lon="16.8622924"/>
 <node id="13045376317" visible="true" version="1" changeset="169898598" timestamp="2025-08-03T10:59:22Z" user="Alexis04132" uid="20509407" lat="41.1005918" lon="16.8593232"/>
 <node id="13045376319" visible="true" version="1" changeset="169898598" timestamp="2025-08-03T10:59:22Z" user="Alexis04132" uid="20509407" lat="41.1005312" lon="16.8593139">
  <tag k="crossing" v="traffic_signals"/>
  <tag k="crossing:markings" v="yes"/>
  <tag k="highway" v="crossing"/>
 </node>
 <node id="13045376321" visible="true" version="1" changeset="169898598" timestamp="2025-08-03T10:59:22Z" user="Alexis04132" uid="20509407" lat="41.1006245" lon="16.8593119"/>
 <node id="13045376323" visible="true" version="1" changeset="169898598" timestamp="2025-08-03T10:59:22Z" user="Alexis04132" uid="20509407" lat="41.1002880" lon="16.8630979">
  <tag k="direction" v="forward"/>
  <tag k="highway" v="stop"/>
 </node>
 <node id="13045402077" visible="true" version="1" changeset="169899012" timestamp="2025-08-03T11:08:01Z" user="Alexis04132" uid="20509407" lat="41.1015870" lon="16.8579183">
  <tag k="crossing" v="uncontrolled"/>
  <tag k="crossing:markings" v="yes"/>
  <tag k="highway" v="crossing"/>
 </node>
 <node id="13180252154" visible="true" version="1" changeset="172606789" timestamp="2025-09-29T11:01:07Z" user="Alexis04132" uid="20509407" lat="41.0975155" lon="16.8645937">
  <tag k="crossing" v="uncontrolled"/>
  <tag k="crossing:markings" v="yes"/>
  <tag k="highway" v="crossing"/>
 </node>
 <node id="13269888461" visible="true" version="1" changeset="173966007" timestamp="2025-10-30T09:34:58Z" user="SerPe1976" uid="23449513" lat="41.1008183" lon="16.8683510"/>
 <node id="13269888467" visible="true" version="1" changeset="173966007" timestamp="2025-10-30T09:34:58Z" user="SerPe1976" uid="23449513" lat="41.1000891" lon="16.8672569"/>
 <node id="13269888468" visible="true" version="1" changeset="173966007" timestamp="2025-10-30T09:34:58Z" user="SerPe1976" uid="23449513" lat="41.1001583" lon="16.8657720"/>
 <node id="13269888469" visible="true" version="1" changeset="173966007" timestamp="2025-10-30T09:34:58Z" user="SerPe1976" uid="23449513" lat="41.1002202" lon="16.8657720"/>
 <node id="13269888470" visible="true" version="1" changeset="173966007" timestamp="2025-10-30T09:34:58Z" user="SerPe1976" uid="23449513" lat="41.1002746" lon="16.8648615"/>
 <node id="13269888471" visible="true" version="1" changeset="173966007" timestamp="2025-10-30T09:34:58Z" user="SerPe1976" uid="23449513" lat="41.1009298" lon="16.8649123"/>
 <node id="13269888472" visible="true" version="1" changeset="173966007" timestamp="2025-10-30T09:34:58Z" user="SerPe1976" uid="23449513" lat="41.1005043" lon="16.8672276"/>
 <node id="13269888473" visible="true" version="1" changeset="173966007" timestamp="2025-10-30T09:34:58Z" user="SerPe1976" uid="23449513" lat="41.1008950" lon="16.8649844"/>
 <node id="13269888474" visible="true" version="1" changeset="173966007" timestamp="2025-10-30T09:34:58Z" user="SerPe1976" uid="23449513" lat="41.1008947" lon="16.8650514"/>
 <node id="13269888475" visible="true" version="1" changeset="173966007" timestamp="2025-10-30T09:34:58Z" user="SerPe1976" uid="23449513" lat="41.1009214" lon="16.8650809"/>
 <node id="13269888476" visible="true" version="2" changeset="173976554" timestamp="2025-10-30T13:28:51Z" user="SerPe1976" uid="23449513" lat="41.1010499" lon="16.8663246"/>
 <node id="13269888477" visible="true" version="1" changeset="173966007" timestamp="2025-10-30T09:34:58Z" user="SerPe1976" uid="23449513" lat="41.1008494" lon="16.8663112"/>
 <node id="13269888478" visible="true" version="1" changeset="173966007" timestamp="2025-10-30T09:34:58Z" user="SerPe1976" uid="23449513" lat="41.1009466" lon="16.8663169"/>
 <node id="13269888479" visible="true" version="1" changeset="173966007" timestamp="2025-10-30T09:34:58Z" user="SerPe1976" uid="23449513" lat="41.1008990" lon="16.8663141">
  <tag k="crossing" v="uncontrolled"/>
  <tag k="crossing:markings" v="zebra"/>
  <tag k="highway" v="crossing"/>
 </node>
 <node id="13269888480" visible="true" version="1" changeset="173966007" timestamp="2025-10-30T09:34:58Z" user="SerPe1976" uid="23449513" lat="41.1009982" lon="16.8663199">
  <tag k="crossing" v="uncontrolled"/>
  <tag k="crossing:markings" v="zebra"/>
  <tag k="highway" v="crossing"/>
 </node>
 <node id="13269888481" visible="true" version="2" changeset="173976554" timestamp="2025-10-30T13:28:51Z" user="SerPe1976" uid="23449513" lat="41.1011283" lon="16.8649205"/>
 <node id="13270237142" visible="true" version="1" changeset="173975429" timestamp="2025-10-30T13:05:10Z" user="SerPe1976" uid="23449513" lat="41.0999581" lon="16.8672604"/>
 <node id="13270237143" visible="true" version="1" changeset="173975429" timestamp="2025-10-30T13:05:10Z" user="SerPe1976" uid="23449513" lat="41.0994164" lon="16.8673033"/>
 <node id="13270237144" visible="true" version="1" changeset="173975429" timestamp="2025-10-30T13:05:10Z" user="SerPe1976" uid="23449513" lat="41.1000698" lon="16.8648645"/>
 <node id="13270237145" visible="true" version="1" changeset="173975429" timestamp="2025-10-30T13:05:10Z" user="SerPe1976" uid="23449513" lat="41.1000597" lon="16.8651217">
  <tag k="crossing" v="unmarked"/>
  <tag k="crossing:markings" v="no"/>
  <tag k="highway" v="crossing"/>
 </node>
 <node id="13270237146" visible="true" version="1" changeset="173975429" timestamp="2025-10-30T13:05:10Z" user="SerPe1976" uid="23449513" lat="41.0998433" lon="16.8672695"/>
 <node id="13270237149" visible="true" version="1" changeset="173975429" timestamp="2025-10-30T13:05:10Z" user="SerPe1976" uid="23449513" lat="41.0994155" lon="16.8672757"/>
 <node id="13270237150" visible="true" version="1" changeset="173975429" timestamp="2025-10-30T13:05:10Z" user="SerPe1976" uid="23449513" lat="41.0995366" lon="16.8648095"/>
 <node id="13270276925" visible="true" version="1" changeset="173976017" timestamp="2025-10-30T13:17:09Z" user="SerPe1976" uid="23449513" lat="41.1000690" lon="16.8648853"/>
 <node id="13270276926" visible="true" version="1" changeset="173976017" timestamp="2025-10-30T13:17:09Z" user="SerPe1976" uid="23449513" lat="41.1001964" lon="16.8648945"/>
 <node id="13270276927" visible="true" version="1" changeset="173976017" timestamp="2025-10-30T13:17:09Z" user="SerPe1976" uid="23449513" lat="41.1001286" lon="16.8648896">
  <tag k="crossing" v="traffic_signals"/>
  <tag k="crossing:markings" v="yes"/>
  <tag k="highway" v="crossing"/>
 </node>
 <node id="13270276928" visible="true" version="1" changeset="173976017" timestamp="2025-10-30T13:17:09Z" user="SerPe1976" uid="23449513" lat="41.1001982" lon="16.8648571"/>
 <node id="13270276929" visible="true" version="1" changeset="173976017" timestamp="2025-10-30T13:17:09Z" user="SerPe1976" uid="23449513" lat="41.1001952" lon="16.8649215"/>
 <node id="13270291154" visible="true" version="1" changeset="173976325" timestamp="2025-10-30T13:24:01Z" user="SerPe1976" uid="23449513" lat="41.1001881" lon="16.8650154"/>
 <node id="13270291155" visible="true" version="1" changeset="173976325" timestamp="2025-10-30T13:24:01Z" user="SerPe1976" uid="23449513" lat="41.1001568" lon="16.8656698"/>
 <node id="13270291156" visible="true" version="1" changeset="173976325" timestamp="2025-10-30T13:24:01Z" user="SerPe1976" uid="23449513" lat="41.1001908" lon="16.8649801">
  <tag k="crossing" v="unmarked"/>
  <tag k="crossing:markings" v="no"/>
  <tag k="highway" v="crossing"/>
 </node>
 <node id="13270291157" visible="true" version="2" changeset="173976554" timestamp="2025-10-30T13:28:51Z" user="SerPe1976" uid="23449513" lat="41.1001556" lon="16.8657128">
  <tag k="crossing" v="unmarked"/>
  <tag k="crossing:markings" v="no"/>
  <tag k="highway" v="crossing"/>
 </node>
 <node id="13270301107" visible="true" version="1" changeset="173976554" timestamp="2025-10-30T13:28:51Z" user="SerPe1976" uid="23449513" lat="41.1010299" lon="16.8666756"/>
 <node id="13270301109" visible="true" version="1" changeset="173976554" timestamp="2025-10-30T13:28:51Z" user="SerPe1976" uid="23449513" lat="41.1010441" lon="16.8664289"/>
 <node id="13270301110" visible="true" version="1" changeset="173976554" timestamp="2025-10-30T13:28:51Z" user="SerPe1976" uid="23449513" lat="41.1011310" lon="16.8648719"/>
 <node id="13270301111" visible="true" version="1" changeset="173976554" timestamp="2025-10-30T13:28:51Z" user="SerPe1976" uid="23449513" lat="41.1010378" lon="16.8665379">
  <tag k="crossing" v="uncontrolled"/>
  <tag k="crossing:markings" v="zebra"/>
  <tag k="highway" v="crossing"/>
 </node>
 <node id="13270331626" visible="true" version="1" changeset="173977869" timestamp="2025-10-30T13:52:01Z" user="SerPe1976" uid="23449513" lat="41.1010248" lon="16.8658807"/>
 <node id="13270331627" visible="true" version="1" changeset="173977869" timestamp="2025-10-30T13:52:01Z" user="SerPe1976" uid="23449513" lat="41.1013450" lon="16.8659176"/>
 <node id="13270331628" visible="true" version="1" changeset="173977869" timestamp="2025-10-30T13:52:01Z" user="SerPe1976" uid="23449513" lat="41.1014041" lon="16.8659357"/>
 <node id="13270331629" visible="true" version="1" changeset="173977869" timestamp="2025-10-30T13:52:01Z" user="SerPe1976" uid="23449513" lat="41.1015916" lon="16.8662167"/>
 <node id="13270331630" visible="true" version="1" changeset="173977869" timestamp="2025-10-30T13:52:01Z" user="SerPe1976" uid="23449513" lat="41.1010744" lon="16.8658864">
  <tag k="crossing" v="unmarked"/>
  <tag k="crossing:markings" v="no"/>
  <tag k="highway" v="crossing"/>
 </node>
 <node id="13270331631" visible="true" version="1" changeset="173977869" timestamp="2025-10-30T13:52:01Z" user="SerPe1976" uid="23449513" lat="41.1011711" lon="16.8658975">
  <tag k="access" v="private"/>
  <tag k="barrier" v="gate"/>
 </node>
 <node id="13270342479" visible="true" version="1" changeset="173978003" timestamp="2025-10-30T13:54:50Z" user="SerPe1976" uid="23449513" lat="41.1010577" lon="16.8653365"/>
 <node id="13270342480" visible="true" version="2" changeset="173978659" timestamp="2025-10-30T14:10:48Z" user="SerPe1976" uid="23449513" lat="41.1012923" lon="16.8653523"/>
 <node id="13270342481" visible="true" version="1" changeset="173978003" timestamp="2025-10-30T13:54:50Z" user="SerPe1976" uid="23449513" lat="41.1011049" lon="16.8653397">
  <tag k="crossing" v="unmarked"/>
  <tag k="crossing:markings" v="no"/>
  <tag k="highway" v="crossing"/>
 </node>
 <node id="13270347955" visible="true" version="1" changeset="173978659" timestamp="2025-10-30T14:10:48Z" user="SerPe1976" uid="23449513" lat="41.1013100" lon="16.8648506"/>
 <node id="13270347956" visible="true" version="1" changeset="173978659" timestamp="2025-10-30T14:10:48Z" user="SerPe1976" uid="23449513" lat="41.1012770" lon="16.8657821"/>
 <node id="13270347957" visible="true" version="1" changeset="173978659" timestamp="2025-10-30T14:10:48Z" user="SerPe1976" uid="23449513" lat="41.1013084" lon="16.8648965">
  <tag k="access" v="private"/>
  <tag k="barrier" v="gate"/>
 </node>
 <node id="13270347958" visible="true" version="1" changeset="173978659" timestamp="2025-10-30T14:10:48Z" user="SerPe1976" uid="23449513" lat="41.1011260" lon="16.8653411">
  <tag k="access" v="private"/>
  <tag k="barrier" v="gate"/>
 </node>
 <node id="13270347959" visible="true" version="1" changeset="173978659" timestamp="2025-10-30T14:10:48Z" user="SerPe1976" uid="23449513" lat="41.1012869" lon="16.8648826"/>
 <node id="13270347960" visible="true" version="1" changeset="173978659" timestamp="2025-10-30T14:10:48Z" user="SerPe1976" uid="23449513" lat="41.1013262" lon="16.8648901"/>
 <node id="13270347961" visible="true" version="1" changeset="173978659" timestamp="2025-10-30T14:10:48Z" user="SerPe1976" uid="23449513" lat="41.1013522" lon="16.8648920"/>
 <node id="13270347962" visible="true" version="1" changeset="173978659" timestamp="2025-10-30T14:10:48Z" user="SerPe1976" uid="23449513" lat="41.1013087" lon="16.8648868">
  <tag k="crossing" v="unmarked"/>
  <tag k="crossing:markings" v="no"/>
  <tag k="highway" v="crossing"/>
 </node>
 <node id="13270347963" visible="true" version="1" changeset="173978659" timestamp="2025-10-30T14:10:48Z" user="SerPe1976" uid="23449513" lat="41.1013985" lon="16.8649209"/>
 <node id="13270347964" visible="true" version="1" changeset="173978659" timestamp="2025-10-30T14:10:48Z" user="SerPe1976" uid="23449513" lat="41.1015776" lon="16.8649339"/>
 <way id="25655038" visible="true" version="9" changeset="153171576" timestamp="2024-06-25T19:03:59Z" user="Alexis04132" uid="20509407">
  <nd ref="279659956"/>
  <nd ref="11865787618"/>
  <nd ref="317934028"/>
  <nd ref="2625108983"/>
  <nd ref="279659957"/>
  <nd ref="4456253193"/>
  <tag k="highway" v="residential"/>
  <tag k="name" v="Viale del Concilio Vaticano Secondo"/>
  <tag k="oneway" v="yes"/>
  <tag k="postal_code" v="70124"/>
  <tag k="source" v="Stradario Bari"/>
 </way>
 <way id="25655039" visible="true" version="9" changeset="173976554" timestamp="2025-10-30T13:28:51Z" user="SerPe1976" uid="23449513">
  <nd ref="279659978"/>
  <nd ref="622137556"/>
  <nd ref="624106162"/>
  <nd ref="622137586"/>
  <nd ref="650731841"/>
  <nd ref="280800165"/>
  <nd ref="13270301111"/>
  <nd ref="353325209"/>
  <tag k="highway" v="unclassified"/>
  <tag k="name" v="Via Papa Paolo Sesto"/>
  <tag k="name:etymology:wikidata" v="Q16975"/>
  <tag k="oneway" v="yes"/>
 </way>
 <way id="25748594" visible="true" version="2" changeset="154436297" timestamp="2024-07-26T10:40:16Z" user="Alexis04132" uid="20509407">
  <nd ref="280800158"/>
  <nd ref="280800165"/>
  <tag k="highway" v="residential"/>
  <tag k="name" v="Seconda Strada De Angelis"/>
 </way>
 <way id="25748948" visible="true" version="6" changeset="169898598" timestamp="2025-08-03T10:59:22Z" user="Alexis04132" uid="20509407">
  <nd ref="4806960018"/>
  <nd ref="4806960017"/>
  <nd ref="280806246"/>
  <nd ref="13043148753"/>
  <nd ref="339222023"/>
  <nd ref="13045376323"/>
  <nd ref="280806249"/>
  <tag k="highway" v="unclassified"/>
  <tag k="name" v="Via Jan Palach"/>
 </way>
 <way id="25756821" visible="true" version="27" changeset="172606789" timestamp="2025-09-29T11:01:07Z" user="Alexis04132" uid="20509407">
  <nd ref="339216091"/>
  <nd ref="12546192816"/>
  <nd ref="12546192826"/>
  <nd ref="317931836"/>
  <nd ref="11989825811"/>
  <nd ref="12549081862"/>
  <nd ref="12549081863"/>
  <nd ref="11989825809"/>
  <nd ref="7415382393"/>
  <nd ref="11989825804"/>
  <nd ref="12857568949"/>
  <nd ref="12857568974"/>
  <nd ref="12857568944"/>
  <nd ref="12857568968"/>
  <nd ref="281603380"/>
  <nd ref="13180252154"/>
  <nd ref="339386141"/>
  <nd ref="13045303439"/>
  <nd ref="281603108"/>
  <nd ref="1081382018"/>
  <nd ref="12006425622"/>
  <nd ref="12006425629"/>
  <nd ref="12006425625"/>
  <nd ref="12006425628"/>
  <nd ref="5440189640"/>
  <nd ref="5440189628"/>
  <nd ref="280804206"/>
  <nd ref="280886093"/>
  <nd ref="2625108827"/>
  <nd ref="280886105"/>
  <nd ref="279659516"/>
  <tag k="highway" v="tertiary"/>
  <tag k="name" v="Viale Luigi De Laurentis"/>
  <tag k="oneway" v="yes"/>
 </way>
 <way id="28921804" visible="true" version="10" changeset="173978659" timestamp="2025-10-30T14:10:48Z" user="SerPe1976" uid="23449513">
  <nd ref="279659516"/>
  <nd ref="2625108979"/>
  <nd ref="13270347955"/>
  <nd ref="622137535"/>
  <nd ref="279659550"/>
  <nd ref="11865787619"/>
  <nd ref="279659549"/>
  <tag k="highway" v="residential"/>
  <tag k="name" v="Viale del Concilio Vaticano Secondo"/>
  <tag k="oneway" v="yes"/>
  <tag k="postal_code" v="70124"/>
  <tag k="source" v="Stradario Bari"/>
 </way>
 <way id="30673862" visible="true" version="5" changeset="164167279" timestamp="2025-03-27T14:46:56Z" user="Ferdinando Traversa" uid="4983516">
  <nd ref="339221912"/>
  <nd ref="1483768291"/>
  <nd ref="1483768294"/>
  <nd ref="1784654189"/>
  <nd ref="339222023"/>
  <tag k="highway" v="unclassified"/>
  <tag k="name" v="Via Robert Kennedy"/>
  <tag k="name:etymology:wikidata" v="Q25310"/>
  <tag k="oneway" v="yes"/>
 </way>
 <way id="30673888" visible="true" version="8" changeset="173941117" timestamp="2025-10-29T17:29:57Z" user="SerPe1976" uid="23449513">
  <nd ref="339222319"/>
  <nd ref="339222320"/>
  <nd ref="339222321"/>
  <nd ref="849586963"/>
  <nd ref="339222322"/>
  <nd ref="1518076142"/>
  <nd ref="339222323"/>
  <nd ref="1518076222"/>
  <nd ref="849586872"/>
  <nd ref="849586971"/>
  <nd ref="339222324"/>
  <nd ref="339222319"/>
  <tag k="addr:city" v="Bari"/>
  <tag k="addr:postcode" v="70124"/>
  <tag k="addr:street" v="Viale Mohandas Gandhi"/>
  <tag k="leisure" v="park"/>
  <tag k="name" v="Parco Don Tonino Bello"/>
  <tag k="opening_hours" v="Mo-Su 08:00-21:00"/>
 </way>
 <way id="49023756" visible="true" version="4" changeset="20008784" timestamp="2014-01-15T08:14:30Z" user="mcheckimport" uid="893327">
  <nd ref="622137556"/>
  <nd ref="650731836"/>
  <nd ref="624106126"/>
  <nd ref="624106129"/>
  <nd ref="624106132"/>
  <nd ref="624106147"/>
  <nd ref="622137535"/>
  <tag k="highway" v="residential"/>
 </way>
 <way id="49195711" visible="true" version="5" changeset="154436297" timestamp="2024-07-26T10:40:16Z" user="Alexis04132" uid="20509407">
  <nd ref="624106151"/>
  <nd ref="624106154"/>
  <nd ref="622137586"/>
  <tag k="highway" v="residential"/>
  <tag k="maxspeed:type" v="IT:urban"/>
  <tag k="name" v="Prima Strada De Angelis"/>
 </way>
 <way id="49195712" visible="true" version="4" changeset="157752716" timestamp="2024-10-11T11:29:28Z" user="_mrp_" uid="218322">
  <nd ref="624106162"/>
  <nd ref="1081381968"/>
  <tag k="highway" v="service"/>
  <tag k="service" v="parking_aisle"/>
 </way>
 <way id="50367907" visible="true" version="19" changeset="173978003" timestamp="2025-10-30T13:54:50Z" user="SerPe1976" uid="23449513">
  <nd ref="12549581331"/>
  <nd ref="2625108846"/>
  <nd ref="353325209"/>
  <nd ref="13269888480"/>
  <nd ref="13270331626"/>
  <nd ref="13270342479"/>
  <nd ref="2625108933"/>
  <nd ref="279659516"/>
  <nd ref="279659957"/>
  <nd ref="4462041776"/>
  <nd ref="2625108943"/>
  <nd ref="4806960018"/>
  <nd ref="279659891"/>
  <nd ref="279659935"/>
  <nd ref="1784654232"/>
  <nd ref="279660683"/>
  <nd ref="11827956858"/>
  <nd ref="7159052508"/>
  <nd ref="279380856"/>
  <tag k="highway" v="secondary"/>
  <tag k="lane_markings" v="no"/>
  <tag k="name" v="Viale John Fitzgerald Kennedy"/>
  <tag k="name:etymology:wikidata" v="Q9696"/>
  <tag k="oneway" v="yes"/>
  <tag k="surface" v="asphalt"/>
 </way>
 <way id="51035150" visible="true" version="2" changeset="157752716" timestamp="2024-10-11T11:29:28Z" user="_mrp_" uid="218322">
  <nd ref="650731836"/>
  <nd ref="650731841"/>
  <tag k="highway" v="service"/>
  <tag k="service" v="parking_aisle"/>
 </way>
 <way id="78055000" visible="true" version="4" changeset="161613151" timestamp="2025-01-21T19:33:04Z" user="Alexis04132" uid="20509407">
  <nd ref="917028496"/>
  <nd ref="917028500"/>
  <nd ref="1518076107"/>
  <nd ref="1518076170"/>
  <nd ref="1518076242"/>
  <nd ref="1518076256"/>
  <nd ref="12521230283"/>
  <nd ref="917028501"/>
  <nd ref="1518076259"/>
  <nd ref="917028503"/>
  <nd ref="917028496"/>
  <tag k="leisure" v="playground"/>
  <tag k="name" v="Perris Park"/>
 </way>
 <way id="95637909" visible="true" version="3" changeset="173976325" timestamp="2025-10-30T13:24:01Z" user="SerPe1976" uid="23449513">
  <nd ref="1108920208"/>
  <nd ref="13270291156"/>
  <nd ref="1108919992"/>
  <nd ref="650734058"/>
  <nd ref="280886095"/>
  <nd ref="13270291157"/>
  <nd ref="280886096"/>
  <tag k="highway" v="service"/>
 </way>
 <way id="147044775" visible="true" version="2" changeset="16996029" timestamp="2013-07-18T08:01:07Z" user="mcheckimport" uid="893327">
  <nd ref="1602401461"/>
  <nd ref="1602401478"/>
  <nd ref="1602401480"/>
  <nd ref="1602401479"/>
  <tag k="highway" v="footway"/>
  <tag k="layer" v="-1"/>
  <tag k="tunnel" v="yes"/>
 </way>
 <way id="167058901" visible="true" version="2" changeset="169868828" timestamp="2025-08-02T15:39:35Z" user="Alexis04132" uid="20509407">
  <nd ref="1784654308"/>
  <nd ref="13043148752"/>
  <nd ref="1784654268"/>
  <nd ref="1784654354"/>
  <nd ref="1784654260"/>
  <nd ref="1784654231"/>
  <nd ref="1784654283"/>
  <nd ref="1784654214"/>
  <nd ref="1784654221"/>
  <nd ref="1784654249"/>
  <nd ref="1784654266"/>
  <nd ref="1784654198"/>
  <nd ref="1784654217"/>
  <nd ref="1784654259"/>
  <nd ref="1784654308"/>
  <tag k="highway" v="footway"/>
 </way>
 <way id="167058918" visible="true" version="4" changeset="111647988" timestamp="2021-09-24T13:24:33Z" user="glix" uid="1858192">
  <nd ref="1784654243"/>
  <nd ref="1784654344"/>
  <nd ref="1784654239"/>
  <nd ref="1784654183"/>
  <nd ref="1784654345"/>
  <nd ref="1784654314"/>
  <nd ref="1784654333"/>
  <nd ref="1784654274"/>
  <nd ref="1784654281"/>
  <nd ref="1784654323"/>
  <nd ref="1784654215"/>
  <nd ref="1784654190"/>
  <nd ref="1784654184"/>
  <nd ref="1784654243"/>
  <tag k="addr:city" v="Bari"/>
  <tag k="addr:postcode" v="70124"/>
  <tag k="addr:street" v="Viale John Fitzgerald Kennedy"/>
  <tag k="leisure" v="park"/>
  <tag k="name" v="Giardino Monica Del Maso"/>
  <tag k="old_name:-2021-09-22" v="Giardino di Viale John Fitzgerald Kennedy"/>
  <tag k="opening_hours" v="24/7"/>
 </way>
 <way id="256887192" visible="true" version="1" changeset="20039361" timestamp="2014-01-16T19:22:19Z" user="mcheckimport" uid="893327">
  <nd ref="2625108624"/>
  <nd ref="2625108622"/>
  <nd ref="2625108550"/>
  <nd ref="2625108551"/>
  <nd ref="2625108525"/>
  <nd ref="2625108526"/>
  <nd ref="2625108554"/>
  <nd ref="2625108562"/>
  <nd ref="2625108632"/>
  <nd ref="2625108631"/>
  <nd ref="2625108639"/>
  <nd ref="2625108633"/>
  <nd ref="2625108624"/>
  <tag k="building" v="yes"/>
 </way>
 <way id="256887228" visible="true" version="1" changeset="20039361" timestamp="2014-01-16T19:22:22Z" user="mcheckimport" uid="893327">
  <nd ref="2625109049"/>
  <nd ref="2625109046"/>
  <nd ref="2625109053"/>
  <nd ref="2625109051"/>
  <nd ref="2625109040"/>
  <nd ref="2625108984"/>
  <nd ref="2625108989"/>
  <nd ref="2625108993"/>
  <nd ref="2625108997"/>
  <nd ref="2625109018"/>
  <nd ref="2625109017"/>
  <nd ref="2625109060"/>
  <nd ref="2625109058"/>
  <nd ref="2625109049"/>
  <tag k="building" v="yes"/>
 </way>
 <way id="256887273" visible="true" version="1" changeset="20039361" timestamp="2014-01-16T19:22:26Z" user="mcheckimport" uid="893327">
  <nd ref="2625108225"/>
  <nd ref="2625108236"/>
  <nd ref="2625108233"/>
  <nd ref="2625108266"/>
  <nd ref="2625108270"/>
  <nd ref="2625108403"/>
  <nd ref="2625108382"/>
  <nd ref="2625108324"/>
  <nd ref="2625108320"/>
  <nd ref="2625108186"/>
  <nd ref="2625108188"/>
  <nd ref="2625108138"/>
  <nd ref="2625108151"/>
  <nd ref="2625108205"/>
  <nd ref="2625108207"/>
  <nd ref="2625108227"/>
  <nd ref="2625108225"/>
  <tag k="building" v="yes"/>
 </way>
 <way id="256887310" visible="true" version="3" changeset="154435795" timestamp="2024-07-26T10:29:27Z" user="Alexis04132" uid="20509407">
  <nd ref="2625109151"/>
  <nd ref="2625109162"/>
  <nd ref="2625109159"/>
  <nd ref="2625109149"/>
  <nd ref="2625109148"/>
  <nd ref="2625109160"/>
  <nd ref="2625109158"/>
  <nd ref="2625109113"/>
  <nd ref="2625109115"/>
  <nd ref="2625109108"/>
  <nd ref="2625109112"/>
  <nd ref="2625109118"/>
  <nd ref="2625109120"/>
  <nd ref="2625109101"/>
  <nd ref="12075042729"/>
  <nd ref="2625109103"/>
  <nd ref="2625109161"/>
  <nd ref="2625109157"/>
  <nd ref="2625109164"/>
  <nd ref="2625109163"/>
  <nd ref="2625109153"/>
  <nd ref="2625109151"/>
  <tag k="building" v="yes"/>
 </way>
 <way id="384154663" visible="true" version="2" changeset="173966007" timestamp="2025-10-30T09:34:58Z" user="SerPe1976" uid="23449513">
  <nd ref="3874429656"/>
  <nd ref="13269888478"/>
  <nd ref="3874429650"/>
  <tag k="highway" v="footway"/>
 </way>
 <way id="384154666" visible="true" version="2" changeset="47991598" timestamp="2017-04-21T05:54:14Z" user="gscholz" uid="109705">
  <nd ref="3874441462"/>
  <nd ref="4806960017"/>
  <nd ref="3874441481"/>
  <nd ref="3874441490"/>
  <tag k="highway" v="footway"/>
 </way>
 <way id="417996525" visible="true" version="1" changeset="39303999" timestamp="2016-05-14T03:07:27Z" user="mcheckimport" uid="893327">
  <nd ref="4184583880"/>
  <nd ref="4184583883"/>
  <nd ref="4184584033"/>
  <nd ref="4184584037"/>
  <nd ref="4184583884"/>
  <nd ref="4184583885"/>
  <nd ref="4184583749"/>
  <nd ref="4184583748"/>
  <nd ref="4184583722"/>
  <nd ref="4184583719"/>
  <nd ref="4184583745"/>
  <nd ref="4184583744"/>
  <nd ref="4184583880"/>
 </way>
 <way id="417997055" visible="true" version="1" changeset="39303999" timestamp="2016-05-14T03:08:22Z" user="mcheckimport" uid="893327">
  <nd ref="4184583622"/>
  <nd ref="4184584391"/>
  <nd ref="4184584271"/>
  <nd ref="4184584254"/>
  <nd ref="4184584255"/>
  <nd ref="4184584642"/>
  <nd ref="4184584655"/>
  <nd ref="4184584649"/>
  <nd ref="4184584648"/>
  <nd ref="4184584643"/>
  <nd ref="4184584419"/>
  <nd ref="4184584227"/>
  <nd ref="4184584216"/>
  <nd ref="4184584210"/>
  <nd ref="4184584226"/>
  <nd ref="4184584257"/>
  <nd ref="4184584250"/>
  <nd ref="4184583590"/>
  <nd ref="4184583600"/>
  <nd ref="4184583630"/>
  <nd ref="4184583631"/>
  <nd ref="4184583383"/>
  <nd ref="4184583389"/>
  <nd ref="4184583638"/>
  <nd ref="4184583640"/>
  <nd ref="4184583616"/>
  <nd ref="4184583622"/>
 </way>
 <way id="417998945" visible="true" version="1" changeset="39303999" timestamp="2016-05-14T03:11:13Z" user="mcheckimport" uid="893327">
  <nd ref="4184586513"/>
  <nd ref="4184586311"/>
  <nd ref="4184586327"/>
  <nd ref="4184586328"/>
  <nd ref="4184586335"/>
  <nd ref="4184586516"/>
  <nd ref="4184586787"/>
  <nd ref="4184586786"/>
  <nd ref="4184586735"/>
  <nd ref="4184586733"/>
  <nd ref="4184586513"/>
  <tag k="building" v="yes"/>
 </way>
 <way id="417998967" visible="true" version="2" changeset="154435795" timestamp="2024-07-26T10:29:27Z" user="Alexis04132" uid="20509407">
  <nd ref="4184585381"/>
  <nd ref="4184585385"/>
  <nd ref="4184585359"/>
  <nd ref="4184585373"/>
  <nd ref="4184584111"/>
  <nd ref="12075042722"/>
  <nd ref="4184585630"/>
  <nd ref="4184585627"/>
  <nd ref="4184585661"/>
  <nd ref="4184585653"/>
  <nd ref="4184585650"/>
  <nd ref="4184585381"/>
  <tag k="building" v="yes"/>
 </way>
 <way id="417999045" visible="true" version="1" changeset="39303999" timestamp="2016-05-14T03:11:21Z" user="mcheckimport" uid="893327">
  <nd ref="4184586537"/>
  <nd ref="4184586560"/>
  <nd ref="4184586698"/>
  <nd ref="4184586705"/>
  <nd ref="4184586869"/>
  <nd ref="4184581278"/>
  <nd ref="4184586994"/>
  <nd ref="4184586981"/>
  <nd ref="4184586826"/>
  <nd ref="4184586582"/>
  <nd ref="4184586537"/>
  <tag k="building" v="yes"/>
 </way>
 <way id="417999256" visible="true" version="1" changeset="39303999" timestamp="2016-05-14T03:11:46Z" user="mcheckimport" uid="893327">
  <nd ref="4184587104"/>
  <nd ref="4184587101"/>
  <nd ref="4184587105"/>
  <nd ref="4184587111"/>
  <nd ref="4184587115"/>
  <nd ref="4184587186"/>
  <nd ref="4184587183"/>
  <nd ref="4184587182"/>
  <nd ref="4184587181"/>
  <nd ref="4184587179"/>
  <nd ref="4184587109"/>
  <nd ref="4184587104"/>
  <tag k="building" v="roof"/>
  <tag k="layer" v="1"/>
 </way>
 <way id="417999312" visible="true" version="2" changeset="154435588" timestamp="2024-07-26T10:23:57Z" user="Alexis04132" uid="20509407">
  <nd ref="4184590399"/>
  <nd ref="4184589717"/>
  <nd ref="4184589719"/>
  <nd ref="4184589628"/>
  <nd ref="4184589626"/>
  <nd ref="4184589657"/>
  <nd ref="4184589648"/>
  <nd ref="4184587482"/>
  <nd ref="4184587512"/>
  <nd ref="12074992407"/>
  <nd ref="4184590463"/>
  <nd ref="4184590461"/>
  <nd ref="4184590430"/>
  <nd ref="4184590399"/>
  <tag k="building" v="yes"/>
 </way>
 <way id="417999353" visible="true" version="1" changeset="39303999" timestamp="2016-05-14T03:11:55Z" user="mcheckimport" uid="893327">
  <nd ref="4184590480"/>
  <nd ref="4184587375"/>
  <nd ref="4184587378"/>
  <nd ref="4184589093"/>
  <nd ref="4184589101"/>
  <nd ref="4184589104"/>
  <nd ref="4184589808"/>
  <nd ref="4184589818"/>
  <nd ref="4184589823"/>
  <nd ref="4184589889"/>
  <nd ref="4184591141"/>
  <nd ref="4184590286"/>
  <nd ref="4184590480"/>
  <tag k="building" v="yes"/>
 </way>
 <way id="417999393" visible="true" version="1" changeset="39303999" timestamp="2016-05-14T03:11:57Z" user="mcheckimport" uid="893327">
  <nd ref="4184589696"/>
  <nd ref="4184589180"/>
  <nd ref="4184589592"/>
  <nd ref="4184589595"/>
  <nd ref="4184589604"/>
  <nd ref="4184589602"/>
  <nd ref="4184589756"/>
  <nd ref="4184589751"/>
  <nd ref="4184589744"/>
  <nd ref="4184589795"/>
  <nd ref="4184589783"/>
  <nd ref="4184589794"/>
  <nd ref="4184589696"/>
  <tag k="building" v="roof"/>
  <tag k="layer" v="1"/>
 </way>
 <way id="417999691" visible="true" version="2" changeset="153196933" timestamp="2024-06-26T10:54:02Z" user="Alexis04132" uid="20509407">
  <nd ref="4184582919"/>
  <nd ref="4184582855"/>
  <nd ref="4184582853"/>
  <nd ref="4184582852"/>
  <nd ref="4184582745"/>
  <nd ref="4184582775"/>
  <nd ref="4184583123"/>
  <nd ref="4184583124"/>
  <nd ref="4184583147"/>
  <nd ref="4184583134"/>
  <nd ref="4184583112"/>
  <nd ref="4184583071"/>
  <nd ref="4184583072"/>
  <nd ref="4184582919"/>
  <tag k="amenity" v="post_office"/>
  <tag k="building" v="yes"/>
  <tag k="name" v="Poste Italiane - CPD Bari Poggiofranco"/>
  <tag k="operator" v="Poste Italiane"/>
  <tag k="operator:wikidata" v="Q495026"/>
 </way>
 <way id="417999929" visible="true" version="1" changeset="39303999" timestamp="2016-05-14T03:12:22Z" user="mcheckimport" uid="893327">
  <nd ref="4184587155"/>
  <nd ref="4184587165"/>
  <nd ref="4184587097"/>
  <nd ref="4184587100"/>
  <nd ref="4184587167"/>
  <nd ref="4184587404"/>
  <nd ref="4184587412"/>
  <nd ref="4184587576"/>
  <nd ref="4184587567"/>
  <nd ref="4184589161"/>
  <nd ref="4184589159"/>
  <nd ref="4184587484"/>
  <nd ref="4184587443"/>
  <nd ref="4184587439"/>
  <nd ref="4184587155"/>
  <tag k="building" v="roof"/>
  <tag k="layer" v="1"/>
 </way>
 <way id="418000017" visible="true" version="1" changeset="39303999" timestamp="2016-05-14T03:12:26Z" user="mcheckimport" uid="893327">
  <nd ref="4184581940"/>
  <nd ref="4184581931"/>
  <nd ref="4184581915"/>
  <nd ref="4184581911"/>
  <nd ref="4184581035"/>
  <nd ref="4184581041"/>
  <nd ref="4184581065"/>
  <nd ref="4184581173"/>
  <nd ref="4184581180"/>
  <nd ref="4184581289"/>
  <nd ref="4184581083"/>
  <nd ref="4184581096"/>
  <nd ref="4184582193"/>
  <nd ref="4184582171"/>
  <nd ref="4184581948"/>
  <nd ref="4184581940"/>
  <tag k="building" v="yes"/>
 </way>
 <way id="418000189" visible="true" version="1" changeset="39303999" timestamp="2016-05-14T03:12:38Z" user="mcheckimport" uid="893327">
  <nd ref="4184583360"/>
  <nd ref="4184583414"/>
  <nd ref="4184583422"/>
  <nd ref="4184583425"/>
  <nd ref="4184583486"/>
  <nd ref="4184583485"/>
  <nd ref="4184583886"/>
  <nd ref="4184583887"/>
  <nd ref="4184584067"/>
  <nd ref="4184584065"/>
  <nd ref="4184584061"/>
  <nd ref="4184584268"/>
  <nd ref="4184584273"/>
  <nd ref="4184584253"/>
  <nd ref="4184583345"/>
  <nd ref="4184583360"/>
  <tag k="building" v="yes"/>
 </way>
 <way id="418000210" visible="true" version="1" changeset="39303999" timestamp="2016-05-14T03:12:39Z" user="mcheckimport" uid="893327">
  <nd ref="4184585921"/>
  <nd ref="4184585911"/>
  <nd ref="4184585908"/>
  <nd ref="4184585907"/>
  <nd ref="4184585903"/>
  <nd ref="4184585900"/>
  <nd ref="4184585897"/>
  <nd ref="4184585894"/>
  <nd ref="4184585657"/>
  <nd ref="4184585663"/>
  <nd ref="4184585675"/>
  <nd ref="4184585680"/>
  <nd ref="4184585702"/>
  <nd ref="4184585713"/>
  <nd ref="4184585933"/>
  <nd ref="4184585921"/>
  <tag k="building" v="yes"/>
 </way>
 <way id="418000473" visible="true" version="1" changeset="39303999" timestamp="2016-05-14T03:12:52Z" user="mcheckimport" uid="893327">
  <nd ref="4184583836"/>
  <nd ref="4184583594"/>
  <nd ref="4184583601"/>
  <nd ref="4184583627"/>
  <nd ref="4184583619"/>
  <nd ref="4184583623"/>
  <nd ref="4184583633"/>
  <nd ref="4184583646"/>
  <nd ref="4184583807"/>
  <nd ref="4184583799"/>
  <nd ref="4184583798"/>
  <nd ref="4184583855"/>
  <nd ref="4184583856"/>
  <nd ref="4184583861"/>
  <nd ref="4184584086"/>
  <nd ref="4184584053"/>
  <nd ref="4184583840"/>
  <nd ref="4184583836"/>
  <tag k="building" v="yes"/>
 </way>
 <way id="418000511" visible="true" version="1" changeset="39303999" timestamp="2016-05-14T03:12:54Z" user="mcheckimport" uid="893327">
  <nd ref="4184585642"/>
  <nd ref="4184585631"/>
  <nd ref="4184585612"/>
  <nd ref="4184585605"/>
  <nd ref="4184585603"/>
  <nd ref="4184584119"/>
  <nd ref="4184584121"/>
  <nd ref="4184584112"/>
  <nd ref="4184585446"/>
  <nd ref="4184585413"/>
  <nd ref="4184585410"/>
  <nd ref="4184585329"/>
  <nd ref="4184585347"/>
  <nd ref="4184585358"/>
  <nd ref="4184585364"/>
  <nd ref="4184585381"/>
  <nd ref="4184585650"/>
  <nd ref="4184585642"/>
  <tag k="building" v="yes"/>
 </way>
 <way id="418000561" visible="true" version="1" changeset="39303999" timestamp="2016-05-14T03:12:57Z" user="mcheckimport" uid="893327">
  <nd ref="4184585954"/>
  <nd ref="4184585928"/>
  <nd ref="4184585930"/>
  <nd ref="4184585889"/>
  <nd ref="4184585839"/>
  <nd ref="4184585841"/>
  <nd ref="4184585673"/>
  <nd ref="4184585668"/>
  <nd ref="4184585642"/>
  <nd ref="4184585650"/>
  <nd ref="4184585653"/>
  <nd ref="4184585692"/>
  <nd ref="4184585826"/>
  <nd ref="4184585828"/>
  <nd ref="4184585873"/>
  <nd ref="4184585871"/>
  <nd ref="4184585882"/>
  <nd ref="4184585929"/>
  <nd ref="4184585954"/>
  <tag k="building" v="yes"/>
 </way>
 <way id="418000651" visible="true" version="1" changeset="39303999" timestamp="2016-05-14T03:13:02Z" user="mcheckimport" uid="893327">
  <nd ref="4184590697"/>
  <nd ref="4184590693"/>
  <nd ref="4184590481"/>
  <nd ref="4184590477"/>
  <nd ref="4184590011"/>
  <nd ref="4184589785"/>
  <nd ref="4184589757"/>
  <nd ref="4184587355"/>
  <nd ref="4184587377"/>
  <nd ref="4184587382"/>
  <nd ref="4184587386"/>
  <nd ref="4184589864"/>
  <nd ref="4184589883"/>
  <nd ref="4184589886"/>
  <nd ref="4184589931"/>
  <nd ref="4184590015"/>
  <nd ref="4184590712"/>
  <nd ref="4184590703"/>
  <nd ref="4184590697"/>
  <tag k="building" v="yes"/>
 </way>
 <way id="418000669" visible="true" version="1" changeset="39303999" timestamp="2016-05-14T03:13:03Z" user="mcheckimport" uid="893327">
  <nd ref="4184585730"/>
  <nd ref="4184584141"/>
  <nd ref="4184584151"/>
  <nd ref="4184584168"/>
  <nd ref="4184584173"/>
  <nd ref="4184584156"/>
  <nd ref="4184584146"/>
  <nd ref="4184584148"/>
  <nd ref="4184584114"/>
  <nd ref="4184584123"/>
  <nd ref="4184584157"/>
  <nd ref="4184584165"/>
  <nd ref="4184585753"/>
  <nd ref="4184585740"/>
  <nd ref="4184585781"/>
  <nd ref="4184585776"/>
  <nd ref="4184585773"/>
  <nd ref="4184585746"/>
  <nd ref="4184585730"/>
  <tag k="building" v="yes"/>
 </way>
 <way id="418000855" visible="true" version="1" changeset="39303999" timestamp="2016-05-14T03:13:13Z" user="mcheckimport" uid="893327">
  <nd ref="4184589696"/>
  <nd ref="4184589794"/>
  <nd ref="4184589783"/>
  <nd ref="4184589795"/>
  <nd ref="4184589911"/>
  <nd ref="4184589909"/>
  <nd ref="4184589917"/>
  <nd ref="4184590019"/>
  <nd ref="4184590054"/>
  <nd ref="4184590720"/>
  <nd ref="4184591169"/>
  <nd ref="4184591168"/>
  <nd ref="4184591589"/>
  <nd ref="4184591486"/>
  <nd ref="4184591475"/>
  <nd ref="4184591459"/>
  <nd ref="4184591446"/>
  <nd ref="4184591432"/>
  <nd ref="4184588373"/>
  <nd ref="4184589679"/>
  <nd ref="4184589696"/>
  <tag k="building" v="yes"/>
 </way>
 <way id="418001347" visible="true" version="1" changeset="39303999" timestamp="2016-05-14T03:13:45Z" user="mcheckimport" uid="893327">
  <nd ref="4184584433"/>
  <nd ref="4184584413"/>
  <nd ref="4184583322"/>
  <nd ref="4184583318"/>
  <nd ref="4184583254"/>
  <nd ref="4184583246"/>
  <nd ref="4184583037"/>
  <nd ref="4184583046"/>
  <nd ref="4184582899"/>
  <nd ref="4184582909"/>
  <nd ref="4184582926"/>
  <nd ref="4184583468"/>
  <nd ref="4184583603"/>
  <nd ref="4184583599"/>
  <nd ref="4184583636"/>
  <nd ref="4184583663"/>
  <nd ref="4184583666"/>
  <nd ref="4184583764"/>
  <nd ref="4184583813"/>
  <nd ref="4184583993"/>
  <nd ref="4184583994"/>
  <nd ref="4184584075"/>
  <nd ref="4184584233"/>
  <nd ref="4184584228"/>
  <nd ref="4184584434"/>
  <nd ref="4184584433"/>
  <tag k="building" v="yes"/>
 </way>
 <way id="418001359" visible="true" version="2" changeset="154435795" timestamp="2024-07-26T10:29:27Z" user="Alexis04132" uid="20509407">
  <nd ref="4184584111"/>
  <nd ref="4184584122"/>
  <nd ref="4184584153"/>
  <nd ref="4184584162"/>
  <nd ref="4184584166"/>
  <nd ref="4184584137"/>
  <nd ref="4184584152"/>
  <nd ref="4184584160"/>
  <nd ref="4184585614"/>
  <nd ref="4184585613"/>
  <nd ref="4184585646"/>
  <nd ref="4184585648"/>
  <nd ref="4184585742"/>
  <nd ref="4184585738"/>
  <nd ref="4184585743"/>
  <nd ref="4184585734"/>
  <nd ref="4184585731"/>
  <nd ref="4184585762"/>
  <nd ref="4184585761"/>
  <nd ref="4184585725"/>
  <nd ref="4184585719"/>
  <nd ref="4184585716"/>
  <nd ref="4184585714"/>
  <nd ref="4184585689"/>
  <nd ref="4184585630"/>
  <nd ref="12075042722"/>
  <nd ref="4184584111"/>
  <tag k="building" v="yes"/>
 </way>
 <way id="418001375" visible="true" version="1" changeset="39303999" timestamp="2016-05-14T03:13:47Z" user="mcheckimport" uid="893327">
  <nd ref="4184582988"/>
  <nd ref="4184582991"/>
  <nd ref="4184582995"/>
  <nd ref="4184583004"/>
  <nd ref="4184582997"/>
  <nd ref="4184582998"/>
  <nd ref="4184583088"/>
  <nd ref="4184583114"/>
  <nd ref="4184583122"/>
  <nd ref="4184583135"/>
  <nd ref="4184583035"/>
  <nd ref="4184583033"/>
  <nd ref="4184583015"/>
  <nd ref="4184583016"/>
  <nd ref="4184583019"/>
  <nd ref="4184583021"/>
  <nd ref="4184583031"/>
  <nd ref="4184583020"/>
  <nd ref="4184583022"/>
  <nd ref="4184583050"/>
  <nd ref="4184583051"/>
  <nd ref="4184583388"/>
  <nd ref="4184583381"/>
  <nd ref="4184583378"/>
  <nd ref="4184583377"/>
  <nd ref="4184583366"/>
  <nd ref="4184582988"/>
  <tag k="building" v="yes"/>
 </way>
 <way id="418001418" visible="true" version="1" changeset="39303999" timestamp="2016-05-14T03:13:50Z" user="mcheckimport" uid="893327">
  <nd ref="4184586828"/>
  <nd ref="4184586706"/>
  <nd ref="4184586707"/>
  <nd ref="4184586557"/>
  <nd ref="4184586497"/>
  <nd ref="4184586366"/>
  <nd ref="4184586364"/>
  <nd ref="4184585988"/>
  <nd ref="4184585985"/>
  <nd ref="4184585954"/>
  <nd ref="4184585929"/>
  <nd ref="4184585961"/>
  <nd ref="4184586301"/>
  <nd ref="4184586374"/>
  <nd ref="4184586371"/>
  <nd ref="4184586495"/>
  <nd ref="4184586493"/>
  <nd ref="4184586502"/>
  <nd ref="4184586703"/>
  <nd ref="4184586713"/>
  <nd ref="4184586743"/>
  <nd ref="4184586769"/>
  <nd ref="4184586804"/>
  <nd ref="4184586823"/>
  <nd ref="4184586797"/>
  <nd ref="4184586830"/>
  <nd ref="4184586835"/>
  <nd ref="4184586828"/>
  <tag k="building" v="yes"/>
 </way>
 <way id="418001552" visible="true" version="1" changeset="39303999" timestamp="2016-05-14T03:13:58Z" user="mcheckimport" uid="893327">
  <nd ref="4184586812"/>
  <nd ref="4184586806"/>
  <nd ref="4184586796"/>
  <nd ref="4184586738"/>
  <nd ref="4184586542"/>
  <nd ref="4184585799"/>
  <nd ref="4184585793"/>
  <nd ref="4184584174"/>
  <nd ref="4184585599"/>
  <nd ref="4184585633"/>
  <nd ref="4184585658"/>
  <nd ref="4184585827"/>
  <nd ref="4184585820"/>
  <nd ref="4184585837"/>
  <nd ref="4184585833"/>
  <nd ref="4184585798"/>
  <nd ref="4184585796"/>
  <nd ref="4184585778"/>
  <nd ref="4184585767"/>
  <nd ref="4184585774"/>
  <nd ref="4184585884"/>
  <nd ref="4184585885"/>
  <nd ref="4184586378"/>
  <nd ref="4184586384"/>
  <nd ref="4184586541"/>
  <nd ref="4184586559"/>
  <nd ref="4184586690"/>
  <nd ref="4184586773"/>
  <nd ref="4184586822"/>
  <nd ref="4184586812"/>
  <tag k="building" v="yes"/>
 </way>
 <way id="418001649" visible="true" version="1" changeset="39303999" timestamp="2016-05-14T03:14:04Z" user="mcheckimport" uid="893327">
  <nd ref="4184587118"/>
  <nd ref="4184587122"/>
  <nd ref="4184581267"/>
  <nd ref="4184586941"/>
  <nd ref="4184586911"/>
  <nd ref="4184586907"/>
  <nd ref="4184586931"/>
  <nd ref="4184586905"/>
  <nd ref="4184586887"/>
  <nd ref="4184586855"/>
  <nd ref="4184586852"/>
  <nd ref="4184586731"/>
  <nd ref="4184586734"/>
  <nd ref="4184586569"/>
  <nd ref="4184586892"/>
  <nd ref="4184586917"/>
  <nd ref="4184581275"/>
  <nd ref="4184587123"/>
  <nd ref="4184587188"/>
  <nd ref="4184587427"/>
  <nd ref="4184587441"/>
  <nd ref="4184587476"/>
  <nd ref="4184587468"/>
  <nd ref="4184587519"/>
  <nd ref="4184589601"/>
  <nd ref="4184587559"/>
  <nd ref="4184587483"/>
  <nd ref="4184587511"/>
  <nd ref="4184587487"/>
  <nd ref="4184587464"/>
  <nd ref="4184587459"/>
  <nd ref="4184587118"/>
  <tag k="building" v="yes"/>
 </way>
 <way id="418001796" visible="true" version="1" changeset="39303999" timestamp="2016-05-14T03:14:10Z" user="mcheckimport" uid="893327">
  <nd ref="4184582893"/>
  <nd ref="4184582890"/>
  <nd ref="4184582884"/>
  <nd ref="4184582822"/>
  <nd ref="4184582826"/>
  <nd ref="4184582715"/>
  <nd ref="4184582709"/>
  <nd ref="4184582697"/>
  <nd ref="4184582665"/>
  <nd ref="4184582630"/>
  <nd ref="4184582613"/>
  <nd ref="4184582605"/>
  <nd ref="4184582540"/>
  <nd ref="4184582516"/>
  <nd ref="4184582512"/>
  <nd ref="4184582486"/>
  <nd ref="4184582451"/>
  <nd ref="4184582372"/>
  <nd ref="4184582373"/>
  <nd ref="4184582376"/>
  <nd ref="4184582384"/>
  <nd ref="4184582359"/>
  <nd ref="4184582371"/>
  <nd ref="4184582422"/>
  <nd ref="4184582421"/>
  <nd ref="4184582570"/>
  <nd ref="4184582579"/>
  <nd ref="4184582580"/>
  <nd ref="4184582624"/>
  <nd ref="4184582621"/>
  <nd ref="4184582842"/>
  <nd ref="4184582844"/>
  <nd ref="4184582896"/>
  <nd ref="4184582893"/>
  <tag k="building" v="yes"/>
 </way>
 <way id="418001894" visible="true" version="1" changeset="39303999" timestamp="2016-05-14T03:14:13Z" user="mcheckimport" uid="893327">
  <nd ref="4184584980"/>
  <nd ref="4184584978"/>
  <nd ref="4184584977"/>
  <nd ref="4184584965"/>
  <nd ref="4184584963"/>
  <nd ref="4184584985"/>
  <nd ref="4184584982"/>
  <nd ref="4184584961"/>
  <nd ref="4184584957"/>
  <nd ref="4184584975"/>
  <nd ref="4184584970"/>
  <nd ref="4184584954"/>
  <nd ref="4184584947"/>
  <nd ref="4184584430"/>
  <nd ref="4184584431"/>
  <nd ref="4184584443"/>
  <nd ref="4184584453"/>
  <nd ref="4184584471"/>
  <nd ref="4184584482"/>
  <nd ref="4184584483"/>
  <nd ref="4184584602"/>
  <nd ref="4184584606"/>
  <nd ref="4184584612"/>
  <nd ref="4184584594"/>
  <nd ref="4184584605"/>
  <nd ref="4184584595"/>
  <nd ref="4184584596"/>
  <nd ref="4184584609"/>
  <nd ref="4184584616"/>
  <nd ref="4184584630"/>
  <nd ref="4184584638"/>
  <nd ref="4184585040"/>
  <nd ref="4184585026"/>
  <nd ref="4184584998"/>
  <nd ref="4184584981"/>
  <nd ref="4184584980"/>
  <tag k="building" v="yes"/>
 </way>
 <way id="418002518" visible="true" version="1" changeset="39303999" timestamp="2016-05-14T03:14:36Z" user="mcheckimport" uid="893327">
  <nd ref="4184583245"/>
  <nd ref="4184583254"/>
  <nd ref="4184583318"/>
  <nd ref="4184583316"/>
  <nd ref="4184583245"/>
  <tag k="building" v="roof"/>
  <tag k="layer" v="1"/>
 </way>
 <way id="418002705" visible="true" version="1" changeset="39303999" timestamp="2016-05-14T03:14:42Z" user="mcheckimport" uid="893327">
  <nd ref="4184583074"/>
  <nd ref="4184582744"/>
  <nd ref="4184582755"/>
  <nd ref="4184583080"/>
  <nd ref="4184583074"/>
  <tag k="building" v="roof"/>
  <tag k="layer" v="1"/>
 </way>
 <way id="418003675" visible="true" version="1" changeset="39303999" timestamp="2016-05-14T03:15:15Z" user="mcheckimport" uid="893327">
  <nd ref="4184586976"/>
  <nd ref="4184586863"/>
  <nd ref="4184586866"/>
  <nd ref="4184586983"/>
  <nd ref="4184586976"/>
  <tag k="building" v="shed"/>
 </way>
 <way id="418003909" visible="true" version="1" changeset="39303999" timestamp="2016-05-14T03:15:23Z" user="mcheckimport" uid="893327">
  <nd ref="4184582980"/>
  <nd ref="4184582987"/>
  <nd ref="4184583139"/>
  <nd ref="4184583127"/>
  <nd ref="4184582980"/>
  <tag k="building" v="roof"/>
  <tag k="layer" v="1"/>
 </way>
 <way id="418004289" visible="true" version="1" changeset="39303999" timestamp="2016-05-14T03:15:38Z" user="mcheckimport" uid="893327">
  <nd ref="4184583360"/>
  <nd ref="4184583367"/>
  <nd ref="4184583422"/>
  <nd ref="4184583414"/>
  <nd ref="4184583360"/>
  <tag k="building" v="roof"/>
  <tag k="layer" v="1"/>
 </way>
 <way id="418005030" visible="true" version="1" changeset="39303999" timestamp="2016-05-14T03:16:08Z" user="mcheckimport" uid="893327">
  <nd ref="4184583066"/>
  <nd ref="4184582738"/>
  <nd ref="4184582750"/>
  <nd ref="4184583069"/>
  <nd ref="4184583066"/>
  <tag k="building" v="roof"/>
  <tag k="layer" v="1"/>
 </way>
 <way id="418005390" visible="true" version="1" changeset="39303999" timestamp="2016-05-14T03:16:30Z" user="mcheckimport" uid="893327">
  <nd ref="4184582853"/>
  <nd ref="4184582855"/>
  <nd ref="4184582919"/>
  <nd ref="4184582918"/>
  <nd ref="4184582853"/>
  <tag k="building" v="roof"/>
  <tag k="layer" v="1"/>
 </way>
 <way id="418005548" visible="true" version="1" changeset="39303999" timestamp="2016-05-14T03:16:45Z" user="mcheckimport" uid="893327">
  <nd ref="4184584268"/>
  <nd ref="4184584061"/>
  <nd ref="4184584065"/>
  <nd ref="4184584274"/>
  <nd ref="4184584268"/>
  <tag k="building" v="roof"/>
  <tag k="layer" v="1"/>
 </way>
 <way id="418005604" visible="true" version="1" changeset="39303999" timestamp="2016-05-14T03:16:53Z" user="mcheckimport" uid="893327">
  <nd ref="4184582774"/>
  <nd ref="4184582656"/>
  <nd ref="4184582676"/>
  <nd ref="4184582647"/>
  <nd ref="4184582636"/>
  <nd ref="4184582658"/>
  <nd ref="4184582667"/>
  <nd ref="4184582700"/>
  <nd ref="4184582707"/>
  <nd ref="4184582694"/>
  <nd ref="4184582646"/>
  <nd ref="4184582653"/>
  <nd ref="4184582684"/>
  <nd ref="4184582686"/>
  <nd ref="4184582659"/>
  <nd ref="4184582688"/>
  <nd ref="4184582712"/>
  <nd ref="4184582716"/>
  <nd ref="4184582695"/>
  <nd ref="4184582717"/>
  <nd ref="4184582723"/>
  <nd ref="4184582730"/>
  <nd ref="4184582761"/>
  <nd ref="4184583087"/>
  <nd ref="4184583077"/>
  <nd ref="4184583162"/>
  <nd ref="4184583138"/>
  <nd ref="4184583133"/>
  <nd ref="4184583085"/>
  <nd ref="4184583078"/>
  <nd ref="4184583131"/>
  <nd ref="4184583098"/>
  <nd ref="4184583049"/>
  <nd ref="4184583038"/>
  <nd ref="4184583048"/>
  <nd ref="4184582992"/>
  <nd ref="4184583009"/>
  <nd ref="4184582989"/>
  <nd ref="4184582987"/>
  <nd ref="4184582980"/>
  <nd ref="4184582979"/>
  <nd ref="4184582965"/>
  <nd ref="4184582937"/>
  <nd ref="4184582774"/>
  <tag k="building" v="yes"/>
 </way>
 <way id="418006131" visible="true" version="1" changeset="39303999" timestamp="2016-05-14T03:17:40Z" user="mcheckimport" uid="893327">
  <nd ref="4184587118"/>
  <nd ref="4184586996"/>
  <nd ref="4184586941"/>
  <nd ref="4184581267"/>
  <nd ref="4184587122"/>
  <nd ref="4184587118"/>
  <tag k="building" v="roof"/>
  <tag k="layer" v="1"/>
 </way>
 <way id="418006411" visible="true" version="1" changeset="39303999" timestamp="2016-05-14T03:17:57Z" user="mcheckimport" uid="893327">
  <nd ref="4184589161"/>
  <nd ref="4184587567"/>
  <nd ref="4184587576"/>
  <nd ref="4184587923"/>
  <nd ref="4184587941"/>
  <nd ref="4184587969"/>
  <nd ref="4184588495"/>
  <nd ref="4184588503"/>
  <nd ref="4184587389"/>
  <nd ref="4184587114"/>
  <nd ref="4184586715"/>
  <nd ref="4184586565"/>
  <nd ref="4184586551"/>
  <nd ref="4184585854"/>
  <nd ref="4184585849"/>
  <nd ref="4184585851"/>
  <nd ref="4184585804"/>
  <nd ref="4184585803"/>
  <nd ref="4184585790"/>
  <nd ref="4184585611"/>
  <nd ref="4184585619"/>
  <nd ref="4184585620"/>
  <nd ref="4184585622"/>
  <nd ref="4184585623"/>
  <nd ref="4184585684"/>
  <nd ref="4184585685"/>
  <nd ref="4184585802"/>
  <nd ref="4184585795"/>
  <nd ref="4184585984"/>
  <nd ref="4184586550"/>
  <nd ref="4184586568"/>
  <nd ref="4184586724"/>
  <nd ref="4184586730"/>
  <nd ref="4184586829"/>
  <nd ref="4184586885"/>
  <nd ref="4184581266"/>
  <nd ref="4184587954"/>
  <nd ref="4184587981"/>
  <nd ref="4184588497"/>
  <nd ref="4184589134"/>
  <nd ref="4184589693"/>
  <nd ref="4184589691"/>
  <nd ref="4184589677"/>
  <nd ref="4184589680"/>
  <nd ref="4184589681"/>
  <nd ref="4184589695"/>
  <nd ref="4184589684"/>
  <nd ref="4184589676"/>
  <nd ref="4184589664"/>
  <nd ref="4184589662"/>
  <nd ref="4184589161"/>
  <tag k="building" v="yes"/>
 </way>
 <way id="418006508" visible="true" version="1" changeset="39303999" timestamp="2016-05-14T03:18:11Z" user="mcheckimport" uid="893327">
  <nd ref="4184586806"/>
  <nd ref="4184586812"/>
  <nd ref="4184586873"/>
  <nd ref="4184586871"/>
  <nd ref="4184586901"/>
  <nd ref="4184586898"/>
  <nd ref="4184586806"/>
  <tag k="building" v="roof"/>
  <tag k="layer" v="1"/>
 </way>
 <way id="418006538" visible="true" version="1" changeset="39303999" timestamp="2016-05-14T03:18:17Z" user="mcheckimport" uid="893327">
  <nd ref="4184582747"/>
  <nd ref="4184582519"/>
  <nd ref="4184582541"/>
  <nd ref="4184582656"/>
  <nd ref="4184582774"/>
  <nd ref="4184582760"/>
  <nd ref="4184582747"/>
  <tag k="building" v="roof"/>
  <tag k="layer" v="1"/>
 </way>
 <way id="418006670" visible="true" version="1" changeset="39303999" timestamp="2016-05-14T03:18:26Z" user="mcheckimport" uid="893327">
  <nd ref="4184584978"/>
  <nd ref="4184584980"/>
  <nd ref="4184585019"/>
  <nd ref="4184585018"/>
  <nd ref="4184585013"/>
  <nd ref="4184585011"/>
  <nd ref="4184584978"/>
  <tag k="building" v="roof"/>
  <tag k="layer" v="1"/>
 </way>
 <way id="418006780" visible="true" version="1" changeset="39303999" timestamp="2016-05-14T03:18:32Z" user="mcheckimport" uid="893327">
  <nd ref="4184589648"/>
  <nd ref="4184589606"/>
  <nd ref="4184587455"/>
  <nd ref="4184587433"/>
  <nd ref="4184587458"/>
  <nd ref="4184587482"/>
  <nd ref="4184589648"/>
  <tag k="building" v="yes"/>
 </way>
 <way id="418007498" visible="true" version="1" changeset="39303999" timestamp="2016-05-14T03:19:28Z" user="mcheckimport" uid="893327">
  <nd ref="4184582909"/>
  <nd ref="4184582726"/>
  <nd ref="4184582747"/>
  <nd ref="4184582760"/>
  <nd ref="4184582774"/>
  <nd ref="4184582937"/>
  <nd ref="4184582926"/>
  <nd ref="4184582909"/>
  <tag k="building" v="yes"/>
 </way>
 <way id="418007628" visible="true" version="2" changeset="153196933" timestamp="2024-06-26T10:54:02Z" user="Alexis04132" uid="20509407">
  <nd ref="4184584895"/>
  <nd ref="4184584899"/>
  <nd ref="4184584950"/>
  <nd ref="4184584948"/>
  <nd ref="4184584895"/>
  <tag k="building" v="shed"/>
 </way>
 <way id="418007687" visible="true" version="1" changeset="39303999" timestamp="2016-05-14T03:19:49Z" user="mcheckimport" uid="893327">
  <nd ref="4184586551"/>
  <nd ref="4184586565"/>
  <nd ref="4184586715"/>
  <nd ref="4184586712"/>
  <nd ref="4184586711"/>
  <nd ref="4184586564"/>
  <nd ref="4184586545"/>
  <nd ref="4184586546"/>
  <nd ref="4184586551"/>
  <tag k="building" v="roof"/>
  <tag k="layer" v="1"/>
 </way>
 <way id="418007809" visible="true" version="1" changeset="39303999" timestamp="2016-05-14T03:19:58Z" user="mcheckimport" uid="893327">
  <nd ref="4184585790"/>
  <nd ref="4184585803"/>
  <nd ref="4184585849"/>
  <nd ref="4184585854"/>
  <nd ref="4184585852"/>
  <nd ref="4184585850"/>
  <nd ref="4184585787"/>
  <nd ref="4184585788"/>
  <nd ref="4184585790"/>
  <tag k="building" v="roof"/>
  <tag k="layer" v="1"/>
 </way>
 <way id="418008134" visible="true" version="1" changeset="39303999" timestamp="2016-05-14T03:20:26Z" user="mcheckimport" uid="893327">
  <nd ref="4184587412"/>
  <nd ref="4184587404"/>
  <nd ref="4184587113"/>
  <nd ref="4184587125"/>
  <nd ref="4184581287"/>
  <nd ref="4184586857"/>
  <nd ref="4184586864"/>
  <nd ref="4184587126"/>
  <nd ref="4184587417"/>
  <nd ref="4184587412"/>
  <tag k="building" v="shed"/>
 </way>
 <way id="418008167" visible="true" version="1" changeset="39303999" timestamp="2016-05-14T03:20:28Z" user="mcheckimport" uid="893327">
  <nd ref="4184582988"/>
  <nd ref="4184582893"/>
  <nd ref="4184582896"/>
  <nd ref="4184582904"/>
  <nd ref="4184582998"/>
  <nd ref="4184582997"/>
  <nd ref="4184583004"/>
  <nd ref="4184582995"/>
  <nd ref="4184582991"/>
  <nd ref="4184582988"/>
  <tag k="building" v="roof"/>
  <tag k="layer" v="1"/>
 </way>
 <way id="448630413" visible="true" version="22" changeset="173966007" timestamp="2025-10-30T09:34:58Z" user="SerPe1976" uid="23449513">
  <nd ref="4456255422"/>
  <nd ref="11352369091"/>
  <nd ref="13045402077"/>
  <nd ref="4456255423"/>
  <nd ref="11827956856"/>
  <nd ref="7159052506"/>
  <nd ref="11827956859"/>
  <nd ref="7159052503"/>
  <nd ref="339000466"/>
  <nd ref="1784654335"/>
  <nd ref="4456246590"/>
  <nd ref="280806246"/>
  <nd ref="13043148765"/>
  <nd ref="4456253193"/>
  <nd ref="280886105"/>
  <nd ref="2625108869"/>
  <nd ref="13269888479"/>
  <nd ref="12549581332"/>
  <nd ref="2625108805"/>
  <nd ref="12549581330"/>
  <nd ref="2625108801"/>
  <nd ref="639916891"/>
  <nd ref="650731886"/>
  <nd ref="13269888461"/>
  <nd ref="2625108792"/>
  <nd ref="279659150"/>
  <nd ref="11516310151"/>
  <nd ref="279659139"/>
  <nd ref="4806967708"/>
  <nd ref="11516310144"/>
  <nd ref="11516310138"/>
  <nd ref="2625108636"/>
  <nd ref="316576986"/>
  <tag k="cycleway:right" v="no"/>
  <tag k="highway" v="secondary"/>
  <tag k="maxspeed" v="50"/>
  <tag k="name" v="Viale John Fitzgerald Kennedy"/>
  <tag k="name:etymology:wikidata" v="Q9696"/>
  <tag k="oneway" v="yes"/>
  <tag k="sidewalk" v="right"/>
  <tag k="source" v="bing"/>
  <tag k="surface" v="asphalt"/>
 </way>
 <way id="564714780" visible="true" version="2" changeset="148436488" timestamp="2024-03-09T19:10:32Z" user="Alexis04132" uid="20509407">
  <nd ref="11709081723"/>
  <nd ref="5440189629"/>
  <nd ref="5440189628"/>
  <nd ref="11709081724"/>
  <tag k="crossing" v="traffic_signals"/>
  <tag k="crossing_ref" v="zebra"/>
  <tag k="footway" v="crossing"/>
  <tag k="highway" v="footway"/>
 </way>
 <way id="564714781" visible="true" version="2" changeset="169868828" timestamp="2025-08-02T15:39:35Z" user="Alexis04132" uid="20509407">
  <nd ref="13043148759"/>
  <nd ref="5440189630"/>
  <nd ref="280886093"/>
  <nd ref="13043148760"/>
  <tag k="crossing" v="traffic_signals"/>
  <tag k="crossing_ref" v="zebra"/>
  <tag k="footway" v="crossing"/>
  <tag k="highway" v="footway"/>
 </way>
 <way id="577223386" visible="true" version="14" changeset="173976017" timestamp="2025-10-30T13:17:09Z" user="SerPe1976" uid="23449513">
  <nd ref="280803759"/>
  <nd ref="13045376319"/>
  <nd ref="280804722"/>
  <nd ref="280803621"/>
  <nd ref="13043154234"/>
  <nd ref="13043154231"/>
  <nd ref="280804545"/>
  <nd ref="13043154226"/>
  <nd ref="280806249"/>
  <nd ref="13043148756"/>
  <nd ref="4462485147"/>
  <nd ref="317934029"/>
  <nd ref="280804206"/>
  <nd ref="13270276927"/>
  <nd ref="1108920208"/>
  <nd ref="7415293209"/>
  <nd ref="280886096"/>
  <nd ref="280803760"/>
  <nd ref="5440189647"/>
  <nd ref="280803761"/>
  <tag k="cycleway:both" v="no"/>
  <tag k="highway" v="unclassified"/>
  <tag k="lanes" v="2"/>
  <tag k="lit" v="yes"/>
  <tag k="maxspeed:type" v="IT:urban"/>
  <tag k="name" v="Via Martin Luther King"/>
  <tag k="name:etymology:wikidata" v="Q8027"/>
  <tag k="sidewalk" v="both"/>
  <tag k="surface" v="asphalt"/>
 </way>
 <way id="792998735" visible="true" version="2" changeset="173975429" timestamp="2025-10-30T13:05:10Z" user="SerPe1976" uid="23449513">
  <nd ref="7415293209"/>
  <nd ref="13270237145"/>
  <nd ref="7415293208"/>
  <nd ref="7415293207"/>
  <nd ref="7415293214"/>
  <tag k="access" v="customers"/>
  <tag k="highway" v="service"/>
 </way>
 <way id="792998736" visible="true" version="2" changeset="179947755" timestamp="2026-03-16T11:55:04Z" user="cartop" uid="4467890">
  <nd ref="339222319"/>
  <nd ref="7415293208"/>
  <nd ref="7415293211"/>
  <nd ref="339222321"/>
  <nd ref="339222320"/>
  <nd ref="339222319"/>
  <tag k="addr:street" v="Via Martin Luther King"/>
  <tag k="amenity" v="recycling"/>
  <tag k="barrier" v="fence"/>
  <tag k="name" v="Centro raccolta AMIU"/>
  <tag k="operator" v="AMIU Bari"/>
  <tag k="recycling:books" v="yes"/>
  <tag k="recycling:cans" v="yes"/>
  <tag k="recycling:cardboard" v="yes"/>
  <tag k="recycling:cartons" v="yes"/>
  <tag k="recycling:clothes" v="yes"/>
  <tag k="recycling:electrical_appliances" v="yes"/>
  <tag k="recycling:newspaper" v="yes"/>
  <tag k="recycling:small_appliances" v="yes"/>
  <tag k="recycling_type" v="centre"/>
 </way>
 <way id="1223049030" visible="true" version="2" changeset="153111628" timestamp="2024-06-24T13:01:45Z" user="Alexis04132" uid="20509407">
  <nd ref="4456253193"/>
  <nd ref="2625108830"/>
  <nd ref="5440189630"/>
  <nd ref="317934029"/>
  <nd ref="5440189629"/>
  <nd ref="12006425619"/>
  <nd ref="5440189641"/>
  <nd ref="12006425627"/>
  <tag k="cycleway:right" v="no"/>
  <tag k="highway" v="tertiary"/>
  <tag k="name" v="Viale Luigi De Laurentis"/>
  <tag k="oneway" v="yes"/>
  <tag k="surface" v="asphalt"/>
 </way>
 <way id="1259480284" visible="true" version="2" changeset="169898598" timestamp="2025-08-03T10:59:22Z" user="Alexis04132" uid="20509407">
  <nd ref="11709021770"/>
  <nd ref="4184582813"/>
  <nd ref="4184582872"/>
  <nd ref="11709021771"/>
  <nd ref="11709021772"/>
  <nd ref="11709021773"/>
  <nd ref="11709021774"/>
  <nd ref="11709021775"/>
  <nd ref="11709021776"/>
  <nd ref="11709021777"/>
  <nd ref="11709021778"/>
  <nd ref="4184583696"/>
  <nd ref="4184584038"/>
  <nd ref="4184584949"/>
  <nd ref="4184585178"/>
  <nd ref="11709021779"/>
  <nd ref="11709021780"/>
  <nd ref="11709021781"/>
  <nd ref="11709021782"/>
  <nd ref="11709021783"/>
  <nd ref="11709021785"/>
  <nd ref="4184584240"/>
  <nd ref="4184584082"/>
  <nd ref="11709021784"/>
  <nd ref="11709021770"/>
  <tag k="landuse" v="residential"/>
 </way>
 <way id="1259480289" visible="true" version="4" changeset="179947616" timestamp="2026-03-16T11:52:58Z" user="cartop" uid="4467890">
  <nd ref="11709021832"/>
  <nd ref="11709021854"/>
  <nd ref="12006313956"/>
  <nd ref="11709021855"/>
  <nd ref="11709081679"/>
  <nd ref="11709021831"/>
  <nd ref="11709021832"/>
  <tag k="amenity" v="school"/>
  <tag k="barrier" v="fence"/>
  <tag k="name" v="Scuola secondaria di primo grado &quot;Tommaso Fiore&quot;"/>
 </way>
 <way id="1259485412" visible="true" version="4" changeset="169869011" timestamp="2025-08-02T15:45:03Z" user="Alexis04132" uid="20509407">
  <nd ref="11709081707"/>
  <nd ref="11709081708"/>
  <nd ref="11709081709"/>
  <nd ref="11709081710"/>
  <nd ref="11709081711"/>
  <nd ref="11709081712"/>
  <nd ref="11709081713"/>
  <nd ref="11709081714"/>
  <nd ref="11709081715"/>
  <nd ref="11709081716"/>
  <nd ref="11709081717"/>
  <nd ref="11709081718"/>
  <nd ref="11709081719"/>
  <nd ref="11709081720"/>
  <nd ref="11709081721"/>
  <nd ref="11709081722"/>
  <nd ref="13043154236"/>
  <nd ref="11709081698"/>
  <nd ref="13043154233"/>
  <nd ref="13043154230"/>
  <nd ref="13043154228"/>
  <nd ref="13043154225"/>
  <nd ref="11709081699"/>
  <nd ref="13043148755"/>
  <nd ref="13043148758"/>
  <nd ref="11709081697"/>
  <nd ref="11709081723"/>
  <nd ref="11709081695"/>
  <nd ref="11957804723"/>
  <nd ref="11709081694"/>
  <nd ref="11709081693"/>
  <nd ref="11709081692"/>
  <nd ref="11709081691"/>
  <nd ref="13043154242"/>
  <nd ref="11709081690"/>
  <nd ref="11709081689"/>
  <nd ref="1784654340"/>
  <nd ref="11709081688"/>
  <nd ref="13043154239"/>
  <nd ref="11709081700"/>
  <nd ref="11709081701"/>
  <nd ref="11709081702"/>
  <nd ref="11709081703"/>
  <nd ref="11709081704"/>
  <nd ref="11709081705"/>
  <nd ref="11709081706"/>
  <nd ref="11709081707"/>
  <tag k="footway" v="sidewalk"/>
  <tag k="highway" v="footway"/>
 </way>
 <way id="1295706193" visible="true" version="1" changeset="153110145" timestamp="2024-06-24T12:29:06Z" user="Alexis04132" uid="20509407">
  <nd ref="12006355123"/>
  <nd ref="12006355124"/>
  <nd ref="12006355125"/>
  <nd ref="12006355127"/>
  <nd ref="12006355128"/>
  <nd ref="4184587375"/>
  <nd ref="12006355129"/>
  <nd ref="12006355130"/>
  <nd ref="4184592699"/>
  <nd ref="12006355126"/>
  <nd ref="12006355123"/>
  <tag k="landuse" v="residential"/>
 </way>
 <way id="1295713307" visible="true" version="2" changeset="179947667" timestamp="2026-03-16T11:53:47Z" user="cartop" uid="4467890">
  <nd ref="12006313954"/>
  <nd ref="12006313955"/>
  <nd ref="12006313956"/>
  <nd ref="11709021854"/>
  <nd ref="12006313954"/>
  <tag k="amenity" v="kindergarten"/>
  <tag k="barrier" v="fence"/>
  <tag k="name" v="Scuola dell'Infanzia &quot;Martin Luther King&quot;"/>
 </way>
 <way id="1296146107" visible="true" version="1" changeset="153176890" timestamp="2024-06-25T21:48:08Z" user="Alexis04132" uid="20509407">
  <nd ref="12010347858"/>
  <nd ref="12010347859"/>
  <nd ref="12010347860"/>
  <nd ref="12010347861"/>
  <nd ref="12010347858"/>
  <tag k="landuse" v="residential"/>
 </way>
 <way id="1296332500" visible="true" version="1" changeset="153196933" timestamp="2024-06-26T10:54:02Z" user="Alexis04132" uid="20509407">
  <nd ref="12012171059"/>
  <nd ref="12012171060"/>
  <nd ref="12012171061"/>
  <nd ref="12012195775"/>
  <nd ref="12012195776"/>
  <nd ref="12012195777"/>
  <nd ref="12012195778"/>
  <nd ref="12012195779"/>
  <nd ref="12012171062"/>
  <nd ref="12012195781"/>
  <nd ref="12012171063"/>
  <nd ref="12012171064"/>
  <nd ref="12012171065"/>
  <nd ref="12012195773"/>
  <nd ref="12012171066"/>
  <nd ref="12012195772"/>
  <nd ref="12012195771"/>
  <nd ref="12012195770"/>
  <nd ref="12012195769"/>
  <nd ref="12012171068"/>
  <nd ref="12012171067"/>
  <nd ref="12012171059"/>
  <tag k="landuse" v="residential"/>
 </way>
 <way id="1296332501" visible="true" version="1" changeset="153196933" timestamp="2024-06-26T10:54:02Z" user="Alexis04132" uid="20509407">
  <nd ref="12012195774"/>
  <nd ref="12012195772"/>
  <nd ref="12012171066"/>
  <nd ref="12012195773"/>
  <nd ref="12012195774"/>
  <tag k="amenity" v="kindergarten"/>
  <tag k="name" v="Scuola Materna &quot;John Fitzgerald Kennedy&quot;"/>
  <tag k="preschool" v="yes"/>
 </way>
 <way id="1296332502" visible="true" version="1" changeset="153196933" timestamp="2024-06-26T10:54:02Z" user="Alexis04132" uid="20509407">
  <nd ref="12012171061"/>
  <nd ref="12012195780"/>
  <nd ref="12012195781"/>
  <nd ref="12012171062"/>
  <nd ref="12012195779"/>
  <nd ref="12012195778"/>
  <nd ref="12012195777"/>
  <nd ref="12012195776"/>
  <nd ref="12012195775"/>
  <nd ref="12012171061"/>
  <tag k="landuse" v="commercial"/>
 </way>
 <way id="1303868604" visible="true" version="1" changeset="154435588" timestamp="2024-07-26T10:23:57Z" user="Alexis04132" uid="20509407">
  <nd ref="12074992393"/>
  <nd ref="12074992394"/>
  <nd ref="12074992395"/>
  <nd ref="12074992396"/>
  <nd ref="12074992397"/>
  <nd ref="12074992398"/>
  <nd ref="12074992399"/>
  <nd ref="12074992400"/>
  <nd ref="12074992401"/>
  <nd ref="12074992402"/>
  <nd ref="12074992403"/>
  <nd ref="12074992404"/>
  <nd ref="12074992405"/>
  <nd ref="12074992406"/>
  <nd ref="12074992393"/>
  <tag k="landuse" v="residential"/>
 </way>
 <way id="1303869457" visible="true" version="1" changeset="154435795" timestamp="2024-07-26T10:29:27Z" user="Alexis04132" uid="20509407">
  <nd ref="12075042718"/>
  <nd ref="12075042719"/>
  <nd ref="12075042720"/>
  <nd ref="12075042721"/>
  <nd ref="12075042722"/>
  <nd ref="4184585373"/>
  <nd ref="4184585329"/>
  <nd ref="4184585603"/>
  <nd ref="4184585612"/>
  <nd ref="4184585668"/>
  <nd ref="4184585839"/>
  <nd ref="4184585930"/>
  <nd ref="4184585988"/>
  <nd ref="4184586828"/>
  <nd ref="12075042723"/>
  <nd ref="12075042724"/>
  <nd ref="12075042725"/>
  <nd ref="12075042726"/>
  <nd ref="12075042727"/>
  <nd ref="12075042728"/>
  <nd ref="2625109161"/>
  <nd ref="2625109103"/>
  <nd ref="12075042729"/>
  <nd ref="12075042730"/>
  <nd ref="12075042718"/>
  <tag k="landuse" v="residential"/>
 </way>
 <way id="1325507487" visible="true" version="1" changeset="158068665" timestamp="2024-10-18T21:31:55Z" user="Alexis04132" uid="20509407">
  <nd ref="12264647015"/>
  <nd ref="12264647016"/>
  <nd ref="12264647017"/>
  <nd ref="12264647018"/>
  <nd ref="12264647019"/>
  <nd ref="12264647020"/>
  <nd ref="12264647021"/>
  <nd ref="12264647022"/>
  <nd ref="12264647023"/>
  <nd ref="12264647015"/>
  <tag k="landuse" v="residential"/>
 </way>
 <way id="1353218330" visible="true" version="1" changeset="161613151" timestamp="2025-01-21T19:33:04Z" user="Alexis04132" uid="20509407">
  <nd ref="12006313954"/>
  <nd ref="917028500"/>
  <nd ref="1518076107"/>
  <nd ref="1518076170"/>
  <nd ref="1518076242"/>
  <nd ref="1518076256"/>
  <nd ref="12521230283"/>
  <nd ref="11709081682"/>
  <nd ref="12521230284"/>
  <nd ref="12006313956"/>
  <nd ref="12006313955"/>
  <nd ref="12006313954"/>
  <tag k="landuse" v="farmland"/>
 </way>
 <way id="1355997698" visible="true" version="1" changeset="162023247" timestamp="2025-02-01T19:22:32Z" user="Alexis04132" uid="20509407">
  <nd ref="4184585846"/>
  <nd ref="12549581335"/>
  <nd ref="12549581336"/>
  <nd ref="12549581337"/>
  <nd ref="12549581338"/>
  <nd ref="4184587521"/>
  <nd ref="4184586361"/>
  <nd ref="4184586355"/>
  <nd ref="4184585936"/>
  <nd ref="4184585866"/>
  <nd ref="4184585846"/>
  <tag k="landuse" v="residential"/>
 </way>
 <way id="1419398528" visible="true" version="1" changeset="169868828" timestamp="2025-08-02T15:39:35Z" user="Alexis04132" uid="20509407">
  <nd ref="13043148747"/>
  <nd ref="13043148751"/>
  <nd ref="13043148748"/>
  <nd ref="13043148754"/>
  <nd ref="13043148757"/>
  <nd ref="13043148749"/>
  <nd ref="13043148759"/>
  <nd ref="13043148761"/>
  <nd ref="13043148750"/>
  <nd ref="13043148763"/>
  <nd ref="13043148747"/>
  <tag k="footway" v="sidewalk"/>
  <tag k="highway" v="footway"/>
 </way>
 <way id="1419398529" visible="true" version="1" changeset="169868828" timestamp="2025-08-02T15:39:35Z" user="Alexis04132" uid="20509407">
  <nd ref="13043148751"/>
  <nd ref="13043148753"/>
  <nd ref="13043148752"/>
  <tag k="crossing" v="uncontrolled"/>
  <tag k="crossing:markings" v="yes"/>
  <tag k="footway" v="crossing"/>
  <tag k="highway" v="footway"/>
 </way>
 <way id="1419398530" visible="true" version="1" changeset="169868828" timestamp="2025-08-02T15:39:35Z" user="Alexis04132" uid="20509407">
  <nd ref="13043148754"/>
  <nd ref="13043148756"/>
  <nd ref="13043148755"/>
  <tag k="crossing" v="uncontrolled"/>
  <tag k="crossing:markings" v="yes"/>
  <tag k="footway" v="crossing"/>
  <tag k="highway" v="footway"/>
 </way>
 <way id="1419398531" visible="true" version="1" changeset="169868828" timestamp="2025-08-02T15:39:35Z" user="Alexis04132" uid="20509407">
  <nd ref="13043148757"/>
  <nd ref="4462485147"/>
  <nd ref="13043148758"/>
  <tag k="crossing" v="traffic_signals"/>
  <tag k="footway" v="crossing"/>
  <tag k="highway" v="footway"/>
 </way>
 <way id="1419398532" visible="true" version="1" changeset="169868828" timestamp="2025-08-02T15:39:35Z" user="Alexis04132" uid="20509407">
  <nd ref="13043148761"/>
  <nd ref="2625108830"/>
  <nd ref="2625108827"/>
  <nd ref="13043148762"/>
  <tag k="crossing" v="traffic_signals"/>
  <tag k="footway" v="crossing"/>
  <tag k="highway" v="footway"/>
 </way>
 <way id="1419398533" visible="true" version="1" changeset="169868828" timestamp="2025-08-02T15:39:35Z" user="Alexis04132" uid="20509407">
  <nd ref="13043148763"/>
  <nd ref="13043148765"/>
  <nd ref="2625108943"/>
  <nd ref="13043148764"/>
  <tag k="crossing" v="traffic_signals"/>
  <tag k="footway" v="crossing"/>
  <tag k="highway" v="footway"/>
 </way>
 <way id="1419611430" visible="true" version="1" changeset="169898598" timestamp="2025-08-03T10:59:22Z" user="Alexis04132" uid="20509407">
  <nd ref="13045376305"/>
  <nd ref="13045376321"/>
  <nd ref="13045376306"/>
  <nd ref="13045376317"/>
  <nd ref="13045376309"/>
  <nd ref="13045376310"/>
  <nd ref="13045376311"/>
  <nd ref="13045376312"/>
  <nd ref="13045376313"/>
  <nd ref="13045376314"/>
  <nd ref="13043154232"/>
  <nd ref="13043154229"/>
  <nd ref="13043154227"/>
  <nd ref="13043154224"/>
  <nd ref="13045376307"/>
  <nd ref="13045376308"/>
  <nd ref="13045376316"/>
  <nd ref="13045376315"/>
  <nd ref="13045376305"/>
  <tag k="footway" v="sidewalk"/>
  <tag k="highway" v="footway"/>
 </way>
 <way id="1446238372" visible="true" version="1" changeset="173966007" timestamp="2025-10-30T09:34:58Z" user="SerPe1976" uid="23449513">
  <nd ref="13269888467"/>
  <nd ref="13269888468"/>
  <nd ref="13269888469"/>
  <nd ref="13269888470"/>
  <nd ref="13043148762"/>
  <nd ref="13269888471"/>
  <nd ref="13269888473"/>
  <nd ref="13269888474"/>
  <nd ref="13269888475"/>
  <nd ref="13269888477"/>
  <nd ref="11516310161"/>
  <nd ref="11516310162"/>
  <nd ref="13269888472"/>
  <nd ref="13269888467"/>
  <tag k="bicycle" v="no"/>
  <tag k="footway" v="sidewalk"/>
  <tag k="highway" v="footway"/>
  <tag k="horse" v="no"/>
  <tag k="incline" v="0%"/>
  <tag k="surface" v="paved"/>
 </way>
 <way id="1446238373" visible="true" version="1" changeset="173966007" timestamp="2025-10-30T09:34:58Z" user="SerPe1976" uid="23449513">
  <nd ref="13269888476"/>
  <nd ref="13269888480"/>
  <nd ref="13269888478"/>
  <nd ref="13269888479"/>
  <nd ref="13269888477"/>
  <tag k="crossing" v="uncontrolled"/>
  <tag k="crossing:markings" v="zebra"/>
  <tag k="footway" v="crossing"/>
  <tag k="highway" v="footway"/>
  <tag k="surface" v="asphalt"/>
 </way>
 <way id="1446238374" visible="true" version="1" changeset="173966007" timestamp="2025-10-30T09:34:58Z" user="SerPe1976" uid="23449513">
  <nd ref="13269888481"/>
  <nd ref="2625108933"/>
  <nd ref="2625108869"/>
  <nd ref="13269888471"/>
  <tag k="crossing" v="traffic_signals"/>
  <tag k="crossing:markings" v="zebra"/>
  <tag k="footway" v="crossing"/>
  <tag k="highway" v="footway"/>
  <tag k="surface" v="asphalt"/>
  <tag k="traffic_signals:sound" v="no"/>
 </way>
 <way id="1446277819" visible="true" version="2" changeset="173976017" timestamp="2025-10-30T13:17:09Z" user="SerPe1976" uid="23449513">
  <nd ref="13270237142"/>
  <nd ref="13270237146"/>
  <nd ref="5395558208"/>
  <nd ref="13270237143"/>
  <nd ref="13270237149"/>
  <nd ref="1518076268"/>
  <nd ref="11709081696"/>
  <nd ref="13270237150"/>
  <nd ref="11709081724"/>
  <nd ref="13270237144"/>
  <nd ref="13270276925"/>
  <nd ref="13270237145"/>
  <nd ref="13270237142"/>
  <tag k="footway" v="sidewalk"/>
  <tag k="highway" v="footway"/>
 </way>
 <way id="1446280144" visible="true" version="1" changeset="173976017" timestamp="2025-10-30T13:17:09Z" user="SerPe1976" uid="23449513">
  <nd ref="13270276925"/>
  <nd ref="13270276927"/>
  <nd ref="13270276926"/>
  <tag k="crossing" v="traffic_signals"/>
  <tag k="crossing:markings" v="yes"/>
  <tag k="footway" v="crossing"/>
  <tag k="highway" v="footway"/>
 </way>
 <way id="1446280145" visible="true" version="1" changeset="173976017" timestamp="2025-10-30T13:17:09Z" user="SerPe1976" uid="23449513">
  <nd ref="13269888470"/>
  <nd ref="13043148760"/>
  <nd ref="13270276928"/>
  <nd ref="13270276926"/>
  <nd ref="13270276929"/>
  <tag k="bicycle" v="no"/>
  <tag k="footway" v="sidewalk"/>
  <tag k="highway" v="footway"/>
  <tag k="horse" v="no"/>
  <tag k="surface" v="paved"/>
 </way>
 <way id="1446281298" visible="true" version="1" changeset="173976325" timestamp="2025-10-30T13:24:01Z" user="SerPe1976" uid="23449513">
  <nd ref="13270291154"/>
  <nd ref="13270291155"/>
  <tag k="bicycle" v="no"/>
  <tag k="footway" v="sidewalk"/>
  <tag k="highway" v="footway"/>
  <tag k="horse" v="no"/>
  <tag k="surface" v="paved"/>
 </way>
 <way id="1446281299" visible="true" version="1" changeset="173976325" timestamp="2025-10-30T13:24:01Z" user="SerPe1976" uid="23449513">
  <nd ref="13270276929"/>
  <nd ref="13270291156"/>
  <nd ref="13270291154"/>
  <tag k="crossing" v="unmarked"/>
  <tag k="crossing:markings" v="no"/>
  <tag k="footway" v="crossing"/>
  <tag k="highway" v="footway"/>
 </way>
 <way id="1446281300" visible="true" version="1" changeset="173976325" timestamp="2025-10-30T13:24:01Z" user="SerPe1976" uid="23449513">
  <nd ref="13270291155"/>
  <nd ref="13270291157"/>
  <nd ref="13269888468"/>
  <tag k="crossing" v="unmarked"/>
  <tag k="crossing:markings" v="no"/>
  <tag k="footway" v="crossing"/>
  <tag k="highway" v="footway"/>
 </way>
 <way id="1446281980" visible="true" version="4" changeset="173978659" timestamp="2025-10-30T14:10:48Z" user="SerPe1976" uid="23449513">
  <nd ref="13270301109"/>
  <nd ref="13269888476"/>
  <nd ref="13270331630"/>
  <nd ref="13270342481"/>
  <nd ref="13269888481"/>
  <nd ref="13270301110"/>
  <nd ref="13270347959"/>
  <tag k="footway" v="sidewalk"/>
  <tag k="highway" v="footway"/>
 </way>
 <way id="1446281981" visible="true" version="1" changeset="173976554" timestamp="2025-10-30T13:28:51Z" user="SerPe1976" uid="23449513">
  <nd ref="13270301109"/>
  <nd ref="13270301111"/>
  <nd ref="13270301107"/>
  <tag k="crossing" v="uncontrolled"/>
  <tag k="crossing:markings" v="zebra"/>
  <tag k="footway" v="crossing"/>
  <tag k="highway" v="footway"/>
  <tag k="surface" v="asphalt"/>
 </way>
 <way id="1446286356" visible="true" version="1" changeset="173977869" timestamp="2025-10-30T13:52:01Z" user="SerPe1976" uid="23449513">
  <nd ref="13270331626"/>
  <nd ref="13270331630"/>
  <nd ref="13270331631"/>
  <nd ref="13270331627"/>
  <nd ref="13270331628"/>
  <nd ref="13270331629"/>
  <tag k="access" v="private"/>
  <tag k="highway" v="service"/>
  <tag k="service" v="driveway"/>
 </way>
 <way id="1446286911" visible="true" version="2" changeset="173978659" timestamp="2025-10-30T14:10:48Z" user="SerPe1976" uid="23449513">
  <nd ref="13270342479"/>
  <nd ref="13270342481"/>
  <nd ref="13270347958"/>
  <nd ref="13270342480"/>
  <tag k="access" v="private"/>
  <tag k="highway" v="service"/>
  <tag k="service" v="driveway"/>
 </way>
 <way id="1446290571" visible="true" version="1" changeset="173978659" timestamp="2025-10-30T14:10:48Z" user="SerPe1976" uid="23449513">
  <nd ref="13270347955"/>
  <nd ref="13270347962"/>
  <nd ref="13270347957"/>
  <nd ref="13270342480"/>
  <nd ref="13270347956"/>
  <tag k="access" v="private"/>
  <tag k="highway" v="service"/>
 </way>
 <way id="1446290572" visible="true" version="1" changeset="173978659" timestamp="2025-10-30T14:10:48Z" user="SerPe1976" uid="23449513">
  <nd ref="13270347960"/>
  <nd ref="13270347961"/>
  <tag k="footway" v="sidewalk"/>
  <tag k="highway" v="footway"/>
 </way>
 <way id="1446290573" visible="true" version="1" changeset="173978659" timestamp="2025-10-30T14:10:48Z" user="SerPe1976" uid="23449513">
  <nd ref="13270347959"/>
  <nd ref="13270347962"/>
  <nd ref="13270347960"/>
  <tag k="crossing" v="unmarked"/>
  <tag k="crossing:markings" v="no"/>
  <tag k="footway" v="crossing"/>
  <tag k="highway" v="footway"/>
  <tag k="surface" v="asphalt"/>
 </way>
 <way id="1446290574" visible="true" version="1" changeset="173978659" timestamp="2025-10-30T14:10:48Z" user="SerPe1976" uid="23449513">
  <nd ref="13270347963"/>
  <nd ref="13270347964"/>
  <tag k="footway" v="sidewalk"/>
  <tag k="highway" v="footway"/>
 </way>
 <way id="1446290575" visible="true" version="1" changeset="173978659" timestamp="2025-10-30T14:10:48Z" user="SerPe1976" uid="23449513">
  <nd ref="13270347961"/>
  <nd ref="13270347963"/>
  <tag k="crossing" v="unmarked"/>
  <tag k="crossing:markings" v="no"/>
  <tag k="footway" v="crossing"/>
  <tag k="highway" v="footway"/>
  <tag k="surface" v="asphalt"/>
 </way>
 <relation id="6212795" visible="true" version="3" changeset="175155853" timestamp="2025-11-26T13:52:03Z" user="SerPe1976" uid="23449513">
  <member type="way" ref="417997055" role="outer"/>
  <member type="way" ref="417996525" role="inner"/>
  <tag k="addr:city" v="Bari"/>
  <tag k="addr:housenumber" v="50"/>
  <tag k="addr:postcode" v="70124"/>
  <tag k="addr:street" v="Viale John Fitzgerald Kennedy"/>
  <tag k="building" v="yes"/>
  <tag k="building:levels" v="12"/>
  <tag k="type" v="multipolygon"/>
 </relation>
 <relation id="15898139" visible="true" version="1" changeset="136463102" timestamp="2023-05-23T15:45:43Z" user="_mrp_" uid="218322">
  <member type="way" ref="1175373548" role="from"/>
  <member type="node" ref="4456255422" role="via"/>
  <member type="way" ref="1175373548" role="to"/>
  <tag k="restriction" v="no_u_turn"/>
  <tag k="type" v="restriction"/>
 </relation>
 <relation id="15898140" visible="true" version="2" changeset="143947838" timestamp="2023-11-12T20:47:34Z" user="Alexis04132" uid="20509407">
  <member type="way" ref="1223054103" role="from"/>
  <member type="node" ref="4456255422" role="via"/>
  <member type="way" ref="1223054103" role="to"/>
  <tag k="restriction" v="no_u_turn"/>
  <tag k="type" v="restriction"/>
 </relation>
</osm>
